id,period,subject,municipality,settlement,oktmo,water_body,indicator,hazard_class,cnt_cases,value_min,value_max,unit,indicator,pdk_hazard_class,pdk_value,date_start,date_end,ingredient_npa,in_period,concentration_mg_l
18,2008-01-31,Свердловская область,муниципальное образование «город Екатеринбург»,г. Екатеринбург,65701000001,р. Исеть,Взвешенные вещества,0,1,110.0,110.0,ПДК,,,,,,,,
33,2008-02-29,Вологодская область,Сокольский район,г. Сокол,19638101001,р. Пельшма,БПК5,0,1,27.0,27.0,ПДК,,,,,,,,
56,2008-02-29,Свердловская область,муниципальное образование «город Екатеринбург»,г. Екатеринбург,65701000001,р. Исеть,Взвешенные вещества,0,1,163.0,163.0,ПДК,,,,,,,,
77,2008-03-31,Вологодская область,Сокольский район,г. Сокол,19638101001,р. Пельшма,БПК5,0,1,31.0,31.0,ПДК,,,,,,,,
131,2008-04-30,Курганская область,Звериноголовский район,с. Звериноголовское,37609418101,р. Тобол,Взвешенные вещества,0,1,65.0,65.0,ПДК,,,,,,,,
146,2008-04-30,Пермский край,Пермь,г. Пермь,57701000001,вдхр. Воткинское,Взвешенные вещества,0,1,645.0,645.0,ПДК,,,,,,,,
147,2008-04-30,Пермский край,Пермь,г. Пермь,57701000001,вдхр. Камское,Взвешенные вещества,0,1,75.0,75.0,ПДК,,,,,,,,
148,2008-04-30,Пермский край,Чернушинский район,г. Чернушка,57757000001,р. Быстрый Танып,Взвешенные вещества,0,1,90.0,90.0,ПДК,,,,,,,,
149,2008-04-30,Пермский край,Кудымкар,г. Кудымкар,57851000001,р. Иньва,Взвешенные вещества,0,1,52.0,52.0,ПДК,,,,,,,,
153,2008-04-30,Пермский край,Лысьва,г. Лысьва,57726000001,р. Лысьва,Взвешенные вещества,0,1,62.0,62.0,ПДК,,,,,,,,
154,2008-04-30,Пермский край,Карагайский район,с. Рождественск,57622434101,р. Обва,Взвешенные вещества,0,1,58.0,58.0,ПДК,,,,,,,,
157,2008-04-30,Пермский край,Кунгур,г. Кунгур,57722000001,р. Сылва,Взвешенные вещества,0,1,178.0,178.0,ПДК,,,,,,,,
158,2008-04-30,Пермский край,Кунгур,г. Кунгур,57722000001,р. Сылва,Взвешенные вещества,0,1,145.0,145.0,ПДК,,,,,,,,
161,2008-04-30,Свердловская область,муниципальное образование «город Екатеринбург»,г. Екатеринбург,65701000001,р. Исеть,Взвешенные вещества,0,1,71.0,71.0,ПДК,,,,,,,,
162,2008-04-30,Свердловская область,Белоярский городской округ,с. Колюткино,65706000201,р. Исеть,Взвешенные вещества,0,1,51.0,51.0,ПДК,,,,,,,,
165,2008-04-30,Свердловская область,Берёзовский городской округ,г. Березовский,65731000001,р. Пышма,Взвешенные вещества,0,1,59.0,59.0,ПДК,,,,,,,,
167,2008-04-30,Свердловская область,Камышловский городской округ,г. Камышлов,65741000001,р. Пышма,Взвешенные вещества,0,1,114.0,114.0,ПДК,,,,,,,,
168,2008-04-30,Свердловская область,Талицкий городской округ,г. Талица,65724000001,р. Пышма,Взвешенные вещества,0,1,60.0,60.0,ПДК,,,,,,,,
169,2008-04-30,Свердловская область,Режевской городской округ,г. Реж,65720000001,р. Реж,Взвешенные вещества,0,1,116.0,116.0,ПДК,,,,,,,,
170,2008-04-30,Свердловская область,Далматовский район,с. Першинское,37608467101,р. Теча,Взвешенные вещества,0,1,99.0,99.0,ПДК,,,,,,,,
180,2008-04-30,Удмуртская Республика,Граховский,с. Грахово,94612422101,р. Адамка,Взвешенные вещества,0,1,117.0,117.0,ПДК,,,,,,,,
181,2008-04-30,Удмуртская Республика,Граховский,с. Грахово,94612422101,р. Адамка,Взвешенные вещества,0,1,249.0,249.0,ПДК,,,,,,,,
182,2008-04-30,Удмуртская Республика,Граховский,с. Грахово,94612422101,р. Адамка,Взвешенные вещества,0,1,464.0,464.0,ПДК,,,,,,,,
183,2008-04-30,Удмуртская Республика,Сарапул,г. Сарапул,94740000001,р. Кама,Взвешенные вещества,0,1,139.0,139.0,ПДК,,,,,,,,
184,2008-04-30,Удмуртская Республика,Сарапул,г. Сарапул,94740000001,р. Кама,Взвешенные вещества,0,1,84.0,84.0,ПДК,,,,,,,,
185,2008-04-30,Удмуртская Республика,Игринский,п. Игра,94618415101,р. Лоза,Взвешенные вещества,0,1,115.0,115.0,ПДК,,,,,,,,
186,2008-04-30,Удмуртская Республика,Воткинский,д. Гавриловка,94608420101,р. Сива,Взвешенные вещества,0,1,206.0,206.0,ПДК,,,,,,,,
187,2008-04-30,Удмуртская Республика,Воткинский,д. Гавриловка,94608420101,р. Сива,Взвешенные вещества,0,1,53.0,53.0,ПДК,,,,,,,,
188,2008-04-30,Удмуртская Республика,Воткинский,д. Гавриловка,94608420101,р. Сива,Взвешенные вещества,0,1,181.0,181.0,ПДК,,,,,,,,
189,2008-04-30,Удмуртская Республика,Глазов,г. Глазов,94720000001,р. Чепца,Взвешенные вещества,0,1,80.0,80.0,ПДК,,,,,,,,
190,2008-04-30,Удмуртская Республика,Кезский,с. Полом,94624455101,р. Чепца,Взвешенные вещества,0,1,83.0,83.0,ПДК,,,,,,,,
197,2008-05-31,Курганская область,Шадринск,г. Шадринск,37705000001,р. Исеть,Взвешенные вещества,0,1,175.0,175.0,ПДК,,,,,,,,
198,2008-05-31,Курганская область,Шадринск,г. Шадринск,37705000001,р. Исеть,Взвешенные вещества,0,1,58.0,58.0,ПДК,,,,,,,,
199,2008-05-31,Курганская область,Шатровский район,с. Мехонское,37640440101,р. Исеть,Взвешенные вещества,0,1,88.0,88.0,ПДК,,,,,,,,
200,2008-05-31,Курганская область,Далматовский район,с. Першинское,37608467101,р. Теча,Взвешенные вещества,0,1,70.0,70.0,ПДК,,,,,,,,
201,2008-05-31,Магаданская область,Ягоднинский,п. Оротукан,44722000071,р. Оротукан,Взвешенные вещества,0,1,204.0,204.0,ПДК,,,,,,,,
211,2008-05-31,Пермский край,Красновишерский район,г. Красновишерск,57760000001,р. Вишера,Взвешенные вещества,0,1,62.0,62.0,ПДК,,,,,,,,
214,2008-05-31,Пермский край,Чердынский район,г. Чердынь,57756000001,р. Колва,Взвешенные вещества,0,1,84.0,84.0,ПДК,,,,,,,,
216,2008-05-31,Пермский край,Чусовской район,г. Чусовой,57758000001,р. Чусовая,Взвешенные вещества,0,1,64.0,64.0,ПДК,,,,,,,,
217,2008-05-31,Пермский край,Красновишерский район,д. Нижняя Язьва,57760000286,р. Язьва,Взвешенные вещества,0,1,82.0,82.0,ПДК,,,,,,,,
221,2008-05-31,Свердловская область,муниципальное образование «город Екатеринбург»,г. Екатеринбург,65701000001,р. Исеть,Взвешенные вещества,0,1,100.0,100.0,ПДК,,,,,,,,
222,2008-05-31,Свердловская область,муниципальное образование «город Екатеринбург»,г. Екатеринбург,65701000001,р. Исеть,Взвешенные вещества,0,1,53.0,53.0,ПДК,,,,,,,,
223,2008-05-31,Свердловская область,город Каменск-Уральский,г. Каменск-Уральский,65740000001,р. Исеть,Взвешенные вещества,0,1,55.0,55.0,ПДК,,,,,,,,
224,2008-05-31,Свердловская область,город Каменск-Уральский,г. Каменск-Уральский,65740000001,р. Исеть,Взвешенные вещества,0,1,63.0,63.0,ПДК,,,,,,,,
225,2008-05-31,Свердловская область,город Каменск-Уральский,г. Каменск-Уральский,65740000001,р. Исеть,Взвешенные вещества,0,1,87.0,87.0,ПДК,,,,,,,,
226,2008-05-31,Свердловская область,Каменский городской округ,д. Бекленищева,65712000106,р. Исеть,Взвешенные вещества,0,1,72.0,72.0,ПДК,,,,,,,,
227,2008-05-31,Свердловская область,Белоярский городской округ,с. Колюткино,65706000201,р. Исеть,Взвешенные вещества,0,1,120.0,120.0,ПДК,,,,,,,,
232,2008-05-31,Свердловская область,Асбестовский городской округ,г. Асбест,65730000001,р. Островная,Взвешенные вещества,0,1,797.0,797.0,ПДК,,,,,,,,
233,2008-05-31,Свердловская область,Асбестовский городской округ,г. Асбест,65730000001,р. Островная,Взвешенные вещества,0,1,539.0,539.0,ПДК,,,,,,,,
234,2008-05-31,Свердловская область,Камышловский городской округ,г. Камышлов,65741000001,р. Пышма,Взвешенные вещества,0,1,73.0,73.0,ПДК,,,,,,,,
235,2008-05-31,Свердловская область,Талицкий городской округ,г. Талица,65724000001,р. Пышма,Взвешенные вещества,0,1,80.0,80.0,ПДК,,,,,,,,
236,2008-05-31,Свердловская область,Талицкий городской округ,г. Талица,65724000001,р. Пышма,Взвешенные вещества,0,1,99.0,99.0,ПДК,,,,,,,,
237,2008-05-31,Свердловская область,городской округ Верхотурский,г. Верхотурье,65709000001,р. Тура,Взвешенные вещества,0,1,66.0,66.0,ПДК,,,,,,,,
238,2008-05-31,Свердловская область,Полевской городской округ,с. Косой Брод,65754000151,р. Чусовая,Взвешенные вещества,0,1,94.0,94.0,ПДК,,,,,,,,
245,2008-05-31,Челябинская область,Целинный район,с. Усть-Уйское,37634448101,р. Уй,Взвешенные вещества,0,1,50.0,50.0,ПДК,,,,,,,,
248,2008-06-30,Курганская область,Шадринск,г. Шадринск,37705000001,р. Исеть,Взвешенные вещества,0,1,52.0,52.0,ПДК,,,,,,,,
263,2008-06-30,Свердловская область,город Каменск-Уральский,г. Каменск-Уральский,65740000001,р. Исеть,Взвешенные вещества,0,1,75.0,75.0,ПДК,,,,,,,,
264,2008-06-30,Свердловская область,город Каменск-Уральский,г. Каменск-Уральский,65740000001,р. Исеть,Взвешенные вещества,0,1,67.0,67.0,ПДК,,,,,,,,
265,2008-06-30,Свердловская область,город Каменск-Уральский,г. Каменск-Уральский,65740000001,р. Исеть,Взвешенные вещества,0,1,108.0,108.0,ПДК,,,,,,,,
266,2008-06-30,Свердловская область,Асбестовский городской округ,г. Асбест,65730000001,р. Островная,Взвешенные вещества,0,1,101.0,101.0,ПДК,,,,,,,,
267,2008-06-30,Свердловская область,Талицкий городской округ,г. Талица,65724000001,р. Пышма,Взвешенные вещества,0,1,85.0,85.0,ПДК,,,,,,,,
268,2008-06-30,Свердловская область,Талицкий городской округ,г. Талица,65724000001,р. Пышма,Взвешенные вещества,0,1,123.0,123.0,ПДК,,,,,,,,
272,2008-06-30,Хабаровский край,Хабаровский,с. Федоровка,8655443136,р. Березовая,БПК5,0,1,21.0,21.0,ПДК,,,,,,,,
278,2008-07-31,Курганская область,Шадринск,г. Шадринск,37705000001,р. Исеть,Взвешенные вещества,0,1,57.0,57.0,ПДК,,,,,,,,
279,2008-07-31,Курганская область,Шатровский район,с. Мехонское,37640440101,р. Исеть,Взвешенные вещества,0,1,67.0,67.0,ПДК,,,,,,,,
280,2008-07-31,Курганская область,Каргапольский район,рп. Каргаполье,37610151051,р. Миасс,Взвешенные вещества,0,1,84.0,84.0,ПДК,,,,,,,,
281,2008-07-31,Курганская область,Далматовский район,с. Першинское,37608467101,р. Теча,Взвешенные вещества,0,1,60.0,60.0,ПДК,,,,,,,,
294,2008-07-31,Свердловская область,муниципальное образование «город Екатеринбург»,г. Екатеринбург,65701000001,р. Исеть,Взвешенные вещества,0,1,52.0,52.0,ПДК,,,,,,,,
299,2008-07-31,Свердловская область,Невьянский городской округ,г. Невьянск,65714000001,р. Нейва,Взвешенные вещества,0,1,61.0,61.0,ПДК,,,,,,,,
300,2008-07-31,Свердловская область,Ирбитское муниципальное образование,г. Ирбит,65739000,р. Ница,Взвешенные вещества,0,1,52.0,52.0,ПДК,,,,,,,,
301,2008-07-31,Свердловская область,Ирбитское муниципальное образование,г. Ирбит,65739000,р. Ница,Взвешенные вещества,0,1,52.0,52.0,ПДК,,,,,,,,
302,2008-07-31,Свердловская область,Слободо-Туринский муниципальный район,с. Краснослободское,65639470191,р. Ница,Взвешенные вещества,0,1,71.0,71.0,ПДК,,,,,,,,
305,2008-07-31,Свердловская область,Талицкий городской округ,г. Талица,65724000001,р. Пышма,Взвешенные вещества,0,1,86.0,86.0,ПДК,,,,,,,,
306,2008-07-31,Свердловская область,Талицкий городской округ,г. Талица,65724000001,р. Пышма,Взвешенные вещества,0,1,86.0,86.0,ПДК,,,,,,,,
307,2008-07-31,Свердловская область,Талицкий городской округ,г. Талица,65724000001,р. Пышма,Взвешенные вещества,0,1,144.0,144.0,ПДК,,,,,,,,
308,2008-07-31,Свердловская область,Талицкий городской округ,г. Талица,65724000001,р. Пышма,Взвешенные вещества,0,1,144.0,144.0,ПДК,,,,,,,,
309,2008-07-31,Свердловская область,Туринский городской округ,г. Туринск,65726000001,р. Тура,Взвешенные вещества,0,1,77.0,77.0,ПДК,,,,,,,,
315,2008-08-31,Вологодская область,Сокольский район,г. Сокол,19638101001,р. Пельшма,БПК5,0,1,28.0,28.0,ПДК,,,,,,,,
327,2008-08-31,Свердловская область,Талицкий городской округ,г. Талица,65724000001,р. Пышма,Взвешенные вещества,0,1,136.0,136.0,ПДК,,,,,,,,
328,2008-08-31,Свердловская область,Талицкий городской округ,г. Талица,65724000001,р. Пышма,Взвешенные вещества,0,1,55.0,55.0,ПДК,,,,,,,,
335,2008-09-30,Магаданская область,Ягоднинский,п. Оротукан,44722000071,р. Оротукан,Взвешенные вещества,0,1,1419.0,1419.0,ПДК,,,,,,,,
347,2008-09-30,Свердловская область,муниципальное образование «город Екатеринбург»,г. Екатеринбург,65701000001,р. Исеть,Взвешенные вещества,0,1,54.0,54.0,ПДК,,,,,,,,
348,2008-09-30,Свердловская область,муниципальное образование «город Екатеринбург»,г. Екатеринбург,65701000001,р. Исеть,Взвешенные вещества,0,1,51.0,51.0,ПДК,,,,,,,,
349,2008-09-30,Свердловская область,город Каменск-Уральский,г. Каменск-Уральский,65740000001,р. Исеть,Взвешенные вещества,0,1,55.0,55.0,ПДК,,,,,,,,
350,2008-09-30,Свердловская область,Режевской городской округ,с. Першино,65720000236,р. Лозьва,Взвешенные вещества,0,1,61.0,61.0,ПДК,,,,,,,,
351,2008-09-30,Свердловская область,Талицкий городской округ,г. Талица,65724000001,р. Пышма,Взвешенные вещества,0,1,109.0,109.0,ПДК,,,,,,,,
352,2008-09-30,Свердловская область,Талицкий городской округ,г. Талица,65724000001,р. Пышма,Взвешенные вещества,0,1,53.0,53.0,ПДК,,,,,,,,
353,2008-09-30,Свердловская область,городской округ Верхотурский,с. Прокопьевская Салда,65709000346,р. Салда,Взвешенные вещества,0,1,57.0,57.0,ПДК,,,,,,,,
358,2008-09-30,Удмуртская Республика,Каракулинский,с. Каракулино,94622455101,вдхр. Нижнекамское,Взвешенные вещества,0,1,92.0,92.0,ПДК,,,,,,,,
359,2008-09-30,Удмуртская Республика,Граховский,с. Грахово,94612422101,р. Адамка,Взвешенные вещества,0,1,69.0,69.0,ПДК,,,,,,,,
391,2008-11-30,Пермский край,Красновишерский район,г. Красновишерск,57760000001,р. Вишера,Взвешенные вещества,0,1,147.0,147.0,ПДК,,,,,,,,
407,2008-11-30,Свердловская область,Талицкий городской округ,г. Талица,65724000001,р. Пышма,Взвешенные вещества,0,1,53.0,53.0,ПДК,,,,,,,,
420,2008-12-31,Свердловская область,муниципальное образование «город Екатеринбург»,г. Екатеринбург,65701000001,вдхр. Верхне-Исетское,Взвешенные вещества,0,1,261.0,261.0,ПДК,,,,,,,,
421,2008-12-31,Свердловская область,муниципальное образование «город Екатеринбург»,г. Екатеринбург,65701000001,р. Исеть,Взвешенные вещества,0,1,106.0,106.0,ПДК,,,,,,,,
423,2008-12-31,Свердловская область,Талицкий городской округ,г. Талица,65724000001,р. Пышма,Взвешенные вещества,0,1,100.0,100.0,ПДК,,,,,,,,
426,2009-01-31,Вологодская область,Сокольский район,г. Сокол,19638101001,р. Пельшма,БПК5,0,1,20.0,20.0,ПДК,,,,,,,,
441,2009-01-31,Свердловская область,муниципальное образование «город Екатеринбург»,г. Екатеринбург,65701000001,р. Исеть,Взвешенные вещества,0,1,155.0,155.0,ПДК,,,,,,,,
446,2009-01-31,Свердловская область,Берёзовский городской округ,г. Березовский,65731000001,р. Пышма,Взвешенные вещества,0,1,56.0,56.0,ПДК,,,,,,,,
451,2009-01-31,Свердловская область,городской округ Красноуфимск,г. Красноуфимск,65747000001,р. Уфа,Взвешенные вещества,0,1,94.0,94.0,ПДК,,,,,,,,
454,2009-02-28,Вологодская область,Сокольский район,г. Сокол,19638101001,р. Пельшма,БПК5,0,1,31.0,31.0,ПДК,,,,,,,,
470,2009-02-28,Пермский край,Лысьва,г. Лысьва,57726000001,р. Лысьва,Взвешенные вещества,0,1,69.0,69.0,ПДК,,,,,,,,
473,2009-02-28,Пермский край,Кунгур,г. Кунгур,57722000001,р. Сылва,Взвешенные вещества,0,1,55.0,55.0,ПДК,,,,,,,,
477,2009-02-28,Свердловская область,муниципальное образование «город Екатеринбург»,г. Екатеринбург,65701000001,вдхр. Верхне-Исетское,Взвешенные вещества,0,1,81.0,81.0,ПДК,,,,,,,,
478,2009-02-28,Свердловская область,муниципальное образование «город Екатеринбург»,г. Екатеринбург,65701000001,вдхр. Верхне-Исетское,Взвешенные вещества,0,1,107.0,107.0,ПДК,,,,,,,,
481,2009-02-28,Свердловская область,муниципальное образование «город Екатеринбург»,г. Екатеринбург,65701000001,р. Исеть,Взвешенные вещества,0,1,149.0,149.0,ПДК,,,,,,,,
486,2009-02-28,Свердловская область,городской округ Красноуфимск,г. Красноуфимск,65747000001,р. Уфа,Взвешенные вещества,0,1,62.0,62.0,ПДК,,,,,,,,
511,2009-03-31,Пермский край,Кунгур,г. Кунгур,57722000001,р. Сылва,Взвешенные вещества,0,1,59.0,59.0,ПДК,,,,,,,,
512,2009-03-31,Свердловская область,муниципальное образование «город Екатеринбург»,г. Екатеринбург,65701000001,вдхр. Верхне-Исетское,Взвешенные вещества,0,1,94.0,94.0,ПДК,,,,,,,,
515,2009-03-31,Свердловская область,муниципальное образование «город Екатеринбург»,г. Екатеринбург,65701000001,р. Исеть,Взвешенные вещества,0,1,165.0,165.0,ПДК,,,,,,,,
526,2009-03-31,Свердловская область,городской округ Красноуфимск,г. Красноуфимск,65747000001,р. Уфа,Взвешенные вещества,0,1,54.0,54.0,ПДК,,,,,,,,
540,2009-04-30,Курганская область,Шадринск,г. Шадринск,37705000001,р. Исеть,Взвешенные вещества,0,1,53.0,53.0,ПДК,,,,,,,,
541,2009-04-30,Курганская область,Каргапольский район,рп. Каргаполье,37610151051,р. Миасс,Взвешенные вещества,0,1,118.0,118.0,ПДК,,,,,,,,
542,2009-04-30,Курганская область,Далматовский район,с. Першинское,37608467101,р. Теча,Взвешенные вещества,0,1,66.0,66.0,ПДК,,,,,,,,
562,2009-04-30,Пермский край,Кунгур,г. Кунгур,57722000001,р. Сылва,Взвешенные вещества,0,1,89.0,89.0,ПДК,,,,,,,,
563,2009-04-30,Пермский край,Кунгур,г. Кунгур,57722000001,р. Сылва,Взвешенные вещества,0,1,113.0,113.0,ПДК,,,,,,,,
570,2009-04-30,Свердловская область,муниципальное образование «город Екатеринбург»,г. Екатеринбург,65701000001,р. Исеть,Взвешенные вещества,0,1,51.0,51.0,ПДК,,,,,,,,
593,2009-04-30,Удмуртская Республика,Граховский,с. Грахово,94612422101,р. Адамка,Взвешенные вещества,0,1,188.0,188.0,ПДК,,,,,,,,
594,2009-04-30,Удмуртская Республика,Граховский,с. Грахово,94612422101,р. Адамка,Взвешенные вещества,0,1,66.0,66.0,ПДК,,,,,,,,
595,2009-04-30,Удмуртская Республика,Сарапул,г. Сарапул,94740000001,р. Кама,Взвешенные вещества,0,1,175.0,175.0,ПДК,,,,,,,,
596,2009-04-30,Удмуртская Республика,Сарапул,г. Сарапул,94740000001,р. Кама,Взвешенные вещества,0,1,98.0,98.0,ПДК,,,,,,,,
597,2009-04-30,Удмуртская Республика,Игринский,п. Игра,94618415101,р. Лоза,Взвешенные вещества,0,1,136.0,136.0,ПДК,,,,,,,,
598,2009-04-30,Удмуртская Республика,Игринский,п. Игра,94618415101,р. Лоза,Взвешенные вещества,0,1,63.0,63.0,ПДК,,,,,,,,
599,2009-04-30,Удмуртская Республика,Глазов,г. Глазов,94720000001,р. Чепца,Взвешенные вещества,0,1,61.0,61.0,ПДК,,,,,,,,
600,2009-04-30,Удмуртская Республика,Кезский,с. Полом,94624455101,р. Чепца,Взвешенные вещества,0,1,214.0,214.0,ПДК,,,,,,,,
606,2009-05-31,Нижегородская область,Лысковский район,с. Семово,22640416171,р. Сундовик,Взвешенные вещества,0,1,64.0,64.0,ПДК,,,,,,,,
607,2009-05-31,Пермский край,Кудымкар,г. Кудымкар,57851000001,р. Иньва,Взвешенные вещества,0,1,65.0,65.0,ПДК,,,,,,,,
609,2009-05-31,Пермский край,Гайнский район,п. Гайны,57814405101,р. Кама,Взвешенные вещества,0,1,51.0,51.0,ПДК,,,,,,,,
613,2009-05-31,Пермский край,Губаха,г. Губаха,57717000001,р. Косьва,Взвешенные вещества,0,1,77.0,77.0,ПДК,,,,,,,,
615,2009-05-31,Пермский край,Кунгур,г. Кунгур,57722000001,р. Сылва,Взвешенные вещества,0,1,103.0,103.0,ПДК,,,,,,,,
616,2009-05-31,Пермский край,Кунгур,г. Кунгур,57722000001,р. Сылва,Взвешенные вещества,0,1,58.0,58.0,ПДК,,,,,,,,
622,2009-05-31,Свердловская область,муниципальное образование «город Екатеринбург»,г. Екатеринбург,65701000001,р. Исеть,Взвешенные вещества,0,1,82.0,82.0,ПДК,,,,,,,,
624,2009-05-31,Свердловская область,муниципальное образование «город Екатеринбург»,г. Екатеринбург,65701000001,р. Исеть,Взвешенные вещества,0,1,50.0,50.0,ПДК,,,,,,,,
625,2009-05-31,Свердловская область,город Каменск-Уральский,г. Каменск-Уральский,65740000001,р. Исеть,Взвешенные вещества,0,1,56.0,56.0,ПДК,,,,,,,,
626,2009-05-31,Свердловская область,город Каменск-Уральский,г. Каменск-Уральский,65740000001,р. Исеть,Взвешенные вещества,0,1,114.0,114.0,ПДК,,,,,,,,
627,2009-05-31,Свердловская область,Белоярский городской округ,с. Колюткино,65706000201,р. Исеть,Взвешенные вещества,0,1,65.0,65.0,ПДК,,,,,,,,
632,2009-05-31,Свердловская область,городской округ Красноуфимск,г. Красноуфимск,65747000001,р. Уфа,Взвешенные вещества,0,1,80.0,80.0,ПДК,,,,,,,,
633,2009-05-31,Свердловская область,городской округ Красноуфимск,г. Красноуфимск,65747000001,р. Уфа,Взвешенные вещества,0,1,81.0,81.0,ПДК,,,,,,,,
634,2009-05-31,Свердловская область,Нижнесергинский муниципальный район,г. Михайловск,65628104001,р. Уфа,Взвешенные вещества,0,1,53.0,53.0,ПДК,,,,,,,,
640,2009-05-31,Удмуртская Республика,Глазов,г. Глазов,94720000001,р. Чепца,Взвешенные вещества,0,1,121.0,121.0,ПДК,,,,,,,,
641,2009-05-31,Удмуртская Республика,Кезский,с. Полом,94624455101,р. Чепца,Взвешенные вещества,0,1,80.0,80.0,ПДК,,,,,,,,
653,2009-06-30,Мурманская область,Городской округ город Мурманск,г. Мурманск,47701000001,руч. Варничный,БПК5,0,1,27.0,27.0,ПДК,,,,,,,,
668,2009-06-30,Свердловская область,городской округ Заречный,г. Заречный,65737000001,вдхр. Белоярское,Взвешенные вещества,0,1,81.0,81.0,ПДК,,,,,,,,
674,2009-06-30,Свердловская область,Ирбитское муниципальное образование,г. Ирбит,65739000001,р. Ница,Взвешенные вещества,0,1,74.0,74.0,ПДК,,,,,,,,
675,2009-06-30,Свердловская область,Слободо-Туринский муниципальный район,с. Краснослободское,65639470191,р. Ница,Взвешенные вещества,0,1,86.0,86.0,ПДК,,,,,,,,
676,2009-06-30,Свердловская область,Камышловский городской округ,г. Камышлов,65741000001,р. Пышма,Взвешенные вещества,0,1,71.0,71.0,ПДК,,,,,,,,
677,2009-06-30,Свердловская область,городской округ Сухой Лог,г. Сухой Лог,65758000001,р. Пышма,Взвешенные вещества,0,1,72.0,72.0,ПДК,,,,,,,,
678,2009-06-30,Свердловская область,Талицкий городской округ,г. Талица,65724000001,р. Пышма,Взвешенные вещества,0,1,301.0,301.0,ПДК,,,,,,,,
679,2009-06-30,Свердловская область,Талицкий городской округ,г. Талица,65724000001,р. Пышма,Взвешенные вещества,0,1,138.0,138.0,ПДК,,,,,,,,
684,2009-06-30,Челябинская область,Целинный район,с. Усть-Уйское,37634448101,р. Уй,Взвешенные вещества,0,1,97.0,97.0,ПДК,,,,,,,,
690,2009-07-31,Курганская область,Шадринск,г. Шадринск,37705000001,р. Исеть,Взвешенные вещества,0,1,56.53,56.53,ПДК,,,,,,,,
691,2009-07-31,Курганская область,Шадринск,г. Шадринск,37705000001,р. Исеть,Взвешенные вещества,0,1,59.2,59.2,ПДК,,,,,,,,
692,2009-07-31,Курганская область,Шатровский район,с. Мехонское,37640440101,р. Исеть,Взвешенные вещества,0,1,83.2,83.2,ПДК,,,,,,,,
693,2009-07-31,Курганская область,Каргапольский район,рп. Каргаполье,37610151051,р. Миасс,Взвешенные вещества,0,1,54.4,54.4,ПДК,,,,,,,,
704,2009-07-31,Республика Карелия,Калевальский национальный,пгт. Калевала,86609151051,оз. Среднее Куйто,Взвешенные вещества,0,1,200.0,200.0,ПДК,,,,,,,,
706,2009-07-31,Свердловская область,муниципальное образование «город Екатеринбург»,г. Екатеринбург,65701000001,вдхр. Верхне-Исетское,Взвешенные вещества,0,1,62.93,62.93,ПДК,,,,,,,,
709,2009-07-31,Свердловская область,муниципальное образование «город Екатеринбург»,г. Екатеринбург,65701000001,р. Исеть,Взвешенные вещества,0,1,64.8,64.8,ПДК,,,,,,,,
710,2009-07-31,Свердловская область,город Каменск-Уральский,г. Каменск-Уральский,65740000001,р. Исеть,Взвешенные вещества,0,1,57.6,57.6,ПДК,,,,,,,,
711,2009-07-31,Свердловская область,Талицкий городской округ,г. Талица,65724000001,р. Пышма,Взвешенные вещества,0,1,114.67,114.67,ПДК,,,,,,,,
712,2009-07-31,Свердловская область,городской округ Верхотурский,с. Прокопьевская Салда,65709000346,р. Салда,Взвешенные вещества,0,1,59.47,59.47,ПДК,,,,,,,,
714,2009-07-31,Свердловская область,городской округ Красноуфимск,г. Красноуфимск,65747000001,р. Уфа,Взвешенные вещества,0,1,63.47,63.47,ПДК,,,,,,,,
719,2009-08-31,Курганская область,Шадринск,г. Шадринск,37705000001,р. Исеть,Взвешенные вещества,0,1,58.0,58.0,ПДК,,,,,,,,
732,2009-08-31,Свердловская область,муниципальное образование «город Екатеринбург»,г. Екатеринбург,65701000001,р. Исеть,Взвешенные вещества,0,1,117.0,117.0,ПДК,,,,,,,,
733,2009-08-31,Свердловская область,муниципальное образование «город Екатеринбург»,г. Екатеринбург,65701000001,р. Исеть,Взвешенные вещества,0,1,217.0,217.0,ПДК,,,,,,,,
735,2009-08-31,Свердловская область,Талицкий городской округ,г. Талица,65724000001,р. Пышма,Взвешенные вещества,0,1,61.0,61.0,ПДК,,,,,,,,
736,2009-08-31,Свердловская область,Талицкий городской округ,г. Талица,65724000001,р. Пышма,Взвешенные вещества,0,1,56.0,56.0,ПДК,,,,,,,,
737,2009-08-31,Свердловская область,городской округ Верхотурский,с. Прокопьевская Салда,65709000346,р. Салда,Взвешенные вещества,0,1,68.0,68.0,ПДК,,,,,,,,
756,2009-09-30,Республика Северная Осетия-Алания,Пригородный,с. Камбилеевское,90640420101,р. Камбилеевка,БПК5,0,1,28.0,28.0,ПДК,,,,,,,,
768,2009-09-30,Свердловская область,Талицкий городской округ,г. Талица,65724000001,р. Пышма,Взвешенные вещества,0,1,54.0,54.0,ПДК,,,,,,,,
786,2009-10-31,Свердловская область,муниципальное образование «город Екатеринбург»,г. Екатеринбург,65701000001,р. Исеть,Взвешенные вещества,0,1,90.67,90.67,ПДК,,,,,,,,
787,2009-10-31,Свердловская область,Белоярский городской округ,с. Колюткино,65706000201,р. Исеть,Взвешенные вещества,0,1,377.33,377.33,ПДК,,,,,,,,
793,2009-10-31,Свердловская область,Режевской городской округ,г. Реж,65720000001,р. Реж,Взвешенные вещества,0,1,72.0,72.0,ПДК,,,,,,,,
795,2009-10-31,Челябинская область,Частоозёрский район,с. Бутырино,37636408101,оз. Бутырино,Взвешенные вещества,0,1,156.8,156.8,ПДК,,,,,,,,
802,2009-11-30,Мурманская область,Городской округ город Мурманск,г. Мурманск,47701000001,руч. Варничный,БПК5,0,1,23.0,23.0,ПДК,,,,,,,,
807,2009-11-30,Пермский край,Чайковский район,г. Чайковский,57735000001,р. Кама,Взвешенные вещества,0,1,89.0,89.0,ПДК,,,,,,,,
809,2009-11-30,Пермский край,Лысьва,г. Лысьва,57726000001,р. Лысьва,Взвешенные вещества,0,1,80.0,80.0,ПДК,,,,,,,,
813,2009-11-30,Свердловская область,муниципальное образование «город Екатеринбург»,г. Екатеринбург,65701000001,р. Исеть,Взвешенные вещества,0,1,248.0,248.0,ПДК,,,,,,,,
814,2009-11-30,Свердловская область,Белоярский городской округ,с. Колюткино,65706000201,р. Исеть,Взвешенные вещества,0,1,211.0,211.0,ПДК,,,,,,,,
815,2009-11-30,Свердловская область,Сысертский городской округ,п. Двуреченск,65722000181,р. Исеть,Взвешенные вещества,0,1,167.0,167.0,ПДК,,,,,,,,
816,2009-11-30,Свердловская область,Сысертский городской округ,п. Двуреченск,65722000181,р. Исеть,Взвешенные вещества,0,1,180.0,180.0,ПДК,,,,,,,,
820,2009-11-30,Свердловская область,городской округ Краснотурьинск,г. Краснотурьинск,65745000001,р. Турья,Взвешенные вещества,0,1,71.0,71.0,ПДК,,,,,,,,
827,2009-12-31,Свердловская область,муниципальное образование «город Екатеринбург»,г. Екатеринбург,65701000001,р. Исеть,Взвешенные вещества,0,1,297.0,297.0,ПДК,,,,,,,,
828,2009-12-31,Свердловская область,Берёзовский городской округ,г. Березовский,65731000001,р. Пышма,Взвешенные вещества,0,1,73.0,73.0,ПДК,,,,,,,,
829,2009-12-31,Свердловская область,Туринский городской округ,г. Туринск,65726000001,р. Тура,Взвешенные вещества,0,1,86.0,86.0,ПДК,,,,,,,,
830,2009-12-31,Свердловская область,городской округ Первоуральск,г. Первоуральск,65753000001,р. Чусовая,Взвешенные вещества,0,1,58.0,58.0,ПДК,,,,,,,,
870,2010-02-28,Мурманская область,Городской округ город Мурманск,г. Мурманск,47701000001,руч. Варничный,БПК5,0,1,63.0,63.0,ПДК,,,,,,,,
883,2010-02-28,Пермский край,Кудымкар,г. Кудымкар,57851000001,р. Иньва,Взвешенные вещества,0,1,82.0,82.0,ПДК,,,,,,,,
884,2010-02-28,Пермский край,Кудымкар,г. Кудымкар,57851000001,р. Иньва,Взвешенные вещества,0,1,73.0,73.0,ПДК,,,,,,,,
889,2010-02-28,Пермский край,Добрянский район,д. Кунья,57718000461,р. Косьва,Взвешенные вещества,0,1,96.0,96.0,ПДК,,,,,,,,
891,2010-02-28,Пермский край,Карагайский район,с. Рождественск,57622434101,р. Обва,Взвешенные вещества,0,1,99.0,99.0,ПДК,,,,,,,,
894,2010-02-28,Пермский край,Чусовской район,г. Чусовой,57758000001,р. Чусовая,Взвешенные вещества,0,1,57.0,57.0,ПДК,,,,,,,,
899,2010-02-28,Свердловская область,муниципальное образование «город Екатеринбург»,г. Екатеринбург,65701000001,р. Исеть,Взвешенные вещества,0,1,52.0,52.0,ПДК,,,,,,,,
925,2010-03-31,Вологодская область,Сокольский район,г. Сокол,19638101001,р. Пельшма,БПК5,0,1,8.0,8.0,ПДК,,,,,,,,
978,2010-03-31,Свердловская область,Сысертский городской округ,п. Двуреченск,65722000181,р. Исеть,Взвешенные вещества,0,1,124.0,124.0,ПДК,,,,,,,,
979,2010-03-31,Свердловская область,Сысертский городской округ,п. Двуреченск,65722000181,р. Исеть,Взвешенные вещества,0,1,119.0,119.0,ПДК,,,,,,,,
1018,2010-04-30,Курганская область,Далматовский район,с. Першинское,37608467101,р. Теча,Взвешенные вещества,0,1,95.0,95.0,ПДК,,,,,,,,
1038,2010-04-30,Нижегородская область,Лысковский район,с. Семово,22640416171,р. Сундовик,Взвешенные вещества,0,1,57.0,57.0,ПДК,,,,,,,,
1056,2010-04-30,Пермский край,Чернушинский район,г. Чернушка,57757000001,р. Быстрый Танып,Взвешенные вещества,0,1,89.0,89.0,ПДК,,,,,,,,
1058,2010-04-30,Пермский край,Красновишерский район,г. Красновишерск,57760000001,р. Вишера,Взвешенные вещества,0,1,90.0,90.0,ПДК,,,,,,,,
1059,2010-04-30,Пермский край,Красновишерский район,г. Красновишерск,57760000001,р. Вишера,Взвешенные вещества,0,1,67.0,67.0,ПДК,,,,,,,,
1060,2010-04-30,Пермский край,Соликамск,г. Соликамск,57730000001,р. Кама,Взвешенные вещества,0,1,75.0,75.0,ПДК,,,,,,,,
1063,2010-04-30,Пермский край,Губаха,г. Губаха,57717000001,р. Косьва,Взвешенные вещества,0,1,54.0,54.0,ПДК,,,,,,,,
1074,2010-04-30,Свердловская область,Ирбитское муниципальное образование,г. Ирбит,65739000001,р. Ирбит,Взвешенные вещества,0,1,217.0,217.0,ПДК,,,,,,,,
1075,2010-04-30,Свердловская область,муниципальное образование «город Екатеринбург»,г. Екатеринбург,65701000001,р. Исеть,Взвешенные вещества,0,1,85.0,85.0,ПДК,,,,,,,,
1076,2010-04-30,Свердловская область,город Каменск-Уральский,г. Каменск-Уральский,65740000001,р. Исеть,Взвешенные вещества,0,1,404.0,404.0,ПДК,,,,,,,,
1077,2010-04-30,Свердловская область,Белоярский городской округ,с. Колюткино,65706000201,р. Исеть,Взвешенные вещества,0,1,158.0,158.0,ПДК,,,,,,,,
1078,2010-04-30,Свердловская область,Сысертский городской округ,п. Двуреченск,65722000181,р. Исеть,Взвешенные вещества,0,1,161.0,161.0,ПДК,,,,,,,,
1079,2010-04-30,Свердловская область,Сысертский городской округ,п. Двуреченск,65722000181,р. Исеть,Взвешенные вещества,0,1,148.0,148.0,ПДК,,,,,,,,
1080,2010-04-30,Свердловская область,городской округ Богданович,г. Богданович,65707000001,р. Кунара,Взвешенные вещества,0,1,67.0,67.0,ПДК,,,,,,,,
1086,2010-04-30,Свердловская область,Ирбитское муниципальное образование,г. Ирбит,65739000001,р. Ница,Взвешенные вещества,0,1,76.0,76.0,ПДК,,,,,,,,
1087,2010-04-30,Свердловская область,Слободо-Туринский муниципальный район,с. Краснослободское,65639470191,р. Ница,Взвешенные вещества,0,1,67.0,67.0,ПДК,,,,,,,,
1089,2010-04-30,Свердловская область,Камышловский городской округ,г. Камышлов,65741000001,р. Пышма,Взвешенные вещества,0,1,121.0,121.0,ПДК,,,,,,,,
1090,2010-04-30,Свердловская область,Талицкий городской округ,г. Талица,65724000001,р. Пышма,Взвешенные вещества,0,1,95.0,95.0,ПДК,,,,,,,,
1091,2010-04-30,Свердловская область,Талицкий городской округ,г. Талица,65724000001,р. Пышма,Взвешенные вещества,0,1,69.0,69.0,ПДК,,,,,,,,
1102,2010-04-30,Свердловская область,городской округ Первоуральск,г. Первоуральск,65753000001,р. Чусовая,Взвешенные вещества,0,1,54.0,54.0,ПДК,,,,,,,,
1115,2010-04-30,Удмуртская Республика,Граховский,с. Грахово,94612422101,р. Адамка,Взвешенные вещества,0,1,228.0,228.0,ПДК,,,,,,,,
1116,2010-04-30,Удмуртская Республика,Граховский,с. Грахово,94612422101,р. Адамка,Взвешенные вещества,0,1,120.0,120.0,ПДК,,,,,,,,
1117,2010-04-30,Удмуртская Республика,Граховский,с. Грахово,94612422101,р. Адамка,Взвешенные вещества,0,1,393.0,393.0,ПДК,,,,,,,,
1118,2010-04-30,Удмуртская Республика,Ижевск,г. Ижевск,94701000001,р. Иж,Взвешенные вещества,0,1,57.0,57.0,ПДК,,,,,,,,
1119,2010-04-30,Удмуртская Республика,Игринский,п. Игра,94618415101,р. Лоза,Взвешенные вещества,0,1,270.0,270.0,ПДК,,,,,,,,
1120,2010-04-30,Удмуртская Республика,Воткинский,д. Гавриловка,94608420101,р. Сива,Взвешенные вещества,0,1,141.0,141.0,ПДК,,,,,,,,
1121,2010-04-30,Удмуртская Республика,Воткинский,д. Гавриловка,94608420101,р. Сива,Взвешенные вещества,0,1,189.0,189.0,ПДК,,,,,,,,
1122,2010-04-30,Удмуртская Республика,Глазов,г. Глазов,94720000001,р. Чепца,Взвешенные вещества,0,1,117.0,117.0,ПДК,,,,,,,,
1123,2010-04-30,Удмуртская Республика,Кезский,с. Полом,94624455101,р. Чепца,Взвешенные вещества,0,1,293.0,293.0,ПДК,,,,,,,,
1127,2010-04-30,Челябинская область,Частоозёрский район,с. Бутырино,37636408101,оз. Бутырино,Взвешенные вещества,0,1,79.0,79.0,ПДК,,,,,,,,
1136,2010-05-31,Курганская область,Шадринск,г. Шадринск,37705000001,р. Исеть,Взвешенные вещества,0,1,57.0,57.0,ПДК,,,,,,,,
1137,2010-05-31,Курганская область,Шатровский район,с. Мехонское,37640440101,р. Исеть,Взвешенные вещества,0,1,88.0,88.0,ПДК,,,,,,,,
1138,2010-05-31,Курганская область,Каргапольский район,рп. Каргаполье,37610151051,р. Миасс,Взвешенные вещества,0,1,96.0,96.0,ПДК,,,,,,,,
1143,2010-05-31,Мурманская область,Городской округ город Мурманск,г. Мурманск,47701000001,руч. Варничный,БПК5,0,1,23.0,23.0,ПДК,,,,,,,,
1145,2010-05-31,Нижегородская область,Нижний Новгород,г. Нижний Новгород,22701000,вдхр. Чебоксарское,Взвешенные вещества,0,1,54.0,54.0,ПДК,,,,,,,,
1146,2010-05-31,Нижегородская область,Воротынский район,рп. Васильсурск,22719000056,вдхр. Чебоксарское,Взвешенные вещества,0,1,59.0,59.0,ПДК,,,,,,,,
1147,2010-05-31,Нижегородская область,Нижний Новгород,г. Нижний Новгород,22701000,р. Ока,Взвешенные вещества,0,1,59.0,59.0,ПДК,,,,,,,,
1151,2010-05-31,Пермский край,Кунгур,г. Кунгур,57722000001,р. Сылва,Взвешенные вещества,0,1,55.0,55.0,ПДК,,,,,,,,
1152,2010-05-31,Пермский край,Кунгур,г. Кунгур,57722000001,р. Сылва,Взвешенные вещества,0,1,65.0,65.0,ПДК,,,,,,,,
1153,2010-05-31,Свердловская область,муниципальное образование «город Екатеринбург»,г. Екатеринбург,65701000001,оз. Шарташ,Взвешенные вещества,0,1,104.0,104.0,ПДК,,,,,,,,
1156,2010-05-31,Свердловская область,Ирбитское муниципальное образование,г. Ирбит,65739000001,р. Ирбит,Взвешенные вещества,0,1,98.0,98.0,ПДК,,,,,,,,
1157,2010-05-31,Свердловская область,муниципальное образование «город Екатеринбург»,г. Екатеринбург,65701000001,р. Исеть,Взвешенные вещества,0,1,82.0,82.0,ПДК,,,,,,,,
1158,2010-05-31,Свердловская область,муниципальное образование «город Екатеринбург»,г. Екатеринбург,65701000001,р. Исеть,Взвешенные вещества,0,1,54.0,54.0,ПДК,,,,,,,,
1159,2010-05-31,Свердловская область,город Каменск-Уральский,г. Каменск-Уральский,65740000001,р. Исеть,Взвешенные вещества,0,1,120.0,120.0,ПДК,,,,,,,,
1160,2010-05-31,Свердловская область,город Каменск-Уральский,г. Каменск-Уральский,65740000001,р. Исеть,Взвешенные вещества,0,1,75.0,75.0,ПДК,,,,,,,,
1161,2010-05-31,Свердловская область,Белоярский городской округ,с. Колюткино,65706000201,р. Исеть,Взвешенные вещества,0,1,68.0,68.0,ПДК,,,,,,,,
1164,2010-05-31,Свердловская область,Ирбитское муниципальное образование,г. Ирбит,65739000001,р. Ница,Взвешенные вещества,0,1,70.0,70.0,ПДК,,,,,,,,
1165,2010-05-31,Свердловская область,Ирбитское муниципальное образование,г. Ирбит,65739000001,р. Ница,Взвешенные вещества,0,1,184.0,184.0,ПДК,,,,,,,,
1166,2010-05-31,Свердловская область,Камышловский городской округ,г. Камышлов,65741000001,р. Пышма,Взвешенные вещества,0,1,51.0,51.0,ПДК,,,,,,,,
1167,2010-05-31,Свердловская область,Камышловский городской округ,г. Камышлов,65741000001,р. Пышма,Взвешенные вещества,0,1,1173.0,1173.0,ПДК,,,,,,,,
1168,2010-05-31,Свердловская область,Талицкий городской округ,г. Талица,65724000001,р. Пышма,Взвешенные вещества,0,1,114.0,114.0,ПДК,,,,,,,,
1169,2010-05-31,Свердловская область,Талицкий городской округ,г. Талица,65724000001,р. Пышма,Взвешенные вещества,0,1,61.0,61.0,ПДК,,,,,,,,
1176,2010-05-31,Хабаровский край,Хабаровский,с. Федоровка,8655443136,р. Березовая,БПК5,0,1,20.0,20.0,ПДК,,,,,,,,
1184,2010-06-30,Курганская область,Шадринск,г. Шадринск,37705000001,р. Исеть,Взвешенные вещества,0,1,58.0,58.0,ПДК,,,,,,,,
1200,2010-06-30,Свердловская область,город Каменск-Уральский,г. Каменск-Уральский,65740000001,р. Исеть,Взвешенные вещества,0,1,104.0,104.0,ПДК,,,,,,,,
1201,2010-06-30,Свердловская область,Невьянский городской округ,г. Невьянск,65714000001,р. Нейва,Взвешенные вещества,0,1,177.0,177.0,ПДК,,,,,,,,
1202,2010-06-30,Свердловская область,Ирбитское муниципальное образование,г. Ирбит,65739000001,р. Ница,Взвешенные вещества,0,1,86.0,86.0,ПДК,,,,,,,,
1203,2010-06-30,Свердловская область,Слободо-Туринский муниципальный район,с. Краснослободское,65639470191,р. Ница,Взвешенные вещества,0,1,93.0,93.0,ПДК,,,,,,,,
1204,2010-06-30,Свердловская область,Камышловский городской округ,г. Камышлов,65741000001,р. Пышма,Взвешенные вещества,0,1,50.0,50.0,ПДК,,,,,,,,
1205,2010-06-30,Свердловская область,Камышловский городской округ,г. Камышлов,65741000001,р. Пышма,Взвешенные вещества,0,1,73.0,73.0,ПДК,,,,,,,,
1206,2010-06-30,Свердловская область,Талицкий городской округ,г. Талица,65724000001,р. Пышма,Взвешенные вещества,0,1,107.0,107.0,ПДК,,,,,,,,
1207,2010-06-30,Свердловская область,Талицкий городской округ,г. Талица,65724000001,р. Пышма,Взвешенные вещества,0,1,64.0,64.0,ПДК,,,,,,,,
1208,2010-06-30,Свердловская область,Туринский городской округ,г. Туринск,65726000001,р. Тура,Взвешенные вещества,0,1,94.0,94.0,ПДК,,,,,,,,
1217,2010-07-31,Курганская область,Шадринск,г. Шадринск,37705000001,р. Исеть,Взвешенные вещества,0,1,64.0,64.0,ПДК,,,,,,,,
1218,2010-07-31,Курганская область,Шатровский район,с. Мехонское,37640440101,р. Исеть,Взвешенные вещества,0,1,75.73,75.73,ПДК,,,,,,,,
1237,2010-07-31,Свердловская область,муниципальное образование «город Екатеринбург»,г. Екатеринбург,65701000001,р. Исеть,Взвешенные вещества,0,1,59.73,59.73,ПДК,,,,,,,,
1238,2010-07-31,Свердловская область,муниципальное образование «город Екатеринбург»,г. Екатеринбург,65701000001,р. Исеть,Взвешенные вещества,0,1,248.53,248.53,ПДК,,,,,,,,
1239,2010-07-31,Свердловская область,муниципальное образование «город Екатеринбург»,г. Екатеринбург,65701000001,р. Исеть,Взвешенные вещества,0,1,66.13,66.13,ПДК,,,,,,,,
1240,2010-07-31,Свердловская область,город Каменск-Уральский,г. Каменск-Уральский,65740000001,р. Исеть,Взвешенные вещества,0,1,52.27,52.27,ПДК,,,,,,,,
1241,2010-07-31,Свердловская область,Белоярский городской округ,с. Колюткино,65706000201,р. Исеть,Взвешенные вещества,0,1,55.47,55.47,ПДК,,,,,,,,
1279,2010-08-31,Свердловская область,город Каменск-Уральский,г. Каменск-Уральский,65740000001,р. Исеть,Взвешенные вещества,0,1,86.4,86.4,ПДК,,,,,,,,
1290,2010-09-30,Вологодская область,Сокольский район,г. Сокол,19638101001,р. Пельшма,БПК5,0,1,43.0,43.0,ПДК,,,,,,,,
1296,2010-09-30,Курганская область,Шадринск,г. Шадринск,37705000001,р. Исеть,Взвешенные вещества,0,1,56.0,56.0,ПДК,,,,,,,,
1304,2010-09-30,Республика Северная Осетия-Алания,Пригородный,с. Камбилеевское,90640420101,р. Камбилеевка,БПК5,0,1,70.0,70.0,ПДК,,,,,,,,
1311,2010-09-30,Свердловская область,Тавдинский городской округ,г. Тавда,65723000001,р. Тавда,Взвешенные вещества,0,1,72.0,72.0,ПДК,,,,,,,,
1326,2010-10-31,Курганская область,Частоозёрский район,с. Бутырино,37636408101,оз. Бутырино,Взвешенные вещества,0,1,83.0,83.0,ПДК,,,,,,,,
1327,2010-10-31,Курганская область,Шадринск,г. Шадринск,37705000001,р. Исеть,Взвешенные вещества,0,1,102.0,102.0,ПДК,,,,,,,,
1338,2010-10-31,Республика Северная Осетия-Алания,Пригородный,с. Камбилеевское,90640420101,р. Камбилеевка,БПК5,0,1,25.0,25.0,ПДК,,,,,,,,
1341,2010-10-31,Свердловская область,муниципальное образование «город Екатеринбург»,г. Екатеринбург,65701000001,р. Исеть,Взвешенные вещества,0,1,119.0,119.0,ПДК,,,,,,,,
1349,2010-11-30,Мурманская область,Городской округ город Мурманск,г. Мурманск,47701000001,руч. Варничный,БПК5,0,1,26.0,26.0,ПДК,,,,,,,,
1352,2010-11-30,Пермский край,Пермь,г. Пермь,57701000001,вдхр. Воткинское,Взвешенные вещества,0,1,112.0,112.0,ПДК,,,,,,,,
1353,2010-11-30,Пермский край,Пермь,г. Пермь,57701000001,вдхр. Камское,Взвешенные вещества,0,1,207.0,207.0,ПДК,,,,,,,,
1367,2010-11-30,Свердловская область,муниципальное образование «город Екатеринбург»,г. Екатеринбург,65701000001,р. Исеть,Взвешенные вещества,0,1,306.0,306.0,ПДК,,,,,,,,
1368,2010-11-30,Свердловская область,город Каменск-Уральский,г. Каменск-Уральский,65740000001,р. Исеть,Взвешенные вещества,0,1,75.0,75.0,ПДК,,,,,,,,
1373,2010-11-30,Свердловская область,Новолялинский городской округ,п. Лобва,65716000151,р. Лобва,Взвешенные вещества,0,1,67.0,67.0,ПДК,,,,,,,,
1374,2010-11-30,Свердловская область,Слободо-Туринский муниципальный район,с. Краснослободское,65639470191,р. Ница,Взвешенные вещества,0,1,80.0,80.0,ПДК,,,,,,,,
1375,2010-12-31,Курганская область,Частоозёрский район,с. Бутырино,37636408101,оз. Бутырино,Взвешенные вещества,0,1,60.0,60.0,ПДК,,,,,,,,
1386,2010-12-31,Свердловская область,муниципальное образование «город Екатеринбург»,г. Екатеринбург,65701000001,р. Исеть,Взвешенные вещества,0,1,63.0,63.0,ПДК,,,,,,,,
1390,2011-01-31,Вологодская область,Сокольский район,г. Сокол,19638101001,р. Пельшма,БПК5,0,1,14.0,14.0,ПДК,,,,,,,,
1405,2011-01-31,Свердловская область,муниципальное образование «город Екатеринбург»,г. Екатеринбург,65701000001,р. Исеть,Взвешенные вещества,0,1,62.0,62.0,ПДК,,,,,,,,
1406,2011-01-31,Свердловская область,Серовский городской округ,г. Серов,65756000001,р. Каква,Взвешенные вещества,0,1,248.0,248.0,ПДК,,,,,,,,
1417,2011-02-28,Вологодская область,Сокольский район,г. Сокол,19638101001,р. Пельшма,БПК5,0,1,54.0,54.0,ПДК,,,,,,,,
1429,2011-02-28,Мурманская область,Городской округ город Мурманск,г. Мурманск,47701000001,руч. Варничный,БПК5,0,1,35.0,35.0,ПДК,,,,,,,,
1432,2011-02-28,Нижегородская область,Нижний Новгород,г. Нижний Новгород,22701000,р. Ока,Взвешенные вещества,0,1,58.0,58.0,ПДК,,,,,,,,
1506,2011-03-31,Свердловская область,муниципальное образование «город Екатеринбург»,г. Екатеринбург,65701000001,р. Исеть,Взвешенные вещества,0,1,199.0,199.0,ПДК,,,,,,,,
1526,2011-04-30,Иркутская область,Иркутский район,с. Урик,25612425101,р. Куда,Взвешенные вещества,0,1,91.0,91.0,ПДК,,,,,,,,
1527,2011-04-30,Кировская область,Слободской район,г. Слободской,33713000,р. Вятка,Взвешенные вещества,0,1,52.0,52.0,ПДК,,,,,,,,
1530,2011-04-30,Курганская область,Частоозёрский район,с. Бутырино,37636408101,оз. Бутырино,Взвешенные вещества,0,1,71.0,71.0,ПДК,,,,,,,,
1541,2011-04-30,Нижегородская область,Нижний Новгород,г. Нижний Новгород,22701000,вдхр. Чебоксарское,Взвешенные вещества,0,1,68.0,68.0,ПДК,,,,,,,,
1542,2011-04-30,Нижегородская область,Нижний Новгород,г. Нижний Новгород,22701000,вдхр. Чебоксарское,Взвешенные вещества,0,1,74.0,74.0,ПДК,,,,,,,,
1543,2011-04-30,Нижегородская область,Дзержинск,г. Дзержинск,22721000001,р. Ока,Взвешенные вещества,0,1,99.0,99.0,ПДК,,,,,,,,
1555,2011-04-30,Пермский край,Чернушинский район,г. Чернушка,57757000001,р. Быстрый Танып,Взвешенные вещества,0,1,87.0,87.0,ПДК,,,,,,,,
1562,2011-04-30,Самарская область,Красноярский район,с. Новый Буян,36628420101,р. Буян,БПК5,0,1,88.0,88.0,ПДК,,,,,,,,
1565,2011-04-30,Самарская область,Красноярский район,с. Новый Буян,36628420101,р. Буян,ХПК,0,1,79.0,79.0,ПДК,,,,,,,,
1567,2011-04-30,Самарская область,Красноярский район,с. Новый Буян,36628420101,р. Буян,БПК5,0,1,51.0,51.0,ПДК,,,,,,,,
1570,2011-04-30,Свердловская область,Арамильский городской округ,г. Арамиль,65729000001,р. Исеть,Взвешенные вещества,0,1,165.0,165.0,ПДК,,,,,,,,
1571,2011-04-30,Свердловская область,муниципальное образование «город Екатеринбург»,г. Екатеринбург,65701000001,р. Исеть,Взвешенные вещества,0,1,271.0,271.0,ПДК,,,,,,,,
1572,2011-04-30,Свердловская область,муниципальное образование «город Екатеринбург»,г. Екатеринбург,65701000001,р. Исеть,Взвешенные вещества,0,1,106.0,106.0,ПДК,,,,,,,,
1574,2011-04-30,Свердловская область,город Каменск-Уральский,г. Каменск-Уральский,65740000001,р. Исеть,Взвешенные вещества,0,1,126.0,126.0,ПДК,,,,,,,,
1575,2011-04-30,Свердловская область,город Каменск-Уральский,г. Каменск-Уральский,65740000001,р. Исеть,Взвешенные вещества,0,1,136.0,136.0,ПДК,,,,,,,,
1576,2011-04-30,Свердловская область,город Каменск-Уральский,д. Кодинка,65740000106,р. Исеть,Взвешенные вещества,0,1,301.0,301.0,ПДК,,,,,,,,
1577,2011-04-30,Свердловская область,Белоярский городской округ,с. Колюткино,65706000201,р. Исеть,Взвешенные вещества,0,1,228.0,228.0,ПДК,,,,,,,,
1579,2011-04-30,Свердловская область,Сысертский городской округ,п. Двуреченск,65722000181,р. Исеть,Взвешенные вещества,0,1,67.0,67.0,ПДК,,,,,,,,
1580,2011-04-30,Свердловская область,Сысертский городской округ,п. Двуреченск,65722000181,р. Исеть,Взвешенные вещества,0,1,67.0,67.0,ПДК,,,,,,,,
1585,2011-04-30,Свердловская область,Слободо-Туринский муниципальный район,с. Краснослободское,65639470191,р. Ница,Взвешенные вещества,0,1,60.0,60.0,ПДК,,,,,,,,
1587,2011-04-30,Свердловская область,Камышловский городской округ,г. Камышлов,65741000001,р. Пышма,Взвешенные вещества,0,1,56.0,56.0,ПДК,,,,,,,,
1588,2011-04-30,Свердловская область,Талицкий городской округ,г. Талица,65724000001,р. Пышма,Взвешенные вещества,0,1,67.0,67.0,ПДК,,,,,,,,
1589,2011-04-30,Свердловская область,городской округ Верхотурский,с. Прокопьевская Салда,65709000346,р. Салда,Взвешенные вещества,0,1,57.0,57.0,ПДК,,,,,,,,
1596,2011-04-30,Свердловская область,Нижнетуринский городской округ,д. Новая Тура,65715000116,р. Тура,Взвешенные вещества,0,1,58.0,58.0,ПДК,,,,,,,,
1612,2011-05-31,Вологодская область,Сокольский район,г. Сокол,19638101001,р. Пельшма,БПК5,0,1,27.0,27.0,ПДК,,,,,,,,
1617,2011-05-31,Курганская область,Частоозёрский район,с. Бутырино,37636408101,оз. Бутырино,Взвешенные вещества,0,1,78.0,78.0,ПДК,,,,,,,,
1618,2011-05-31,Курганская область,Шадринск,г. Шадринск,37705000001,р. Исеть,Взвешенные вещества,0,1,58.0,58.0,ПДК,,,,,,,,
1626,2011-05-31,Самарская область,Красноярский район,с. Новый Буян,36628420101,пруд Н. Буян,БПК5,0,1,179.0,179.0,ПДК,,,,,,,,
1630,2011-05-31,Свердловская область,Ирбитское муниципальное образование,г. Ирбит,65739000001,р. Ирбит,Взвешенные вещества,0,1,78.0,78.0,ПДК,,,,,,,,
1631,2011-05-31,Свердловская область,муниципальное образование «город Екатеринбург»,г. Екатеринбург,65701000001,р. Исеть,Взвешенные вещества,0,1,97.0,97.0,ПДК,,,,,,,,
1632,2011-05-31,Свердловская область,муниципальное образование «город Екатеринбург»,г. Екатеринбург,65701000001,р. Исеть,Взвешенные вещества,0,1,127.0,127.0,ПДК,,,,,,,,
1633,2011-05-31,Свердловская область,муниципальное образование «город Екатеринбург»,г. Екатеринбург,65701000001,р. Исеть,Взвешенные вещества,0,1,91.0,91.0,ПДК,,,,,,,,
1634,2011-05-31,Свердловская область,городской округ Богданович,г. Богданович,65707000001,р. Кунара,Взвешенные вещества,0,1,62.0,62.0,ПДК,,,,,,,,
1635,2011-05-31,Свердловская область,Новолялинский городской округ,п. Лобва,65716000151,р. Лобва,Взвешенные вещества,0,1,65.0,65.0,ПДК,,,,,,,,
1637,2011-05-31,Свердловская область,Ирбитское муниципальное образование,г. Ирбит,65739000001,р. Ница,Взвешенные вещества,0,1,76.0,76.0,ПДК,,,,,,,,
1638,2011-05-31,Свердловская область,Ирбитское муниципальное образование,г. Ирбит,65739000001,р. Ница,Взвешенные вещества,0,1,89.0,89.0,ПДК,,,,,,,,
1639,2011-05-31,Свердловская область,Слободо-Туринский муниципальный район,с. Краснослободское,65639470191,р. Ница,Взвешенные вещества,0,1,134.0,134.0,ПДК,,,,,,,,
1640,2011-05-31,Свердловская область,Талицкий городской округ,г. Талица,65724000001,р. Пышма,Взвешенные вещества,0,1,56.0,56.0,ПДК,,,,,,,,
1643,2011-05-31,Свердловская область,Полевской городской округ,г. Полевской,65754000001,р. Северушка,Взвешенные вещества,0,1,53.0,53.0,ПДК,,,,,,,,
1644,2011-05-31,Свердловская область,городской округ Краснотурьинск,г. Краснотурьинск,65745000001,р. Турья,Взвешенные вещества,0,1,54.0,54.0,ПДК,,,,,,,,
1649,2011-06-30,Вологодская область,Сокольский район,г. Сокол,19638101001,р. Пельшма,БПК5,0,1,40.0,40.0,ПДК,,,,,,,,
1654,2011-06-30,Магаданская область,Тенькинский,п. Транспортный,44716000116,р. Омчак,Взвешенные вещества,0,1,273.0,273.0,ПДК,,,,,,,,
1661,2011-06-30,Мурманская область,Городской округ город Мурманск,г. Мурманск,47701000001,руч. Варничный,БПК5,0,1,24.0,24.0,ПДК,,,,,,,,
1665,2011-06-30,Свердловская область,Ирбитское муниципальное образование,г. Ирбит,65739000001,р. Ница,Взвешенные вещества,0,1,67.0,67.0,ПДК,,,,,,,,
1666,2011-06-30,Свердловская область,Ирбитское муниципальное образование,г. Ирбит,65739000001,р. Ница,Взвешенные вещества,0,1,101.0,101.0,ПДК,,,,,,,,
1667,2011-06-30,Свердловская область,Талицкий городской округ,г. Талица,65724000001,р. Пышма,Взвешенные вещества,0,1,90.0,90.0,ПДК,,,,,,,,
1668,2011-06-30,Свердловская область,Талицкий городской округ,г. Талица,65724000001,р. Пышма,Взвешенные вещества,0,1,115.0,115.0,ПДК,,,,,,,,
1671,2011-06-30,Свердловская область,Слободо-Туринский муниципальный район,с. Тимофеево,65639460161,р. Тура,Взвешенные вещества,0,1,83.0,83.0,ПДК,,,,,,,,
1673,2011-07-31,Вологодская область,Сокольский район,г. Сокол,19638101001,р. Пельшма,БПК5,0,1,20.0,20.0,ПДК,,,,,,,,
1685,2011-07-31,Мурманская область,Городской округ город Мурманск,г. Мурманск,47701000001,руч. Варничный,БПК5,0,1,21.0,21.0,ПДК,,,,,,,,
1688,2011-07-31,Пермский край,Оханский район,г. Оханск,57729000001,вдхр. Воткинское,Взвешенные вещества,0,1,50.0,50.0,ПДК,,,,,,,,
1697,2011-07-31,Свердловская область,Талицкий городской округ,г. Талица,65724000001,р. Пышма,Взвешенные вещества,0,1,51.0,51.0,ПДК,,,,,,,,
1698,2011-07-31,Свердловская область,Талицкий городской округ,г. Талица,65724000001,р. Пышма,Взвешенные вещества,0,1,101.0,101.0,ПДК,,,,,,,,
1703,2011-08-31,Иркутская область,Братский район,с. Кобляково,25604422101,р. Вихорева,Взвешенные вещества,0,1,55.0,55.0,ПДК,,,,,,,,
1708,2011-08-31,Курганская область,Каргапольский район,рп. Каргаполье,37610151051,р. Миасс,Взвешенные вещества,0,1,81.0,81.0,ПДК,,,,,,,,
1716,2011-08-31,Мурманская область,Городской округ город Мурманск,г. Мурманск,47701000001,руч. Варничный,БПК5,0,1,38.0,38.0,ПДК,,,,,,,,
1729,2011-09-30,Вологодская область,Сокольский район,г. Сокол,19638101001,р. Пельшма,БПК5,0,1,32.0,32.0,ПДК,,,,,,,,
1744,2011-09-30,Республика Северная Осетия-Алания,Пригородный,с. Камбилеевское,90640420101,р. Камбилеевка,БПК5,0,1,42.0,42.0,ПДК,,,,,,,,
1745,2011-09-30,Республика Северная Осетия-Алания,Пригородный,с. Камбилеевское,90640420101,р. Камбилеевка,БПК5,0,1,48.0,48.0,ПДК,,,,,,,,
1746,2011-09-30,Республика Северная Осетия-Алания,Пригородный,с. Камбилеевское,90640420101,р. Камбилеевка,БПК5,0,1,44.0,44.0,ПДК,,,,,,,,
1750,2011-09-30,Свердловская область,муниципальное образование «город Екатеринбург»,г. Екатеринбург,65701000001,р. Исеть,Взвешенные вещества,0,1,398.0,398.0,ПДК,,,,,,,,
1751,2011-09-30,Свердловская область,Ирбитское муниципальное образование,г. Ирбит,65739000001,р. Ница,Взвешенные вещества,0,1,117.0,117.0,ПДК,,,,,,,,
1781,2011-10-31,Свердловская область,муниципальное образование «город Екатеринбург»,г. Екатеринбург,65701000001,р. Исеть,Взвешенные вещества,0,1,198.0,198.0,ПДК,,,,,,,,
1782,2011-10-31,Свердловская область,муниципальное образование «город Екатеринбург»,г. Екатеринбург,65701000001,р. Исеть,Взвешенные вещества,0,1,59.0,59.0,ПДК,,,,,,,,
1783,2011-10-31,Свердловская область,город Каменск-Уральский,г. Каменск-Уральский,65740000001,р. Исеть,Взвешенные вещества,0,1,72.0,72.0,ПДК,,,,,,,,
1793,2011-11-30,Мурманская область,Городской округ город Мурманск,г. Мурманск,47701000001,руч. Варничный,БПК5,0,1,33.0,33.0,ПДК,,,,,,,,
1807,2011-11-30,Пермский край,Кунгур,г. Кунгур,57722000001,р. Сылва,Взвешенные вещества,0,1,139.0,139.0,ПДК,,,,,,,,
1808,2011-11-30,Свердловская область,муниципальное образование «город Екатеринбург»,г. Екатеринбург,65701000001,р. Исеть,Взвешенные вещества,0,1,88.0,88.0,ПДК,,,,,,,,
1830,2011-12-31,Свердловская область,муниципальное образование «город Екатеринбург»,г. Екатеринбург,65701000001,р. Исеть,Взвешенные вещества,0,1,112.0,112.0,ПДК,,,,,,,,
1837,2011-12-31,Свердловская область,городской округ Красноуфимск,г. Красноуфимск,65747000001,р. Уфа,Взвешенные вещества,0,1,132.0,132.0,ПДК,,,,,,,,
1851,2012-01-31,Свердловская область,муниципальное образование «город Екатеринбург»,г. Екатеринбург,65701000001,р. Исеть,Взвешенные вещества,0,1,113.0,113.0,ПДК,,,,,,,,
1866,2012-02-29,Вологодская область,Сокольский район,г. Сокол,19638101001,р. Пельшма,БПК5,0,1,30.0,30.0,ПДК,,,,,,,,
1873,2012-02-29,Мурманская область,Городской округ город Мурманск,г. Мурманск,47701000001,руч. Варничный,БПК5,0,1,91.0,91.0,ПДК,,,,,,,,
1894,2012-02-29,Пермский край,Карагайский район,с. Рождественск,57622434101,р. Обва,Взвешенные вещества,0,1,101.0,101.0,ПДК,,,,,,,,
1897,2012-02-29,Приморский край,Арсеньевский,г. Арсеньев,5703000001,р. Дачная,БПК5,0,1,30.0,30.0,ПДК,,,,,,,,
1911,2012-02-29,Свердловская область,Берёзовский городской округ,г. Березовский,65731000001,р. Пышма,Взвешенные вещества,0,1,163.0,163.0,ПДК,,,,,,,,
1928,2012-03-31,Вологодская область,Сокольский район,г. Сокол,19638101001,р. Пельшма,БПК5,0,1,25.0,25.0,ПДК,,,,,,,,
1967,2012-03-31,Свердловская область,муниципальное образование «город Екатеринбург»,г. Екатеринбург,65701000001,р. Исеть,Взвешенные вещества,0,1,115.0,115.0,ПДК,,,,,,,,
1997,2012-03-31,Тульская область,Город Новомосковск,г. Новомосковск,70724000001,вдхр. Шатское,ХПК,0,1,67.0,67.0,ПДК,,,,,,,,
2012,2012-04-30,Иркутская область,Свирск,г. Свирск,25746000001,вдхр. Братское,Взвешенные вещества,0,1,257.0,257.0,ПДК,,,,,,,,
2014,2012-04-30,Иркутская область,Свирск,г. Свирск,25746000001,вдхр. Братское,Взвешенные вещества,0,1,138.0,138.0,ПДК,,,,,,,,
2027,2012-04-30,Нижегородская область,Сергачский район,с. Камкино,22648428101,р. Пьяна,Взвешенные вещества,0,1,67.0,67.0,ПДК,,,,,,,,
2028,2012-04-30,Нижегородская область,Лысковский район,с. Семово,22640416171,р. Сундовик,Взвешенные вещества,0,1,126.0,126.0,ПДК,,,,,,,,
2037,2012-04-30,Пермский край,Пермь,г. Пермь,57701000001,вдхр. Воткинское,Взвешенные вещества,0,1,60.0,60.0,ПДК,,,,,,,,
2038,2012-04-30,Пермский край,Березники,г. Березники,57708000001,вдхр. Камское,Взвешенные вещества,0,1,179.0,179.0,ПДК,,,,,,,,
2044,2012-04-30,Пермский край,Карагайский район,с. Рождественск,57622434101,р. Обва,Взвешенные вещества,0,1,200.0,200.0,ПДК,,,,,,,,
2047,2012-04-30,Республика Марий Эл,Звениговский район,пгт. Красногорский,88612162051,р. Илеть,Взвешенные вещества,0,1,53.0,53.0,ПДК,,,,,,,,
2053,2012-04-30,Свердловская область,муниципальное образование «город Екатеринбург»,г. Екатеринбург,65701000001,р. Исеть,Взвешенные вещества,0,1,71.0,71.0,ПДК,,,,,,,,
2054,2012-04-30,Свердловская область,муниципальное образование «город Екатеринбург»,г. Екатеринбург,65701000001,р. Исеть,Взвешенные вещества,0,1,75.0,75.0,ПДК,,,,,,,,
2055,2012-04-30,Свердловская область,город Каменск-Уральский,г. Каменск-Уральский,65740000001,р. Исеть,Взвешенные вещества,0,1,50.0,50.0,ПДК,,,,,,,,
2056,2012-04-30,Свердловская область,Белоярский городской округ,с. Колюткино,65706000201,р. Исеть,Взвешенные вещества,0,1,70.0,70.0,ПДК,,,,,,,,
2057,2012-04-30,Свердловская область,Новолялинский городской округ,г. Новая Ляля,65716000001,р. Ляля,Взвешенные вещества,0,1,60.0,60.0,ПДК,,,,,,,,
2066,2012-04-30,Свердловская область,городской округ Верхний Тагил,г. Верхний Тагил,65733000001,р. Тагил,Взвешенные вещества,0,1,70.0,70.0,ПДК,,,,,,,,
2067,2012-04-30,Свердловская область,городской округ Верхотурский,г. Верхотурье,65709000001,р. Тура,Взвешенные вещества,0,1,111.0,111.0,ПДК,,,,,,,,
2069,2012-04-30,Свердловская область,городской округ Красноуфимск,г. Красноуфимск,65747000001,р. Уфа,Взвешенные вещества,0,1,94.0,94.0,ПДК,,,,,,,,
2077,2012-04-30,Удмуртская Республика,Граховский,с. Грахово,94612422101,р. Адамка,Взвешенные вещества,0,1,143.0,143.0,ПДК,,,,,,,,
2078,2012-04-30,Удмуртская Республика,Граховский,с. Грахово,94612422101,р. Адамка,Взвешенные вещества,0,1,139.0,139.0,ПДК,,,,,,,,
2079,2012-04-30,Удмуртская Республика,Граховский,с. Грахово,94612422101,р. Адамка,Взвешенные вещества,0,1,451.0,451.0,ПДК,,,,,,,,
2080,2012-04-30,Удмуртская Республика,Сарапул,г. Сарапул,94740000001,р. Кама,Взвешенные вещества,0,1,67.0,67.0,ПДК,,,,,,,,
2081,2012-04-30,Удмуртская Республика,Воткинский,д. Гавриловка,94608420101,р. Сива,Взвешенные вещества,0,1,69.0,69.0,ПДК,,,,,,,,
2082,2012-04-30,Удмуртская Республика,Воткинский,д. Гавриловка,94608420101,р. Сива,Взвешенные вещества,0,1,193.0,193.0,ПДК,,,,,,,,
2083,2012-04-30,Удмуртская Республика,Воткинский,д. Гавриловка,94608420101,р. Сива,Взвешенные вещества,0,1,134.0,134.0,ПДК,,,,,,,,
2087,2012-04-30,Чувашская Республика - Чувашия,Алатырь,г. Алатырь,97704000001,р. Алатырь,Взвешенные вещества,0,1,173.0,173.0,ПДК,,,,,,,,
2088,2012-05-31,Иркутская область,Свирск,г. Свирск,25746000001,вдхр. Братское,Взвешенные вещества,0,1,123.0,123.0,ПДК,,,,,,,,
2089,2012-05-31,Иркутская область,Свирск,г. Свирск,25746000001,вдхр. Братское,Взвешенные вещества,0,1,77.0,77.0,ПДК,,,,,,,,
2090,2012-05-31,Иркутская область,Свирск,г. Свирск,25746000001,вдхр. Братское,Взвешенные вещества,0,1,86.0,86.0,ПДК,,,,,,,,
2091,2012-05-31,Иркутская область,Свирск,г. Свирск,25746000001,вдхр. Братское,Взвешенные вещества,0,1,63.0,63.0,ПДК,,,,,,,,
2092,2012-05-31,Иркутская область,Иркутский район,с. Урик,25612425101,р. Куда,Взвешенные вещества,0,1,78.0,78.0,ПДК,,,,,,,,
2111,2012-05-31,Свердловская область,Белоярский городской округ,с. Колюткино,65706000201,р. Исеть,Взвешенные вещества,0,1,105.0,105.0,ПДК,,,,,,,,
2117,2012-05-31,Свердловская область,городской округ Первоуральск,г. Первоуральск,65753000001,р. Чусовая,Взвешенные вещества,0,1,96.0,96.0,ПДК,,,,,,,,
2122,2012-06-30,Вологодская область,Сокольский район,г. Сокол,19638101001,р. Пельшма,БПК5,0,1,21.0,21.0,ПДК,,,,,,,,
2123,2012-06-30,Иркутская область,Свирск,г. Свирск,25746000001,вдхр. Братское (р. Ангара),Взвешенные вещества,0,1,61.0,61.0,ПДК,,,,,,,,
2124,2012-06-30,Иркутская область,Иркутск,г. Иркутск,25701000001,р. Ангара,Взвешенные вещества,0,1,58.0,58.0,ПДК,,,,,,,,
2125,2012-06-30,Иркутская область,Иркутск,г. Иркутск,25701000001,р. Ангара,Взвешенные вещества,0,1,78.0,78.0,ПДК,,,,,,,,
2126,2012-06-30,Иркутская область,Иркутск,г. Иркутск,25701000001,р. Иркут,Взвешенные вещества,0,1,73.0,73.0,ПДК,,,,,,,,
2127,2012-06-30,Иркутская область,Иркутск,г. Иркутск,25701000001,р. Иркут,Взвешенные вещества,0,1,74.0,74.0,ПДК,,,,,,,,
2128,2012-06-30,Иркутская область,Ангарский район,г. Ангарск,25703000001,р. Китой,Взвешенные вещества,0,1,79.0,79.0,ПДК,,,,,,,,
2129,2012-06-30,Иркутская область,Ангарский район,г. Ангарск,25703000001,р. Китой,Взвешенные вещества,0,1,72.0,72.0,ПДК,,,,,,,,
2139,2012-06-30,Пермский край,Краснокамский район,г. Краснокамск,57720000001,вдхр. Воткинское (р. Кама),Взвешенные вещества,0,1,62.0,62.0,ПДК,,,,,,,,
2151,2012-06-30,Свердловская область,городской округ Заречный,г. Заречный,65737000001,вдхр. Белоярское (р. Пышма),Взвешенные вещества,0,1,71.0,71.0,ПДК,,,,,,,,
2162,2012-06-30,Свердловская область,муниципальное образование «город Екатеринбург»,г. Екатеринбург,65701000001,оз. Шарташ,Взвешенные вещества,0,1,76.0,76.0,ПДК,,,,,,,,
2163,2012-06-30,Свердловская область,муниципальное образование «город Екатеринбург»,г. Екатеринбург,65701000001,р. Исеть,Взвешенные вещества,0,1,60.0,60.0,ПДК,,,,,,,,
2165,2012-06-30,Свердловская область,Талицкий городской округ,г. Талица,65724000001,р. Пышма,Взвешенные вещества,0,1,74.0,74.0,ПДК,,,,,,,,
2172,2012-07-31,Иркутская область,Ангарский район,г. Ангарск,25703000001,р. Китой,Взвешенные вещества,0,1,95.0,95.0,ПДК,,,,,,,,
2173,2012-07-31,Иркутская область,Ангарский район,г. Ангарск,25703000001,р. Китой,Взвешенные вещества,0,1,88.0,88.0,ПДК,,,,,,,,
2189,2012-07-31,Пермский край,Чердынский район,п. Рябинино,57756000191,р. Вишера,Взвешенные вещества,0,1,54.0,54.0,ПДК,,,,,,,,
2199,2012-07-31,Свердловская область,муниципальное образование «город Екатеринбург»,г. Екатеринбург,65701000001,р. Исеть,Взвешенные вещества,0,1,71.0,71.0,ПДК,,,,,,,,
2200,2012-07-31,Свердловская область,муниципальное образование «город Екатеринбург»,г. Екатеринбург,65701000001,р. Исеть,Взвешенные вещества,0,1,72.0,72.0,ПДК,,,,,,,,
2201,2012-07-31,Свердловская область,муниципальное образование «город Екатеринбург»,г. Екатеринбург,65701000001,р. Исеть,Взвешенные вещества,0,1,77.0,77.0,ПДК,,,,,,,,
2202,2012-07-31,Свердловская область,Белоярский городской округ,с. Колюткино,65706000201,р. Исеть,Взвешенные вещества,0,1,59.0,59.0,ПДК,,,,,,,,
2207,2012-08-31,Курганская область,Шадринск,г. Шадринск,37705000001,р. Исеть,Взвешенные вещества,0,1,54.0,54.0,ПДК,,,,,,,,
2209,2012-08-31,Мурманская область,Городской округ город Мурманск,г. Мурманск,47701000001,руч. Варничный,БПК5,0,1,29.0,29.0,ПДК,,,,,,,,
2213,2012-08-31,Пермский край,Еловский район,с. Елово,57618407101,вдхр. Воткинское,Взвешенные вещества,0,1,91.0,91.0,ПДК,,,,,,,,
2214,2012-08-31,Пермский край,Чайковский район,г. Чайковский,57735000001,р. Кама,Взвешенные вещества,0,1,65.0,65.0,ПДК,,,,,,,,
2227,2012-08-31,Свердловская область,муниципальное образование «город Екатеринбург»,г. Екатеринбург,65701000001,р. Исеть,Взвешенные вещества,0,1,75.0,75.0,ПДК,,,,,,,,
2230,2012-08-31,Свердловская область,город Каменск-Уральский,г. Каменск-Уральский,65740000001,р. Исеть,Взвешенные вещества,0,1,65.0,65.0,ПДК,,,,,,,,
2231,2012-08-31,Свердловская область,город Каменск-Уральский,г. Каменск-Уральский,65740000001,р. Исеть,Взвешенные вещества,0,1,59.0,59.0,ПДК,,,,,,,,
2242,2012-09-30,Вологодская область,Сокольский район,г. Сокол,19638101001,р. Пельшма,БПК5,0,1,23.0,23.0,ПДК,,,,,,,,
2268,2012-10-31,Курганская область,Шадринск,г. Шадринск,37705000001,р. Исеть,Взвешенные вещества,0,1,54.0,54.0,ПДК,,,,,,,,
2287,2012-10-31,Свердловская область,муниципальное образование «город Екатеринбург»,г. Екатеринбург,65701000001,р. Исеть,Взвешенные вещества,0,1,74.0,74.0,ПДК,,,,,,,,
2288,2012-10-31,Свердловская область,муниципальное образование «город Екатеринбург»,г. Екатеринбург,65701000001,р. Исеть,Взвешенные вещества,0,1,111.0,111.0,ПДК,,,,,,,,
2289,2012-10-31,Свердловская область,муниципальное образование «город Екатеринбург»,г. Екатеринбург,65701000001,р. Исеть,Взвешенные вещества,0,1,101.0,101.0,ПДК,,,,,,,,
2290,2012-10-31,Свердловская область,муниципальное образование «город Екатеринбург»,г. Екатеринбург,65701000001,р. Исеть,Взвешенные вещества,0,1,187.0,187.0,ПДК,,,,,,,,
2291,2012-10-31,Свердловская область,Новолялинский городской округ,п. Лобва,65716000151,р. Лобва,Взвешенные вещества,0,1,89.0,89.0,ПДК,,,,,,,,
2292,2012-10-31,Свердловская область,муниципальное образование «город Екатеринбург»,г. Екатеринбург,65701000001,р. Патрушиха,Взвешенные вещества,0,1,110.0,110.0,ПДК,,,,,,,,
2299,2012-11-30,Курганская область,Шадринск,г. Шадринск,37705000001,р. Исеть,Взвешенные вещества,0,1,53.0,53.0,ПДК,,,,,,,,
2301,2012-11-30,Мурманская область,Городской округ город Мурманск,г. Мурманск,47701000001,руч. Варничный,БПК5,0,1,22.0,22.0,ПДК,,,,,,,,
2315,2012-11-30,Свердловская область,муниципальное образование «город Екатеринбург»,г. Екатеринбург,65701000001,р. Исеть,Взвешенные вещества,0,1,64.0,64.0,ПДК,,,,,,,,
2320,2012-12-31,Курганская область,Частоозёрский район,с. Бутырино,37636408101,оз. Бутырино,Взвешенные вещества,0,1,82.0,82.0,ПДК,,,,,,,,
2321,2012-12-31,Курганская область,Каргапольский район,рп. Каргаполье,37610151051,р. Миасс,Взвешенные вещества,0,1,83.0,83.0,ПДК,,,,,,,,
2332,2012-12-31,Пермский край,Карагайский район,с. Рождественск,57622434101,р. Обва,Взвешенные вещества,0,1,60.0,60.0,ПДК,,,,,,,,
2343,2012-12-31,Свердловская область,муниципальное образование «город Екатеринбург»,г. Екатеринбург,65701000001,р. Исеть,Взвешенные вещества,0,1,81.0,81.0,ПДК,,,,,,,,
2344,2012-12-31,Свердловская область,муниципальное образование «город Екатеринбург»,г. Екатеринбург,65701000001,р. Исеть,Взвешенные вещества,0,1,61.0,61.0,ПДК,,,,,,,,
2345,2012-12-31,Свердловская область,муниципальное образование «город Екатеринбург»,г. Екатеринбург,65701000001,р. Исеть,Взвешенные вещества,0,1,69.0,69.0,ПДК,,,,,,,,
2354,2013-01-31,Вологодская область,Сокольский район,г. Сокол,19638101001,р. Пельшма,БПК5,0,1,68.0,68.0,ПДК,,,,,,,,
2372,2013-01-31,Свердловская область,муниципальное образование «город Екатеринбург»,г. Екатеринбург,65701000001,р. Исеть,Взвешенные вещества,0,1,92.0,92.0,ПДК,,,,,,,,
2382,2013-02-28,Вологодская область,Сокольский район,г. Сокол,19638101001,р. Пельшма,БПК5,0,1,33.0,33.0,ПДК,,,,,,,,
2391,2013-02-28,Мурманская область,Городской округ город Мурманск,г. Мурманск,47701000001,руч. Варничный,БПК5,0,1,44.0,44.0,ПДК,,,,,,,,
2400,2013-02-28,Пермский край,Кизеловский район,г. Кизел,57719000001,р. Кедровка,Взвешенные вещества,0,1,173.0,173.0,ПДК,,,,,,,,
2414,2013-02-28,Свердловская область,муниципальное образование «город Екатеринбург»,г. Екатеринбург,65701000001,р. Исеть,Взвешенные вещества,0,1,60.0,60.0,ПДК,,,,,,,,
2445,2013-03-31,Вологодская область,Сокольский район,г. Сокол,19638101001,р. Пельшма,БПК5,0,1,26.0,26.0,ПДК,,,,,,,,
2498,2013-04-30,Иркутская область,Шелеховский район,г. Шелехов,25655101001,р. Олха,Взвешенные вещества,0,1,122.0,122.0,ПДК,,,,,,,,
2501,2013-04-30,Курганская область,Частоозёрский район,с. Бутырино,37636408101,оз. Бутырино,Взвешенные вещества,0,1,67.0,67.0,ПДК,,,,,,,,
2502,2013-04-30,Курганская область,Шадринск,г. Шадринск,37705000001,р. Исеть,Взвешенные вещества,0,1,63.0,63.0,ПДК,,,,,,,,
2503,2013-04-30,Курганская область,Каргапольский район,рп. Каргаполье,37610151051,р. Миасс,Взвешенные вещества,0,1,60.0,60.0,ПДК,,,,,,,,
2504,2013-04-30,Курганская область,Далматовский район,с. Першинское,37608467101,р. Теча,Взвешенные вещества,0,1,110.0,110.0,ПДК,,,,,,,,
2508,2013-04-30,Курганская область,Звериноголовский район,с. Звериноголовское,37609418101,р. Тобол,Взвешенные вещества,0,1,100.0,100.0,ПДК,,,,,,,,
2514,2013-04-30,Нижегородская область,Кстовский район,г. Кстово,22637101001,вдхр. Чебоксарское,Взвешенные вещества,0,1,105.0,105.0,ПДК,,,,,,,,
2534,2013-04-30,Свердловская область,городской округ Красноуральск,г. Красноуральск,65746000001,р. Айва,Взвешенные вещества,0,1,67.0,67.0,ПДК,,,,,,,,
2537,2013-04-30,Свердловская область,городской округ Красноуральск,г. Красноуральск,65746000001,р. Айва,Взвешенные вещества,0,1,54.0,54.0,ПДК,,,,,,,,
2538,2013-04-30,Свердловская область,муниципальное образование «город Екатеринбург»,г. Екатеринбург,65701000001,р. Исеть,Взвешенные вещества,0,1,53.0,53.0,ПДК,,,,,,,,
2539,2013-04-30,Свердловская область,муниципальное образование «город Екатеринбург»,г. Екатеринбург,65701000001,р. Исеть,Взвешенные вещества,0,1,51.0,51.0,ПДК,,,,,,,,
2549,2013-04-30,Свердловская область,городской округ Красноуфимск,г. Красноуфимск,65747000001,р. Уфа,Взвешенные вещества,0,1,73.0,73.0,ПДК,,,,,,,,
2550,2013-04-30,Свердловская область,Нижнесергинский муниципальный район,г. Михайловск,65628104001,р. Уфа,Взвешенные вещества,0,1,100.0,100.0,ПДК,,,,,,,,
2551,2013-04-30,Свердловская область,Горноуральский городской округ,д. Усть-Утка,65751000126,р. Чусовая,Взвешенные вещества,0,1,59.0,59.0,ПДК,,,,,,,,
2560,2013-04-30,Удмуртская Республика,Граховский,с. Грахово,94612422101,р. Адамка,Взвешенные вещества,0,1,164.0,164.0,ПДК,,,,,,,,
2561,2013-04-30,Удмуртская Республика,Граховский,с. Грахово,94612422101,р. Адамка,Взвешенные вещества,0,1,185.0,185.0,ПДК,,,,,,,,
2562,2013-04-30,Удмуртская Республика,Граховский,с. Грахово,94612422101,р. Адамка,Взвешенные вещества,0,1,85.0,85.0,ПДК,,,,,,,,
2563,2013-04-30,Удмуртская Республика,Игринский,п. Игра,94618415101,р. Лоза,Взвешенные вещества,0,1,305.0,305.0,ПДК,,,,,,,,
2564,2013-04-30,Удмуртская Республика,Воткинский,д. Гавриловка,94608420101,р. Сива,Взвешенные вещества,0,1,55.0,55.0,ПДК,,,,,,,,
2565,2013-04-30,Удмуртская Республика,Воткинский,д. Гавриловка,94608420101,р. Сива,Взвешенные вещества,0,1,155.0,155.0,ПДК,,,,,,,,
2566,2013-04-30,Удмуртская Республика,Воткинский,д. Гавриловка,94608420101,р. Сива,Взвешенные вещества,0,1,139.0,139.0,ПДК,,,,,,,,
2567,2013-04-30,Удмуртская Республика,Кезский,с. Полом,94624455101,р. Чепца,Взвешенные вещества,0,1,101.0,101.0,ПДК,,,,,,,,
2569,2013-05-31,Иркутская область,Свирск,г. Свирск,25746000001,вдхр. Братское,Взвешенные вещества,0,1,171.0,171.0,ПДК,,,,,,,,
2578,2013-05-31,Пермский край,Еловский район,с. Елово,57618407101,вдхр. Воткинское,Взвешенные вещества,0,1,65.0,65.0,ПДК,,,,,,,,
2579,2013-05-31,Пермский край,Чайковский район,г. Чайковский,57735000001,р. Кама,Взвешенные вещества,0,1,69.0,69.0,ПДК,,,,,,,,
2582,2013-05-31,Пермский край,Карагайский район,с. Рождественск,57622434101,р. Обва,Взвешенные вещества,0,1,57.0,57.0,ПДК,,,,,,,,
2585,2013-05-31,Республика Коми,ГО Сыктывкар,г. Сыктывкар,87701000001,р. Вычегда,ХПК,0,1,66.0,66.0,ПДК,,,,,,,,
2586,2013-05-31,Республика Коми,ГО Сыктывкар,г. Сыктывкар,87701000001,р. Вычегда,ХПК,0,1,69.0,69.0,ПДК,,,,,,,,
2588,2013-05-31,Республика Коми,ГО Сыктывкар,г. Сыктывкар,87701000001,р. Вычегда,ХПК,0,1,74.0,74.0,ПДК,,,,,,,,
2591,2013-05-31,Республика Коми,ГО Сыктывкар,г. Сыктывкар,87701000001,р. Вычегда,ХПК,0,1,71.0,71.0,ПДК,,,,,,,,
2596,2013-05-31,Свердловская область,муниципальное образование «город Екатеринбург»,г. Екатеринбург,65701000001,р. Исеть,Взвешенные вещества,0,1,122.0,122.0,ПДК,,,,,,,,
2597,2013-05-31,Свердловская область,город Каменск-Уральский,г. Каменск-Уральский,65740000001,р. Исеть,Взвешенные вещества,0,1,52.0,52.0,ПДК,,,,,,,,
2600,2013-05-31,Свердловская область,Талицкий городской округ,г. Талица,65724000001,р. Пышма,Взвешенные вещества,0,1,101.0,101.0,ПДК,,,,,,,,
2601,2013-05-31,Свердловская область,Талицкий городской округ,г. Талица,65724000001,р. Пышма,Взвешенные вещества,0,1,113.0,113.0,ПДК,,,,,,,,
2608,2013-05-31,Удмуртская Республика,Воткинский,д. Гавриловка,94608420101,р. Сива,Взвешенные вещества,0,1,56.0,56.0,ПДК,,,,,,,,
2609,2013-05-31,Удмуртская Республика,Воткинский,д. Гавриловка,94608420101,р. Сива,Взвешенные вещества,0,1,143.0,143.0,ПДК,,,,,,,,
2612,2013-06-30,Иркутская область,Иркутск,г. Иркутск,25701000001,р. Ангара,Взвешенные вещества,0,1,67.0,67.0,ПДК,,,,,,,,
2613,2013-06-30,Курганская область,Шадринск,г. Шадринск,37705000001,р. Исеть,Взвешенные вещества,0,1,58.0,58.0,ПДК,,,,,,,,
2615,2013-06-30,Магаданская область,Тенькинский,п. Омчак,44716000106,р. Омчак,Взвешенные вещества,0,1,343.0,343.0,ПДК,,,,,,,,
2616,2013-06-30,Магаданская область,Тенькинский,п. Транспортный,44716000116,р. Омчак,Взвешенные вещества,0,1,326.0,326.0,ПДК,,,,,,,,
2633,2013-06-30,Свердловская область,муниципальное образование «город Екатеринбург»,г. Екатеринбург,65701000001,р. Исеть,Взвешенные вещества,0,1,58.0,58.0,ПДК,,,,,,,,
2635,2013-06-30,Свердловская область,Камышловский городской округ,г. Камышлов,65741000001,р. Пышма,Взвешенные вещества,0,1,56.0,56.0,ПДК,,,,,,,,
2636,2013-06-30,Свердловская область,Талицкий городской округ,г. Талица,65724000001,р. Пышма,Взвешенные вещества,0,1,89.0,89.0,ПДК,,,,,,,,
2637,2013-06-30,Свердловская область,Талицкий городской округ,г. Талица,65724000001,р. Пышма,Взвешенные вещества,0,1,83.0,83.0,ПДК,,,,,,,,
2642,2013-06-30,Свердловская область,городской округ Краснотурьинск,г. Краснотурьинск,65745000001,р. Турья,Взвешенные вещества,0,1,82.0,82.0,ПДК,,,,,,,,
2654,2013-07-31,Иркутская область,Иркутск,г. Иркутск,25701000001,р. Ангара,Взвешенные вещества,0,1,85.0,85.0,ПДК,,,,,,,,
2655,2013-07-31,Иркутская область,Иркутск,г. Иркутск,25701000001,р. Ангара,Взвешенные вещества,0,1,97.0,97.0,ПДК,,,,,,,,
2656,2013-07-31,Иркутская область,Иркутск,г. Иркутск,25701000001,р. Ангара,Взвешенные вещества,0,1,78.0,78.0,ПДК,,,,,,,,
2658,2013-07-31,Курганская область,Шадринск,г. Шадринск,37705000001,р. Исеть,Взвешенные вещества,0,1,95.0,95.0,ПДК,,,,,,,,
2659,2013-07-31,Курганская область,Шатровский район,с. Мехонское,37640440101,р. Исеть,Взвешенные вещества,0,1,98.0,98.0,ПДК,,,,,,,,
2660,2013-07-31,Курганская область,Каргапольский район,рп. Каргаполье,37610151051,р. Миасс,Взвешенные вещества,0,1,85.0,85.0,ПДК,,,,,,,,
2672,2013-07-31,Свердловская область,городской округ Красноуральск,г. Красноуральск,65746000001,р. Айва,Взвешенные вещества,0,1,53.0,53.0,ПДК,,,,,,,,
2673,2013-07-31,Свердловская область,Муниципальное образование город Алапаевск,г. Алапаевск,65728000001,р. Нейва,Взвешенные вещества,0,1,54.0,54.0,ПДК,,,,,,,,
2674,2013-07-31,Свердловская область,городской округ Первоуральск,г. Первоуральск,65753000001,р. Пахотка,Взвешенные вещества,0,1,96.0,96.0,ПДК,,,,,,,,
2678,2013-07-31,Свердловская область,Талицкий городской округ,г. Талица,65724000001,р. Пышма,Взвешенные вещества,0,1,60.0,60.0,ПДК,,,,,,,,
2685,2013-08-31,Курганская область,Шадринск,г. Шадринск,37705000001,р. Исеть,Взвешенные вещества,0,1,52.0,52.0,ПДК,,,,,,,,
2686,2013-08-31,Мурманская область,Городской округ город Мурманск,г. Мурманск,47701000001,руч. Варничный,БПК5,0,1,25.0,25.0,ПДК,,,,,,,,
2695,2013-08-31,Свердловская область,муниципальное образование «город Екатеринбург»,г. Екатеринбург,65701000001,р. Исеть,Взвешенные вещества,0,1,66.0,66.0,ПДК,,,,,,,,
2698,2013-08-31,Свердловская область,Талицкий городской округ,г. Талица,65724000001,р. Пышма,Взвешенные вещества,0,1,73.0,73.0,ПДК,,,,,,,,
2702,2013-08-31,Свердловская область,городской округ Верхотурский,г. Верхотурье,65709000001,р. Тура,Взвешенные вещества,0,1,83.0,83.0,ПДК,,,,,,,,
2703,2013-08-31,Свердловская область,Туринский городской округ,г. Туринск,65726000001,р. Тура,Взвешенные вещества,0,1,97.0,97.0,ПДК,,,,,,,,
2706,2013-09-30,Курганская область,Шадринск,г. Шадринск,37705000001,р. Исеть,Взвешенные вещества,0,1,53.0,53.0,ПДК,,,,,,,,
2718,2013-09-30,Свердловская область,муниципальное образование «город Екатеринбург»,г. Екатеринбург,65701000001,р. Исеть,Взвешенные вещества,0,1,91.0,91.0,ПДК,,,,,,,,
2719,2013-09-30,Свердловская область,Новолялинский городской округ,г. Новая Ляля,65716000001,р. Ляля,Взвешенные вещества,0,1,88.0,88.0,ПДК,,,,,,,,
2720,2013-09-30,Свердловская область,Талицкий городской округ,г. Талица,65724000001,р. Пышма,Взвешенные вещества,0,1,74.0,74.0,ПДК,,,,,,,,
2721,2013-09-30,Свердловская область,Талицкий городской округ,г. Талица,65724000001,р. Пышма,Взвешенные вещества,0,1,58.0,58.0,ПДК,,,,,,,,
2722,2013-10-31,Иркутская область,Свирск,г. Свирск,25746000001,вдхр. Братское,Взвешенные вещества,0,1,117.0,117.0,ПДК,,,,,,,,
2723,2013-10-31,Курганская область,Шадринск,г. Шадринск,37705000001,р. Исеть,Взвешенные вещества,0,1,69.0,69.0,ПДК,,,,,,,,
2724,2013-10-31,Курганская область,Шадринск,г. Шадринск,37705000001,р. Исеть,Взвешенные вещества,0,1,111.0,111.0,ПДК,,,,,,,,
2725,2013-10-31,Курганская область,Шатровский район,с. Мехонское,37640440101,р. Исеть,Взвешенные вещества,0,1,84.0,84.0,ПДК,,,,,,,,
2738,2013-10-31,Свердловская область,муниципальное образование «город Екатеринбург»,г. Екатеринбург,65701000001,р. Исеть,Взвешенные вещества,0,1,143.0,143.0,ПДК,,,,,,,,
2739,2013-10-31,Свердловская область,городской округ Первоуральск,г. Первоуральск,65753000001,р. Пахотка,Взвешенные вещества,0,1,59.0,59.0,ПДК,,,,,,,,
2741,2013-10-31,Свердловская область,Режевской городской округ,г. Реж,65720000001,р. Реж,Взвешенные вещества,0,1,58.0,58.0,ПДК,,,,,,,,
2742,2013-10-31,Свердловская область,Полевской городской округ,г. Полевской,65754000001,р. Северушка,Взвешенные вещества,0,1,59.0,59.0,ПДК,,,,,,,,
2743,2013-10-31,Свердловская область,Муниципальное образование Алапаевское,с. Нижняя Синячиха,65771000431,р. Синячиха,Взвешенные вещества,0,1,61.0,61.0,ПДК,,,,,,,,
2747,2013-11-30,Иркутская область,Иркутск,г. Иркутск,25701000001,р. Ангара,Взвешенные вещества,0,1,76.0,76.0,ПДК,,,,,,,,
2748,2013-11-30,Иркутская область,Иркутск,г. Иркутск,25701000001,р. Ангара,Взвешенные вещества,0,1,76.0,76.0,ПДК,,,,,,,,
2759,2013-11-30,Свердловская область,муниципальное образование «город Екатеринбург»,г. Екатеринбург,65701000001,р. Исеть,Взвешенные вещества,0,1,124.0,124.0,ПДК,,,,,,,,
2763,2013-11-30,Свердловская область,городской округ Красноуфимск,г. Красноуфимск,65747000001,р. Уфа,Взвешенные вещества,0,1,114.0,114.0,ПДК,,,,,,,,
2764,2013-12-31,Курганская область,Частоозёрский район,с. Бутырино,37636408101,оз. Бутырино,Взвешенные вещества,0,1,54.0,54.0,ПДК,,,,,,,,
2777,2013-12-31,Свердловская область,муниципальное образование «город Екатеринбург»,г. Екатеринбург,65701000001,р. Исеть,Взвешенные вещества,0,1,90.0,90.0,ПДК,,,,,,,,
2778,2013-12-31,Свердловская область,муниципальное образование «город Екатеринбург»,г. Екатеринбург,65701000001,р. Исеть,Взвешенные вещества,0,1,106.0,106.0,ПДК,,,,,,,,
2779,2013-12-31,Свердловская область,Новолялинский городской округ,п. Лобва,65716000151,р. Лобва,Взвешенные вещества,0,1,76.0,76.0,ПДК,,,,,,,,
2781,2013-12-31,Свердловская область,Полевской городской округ,г. Полевской,65754000001,р. Северушка,Взвешенные вещества,0,1,70.0,70.0,ПДК,,,,,,,,
2785,2013-12-31,Свердловская область,городской округ Красноуфимск,г. Красноуфимск,65747000001,р. Уфа,Взвешенные вещества,0,1,75.0,75.0,ПДК,,,,,,,,
2787,2014-01-31,Нижегородская область,Кстовский район,г. Кстово,22637101001,вдхр. Чебоксарское,Взвешенные вещества,0,1,60.0,60.0,ПДК,,,,,,,,
2788,2014-01-31,Нижегородская область,Павловский район,г. Горбатов,22642105001,р. Ока,Взвешенные вещества,0,1,69.0,69.0,ПДК,,,,,,,,
2792,2014-01-31,Приморский край,Арсеньевский,г. Арсеньев,5703000001,р. Дачная,БПК5,0,1,34.0,34.0,ПДК,,,,,,,,
2798,2014-01-31,Свердловская область,муниципальное образование «город Екатеринбург»,г. Екатеринбург,65701000001,р. Исеть,Взвешенные вещества,0,1,196.0,196.0,ПДК,,,,,,,,
2799,2014-01-31,Свердловская область,Серовский городской округ,г. Серов,65756000001,р. Каква,Взвешенные вещества,0,1,65.0,65.0,ПДК,,,,,,,,
2811,2014-02-28,Мурманская область,Городской округ город Мурманск,г. Мурманск,47701000001,руч. Варничный,БПК5,0,1,68.0,68.0,ПДК,,,,,,,,
2828,2014-02-28,Приморский край,Арсеньевский,г. Арсеньев,5703000001,р. Дачная,БПК5,0,1,23.0,23.0,ПДК,,,,,,,,
2838,2014-02-28,Свердловская область,муниципальное образование «город Екатеринбург»,г. Екатеринбург,65701000001,р. Исеть,Взвешенные вещества,0,1,71.0,71.0,ПДК,,,,,,,,
2845,2014-02-28,Свердловская область,Муниципальное образование Алапаевское,с. Нижняя Синячиха,65771000431,р. Синячиха,Взвешенные вещества,0,1,52.0,52.0,ПДК,,,,,,,,
2885,2014-03-31,Свердловская область,муниципальное образование «город Екатеринбург»,г. Екатеринбург,65701000001,р. Исеть,Взвешенные вещества,0,1,123.0,123.0,ПДК,,,,,,,,
2920,2014-04-30,Иркутская область,Свирск,г. Свирск,25746000001,вдхр. Братское,Взвешенные вещества,0,1,57.0,57.0,ПДК,,,,,,,,
2922,2014-04-30,Курганская область,Шадринск,г. Шадринск,37705000001,р. Исеть,Взвешенные вещества,0,1,94.0,94.0,ПДК,,,,,,,,
2923,2014-04-30,Курганская область,Каргапольский район,рп. Каргаполье,37610151051,р. Миасс,Взвешенные вещества,0,1,286.0,286.0,ПДК,,,,,,,,
2924,2014-04-30,Курганская область,Далматовский район,с. Першинское,37608467101,р. Теча,Взвешенные вещества,0,1,73.0,73.0,ПДК,,,,,,,,
2927,2014-04-30,Курганская область,Белозерский район,с. Белозерское,37604408101,р. Тобол,Взвешенные вещества,0,1,107.0,107.0,ПДК,,,,,,,,
2948,2014-04-30,Свердловская область,город Каменск-Уральский,г. Каменск-Уральский,65740000001,р. Исеть,Взвешенные вещества,0,1,70.0,70.0,ПДК,,,,,,,,
2949,2014-04-30,Свердловская область,Белоярский городской округ,с. Колюткино,65706000201,р. Исеть,Взвешенные вещества,0,1,115.0,115.0,ПДК,,,,,,,,
2950,2014-04-30,Свердловская область,городской округ Богданович,г. Богданович,65707000001,р. Кунара,Взвешенные вещества,0,1,102.0,102.0,ПДК,,,,,,,,
2951,2014-04-30,Свердловская область,Новолялинский городской округ,п. Лобва,65716000151,р. Лобва,Взвешенные вещества,0,1,81.0,81.0,ПДК,,,,,,,,
2954,2014-04-30,Свердловская область,муниципальное образование «город Екатеринбург»,г. Екатеринбург,65701000001,р. Патрушиха,Взвешенные вещества,0,1,75.0,75.0,ПДК,,,,,,,,
2956,2014-04-30,Свердловская область,городской округ Первоуральск,г. Первоуральск,65753000001,р. Пахотка,Взвешенные вещества,0,1,59.0,59.0,ПДК,,,,,,,,
2957,2014-04-30,Свердловская область,городской округ Первоуральск,г. Первоуральск,65753000001,р. Пахотка,Взвешенные вещества,0,1,97.0,97.0,ПДК,,,,,,,,
2958,2014-04-30,Свердловская область,городской округ Первоуральск,г. Первоуральск,65753000001,р. Пахотка,Взвешенные вещества,0,1,399.0,399.0,ПДК,,,,,,,,
2959,2014-04-30,Свердловская область,Берёзовский городской округ,г. Березовский,65731000001,р. Пышма,Взвешенные вещества,0,1,70.0,70.0,ПДК,,,,,,,,
2961,2014-04-30,Свердловская область,Камышловский городской округ,г. Камышлов,65741000001,р. Пышма,Взвешенные вещества,0,1,215.0,215.0,ПДК,,,,,,,,
2962,2014-04-30,Свердловская область,Камышловский городской округ,г. Камышлов,65741000001,р. Пышма,Взвешенные вещества,0,1,60.0,60.0,ПДК,,,,,,,,
2963,2014-04-30,Свердловская область,городской округ Сухой Лог,г. Сухой Лог,65758000001,р. Пышма,Взвешенные вещества,0,1,62.0,62.0,ПДК,,,,,,,,
2964,2014-04-30,Свердловская область,городской округ Сухой Лог,г. Сухой Лог,65758000001,р. Пышма,Взвешенные вещества,0,1,214.0,214.0,ПДК,,,,,,,,
2972,2014-04-30,Свердловская область,Туринский городской округ,г. Туринск,65726000001,р. Тура,Взвешенные вещества,0,1,151.0,151.0,ПДК,,,,,,,,
2974,2014-04-30,Свердловская область,Полевской городской округ,с. Косой Брод,65754000151,р. Чусовая,Взвешенные вещества,0,1,63.0,63.0,ПДК,,,,,,,,
2984,2014-04-30,Удмуртская Республика,Граховский,с. Грахово,94612422101,р. Адамка,Взвешенные вещества,0,1,55.0,55.0,ПДК,,,,,,,,
2985,2014-04-30,Удмуртская Республика,Граховский,с. Грахово,94612422101,р. Адамка,Взвешенные вещества,0,1,231.0,231.0,ПДК,,,,,,,,
2986,2014-04-30,Удмуртская Республика,Граховский,с. Грахово,94612422101,р. Адамка,Взвешенные вещества,0,1,69.0,69.0,ПДК,,,,,,,,
2987,2014-04-30,Удмуртская Республика,Игринский,п. Игра,94618415101,р. Лоза,Взвешенные вещества,0,1,59.0,59.0,ПДК,,,,,,,,
2988,2014-04-30,Удмуртская Республика,Воткинский,д. Гавриловка,94608420101,р. Сива,Взвешенные вещества,0,1,123.0,123.0,ПДК,,,,,,,,
2989,2014-04-30,Удмуртская Республика,Воткинский,д. Гавриловка,94608420101,р. Сива,Взвешенные вещества,0,1,164.0,164.0,ПДК,,,,,,,,
2990,2014-04-30,Удмуртская Республика,Кезский,с. Полом,94624455101,р. Чепца,Взвешенные вещества,0,1,65.0,65.0,ПДК,,,,,,,,
3002,2014-05-31,Курганская область,Частоозёрский район,с. Бутырино,37636408101,оз. Бутырино,Взвешенные вещества,0,1,101.0,101.0,ПДК,,,,,,,,
3003,2014-05-31,Курганская область,Шадринск,г. Шадринск,37705000001,р. Исеть,Взвешенные вещества,0,1,59.0,59.0,ПДК,,,,,,,,
3004,2014-05-31,Курганская область,Каргапольский район,рп. Каргаполье,37610151051,р. Миасс,Взвешенные вещества,0,1,154.0,154.0,ПДК,,,,,,,,
3006,2014-05-31,Курганская область,Далматовский район,с. Першинское,37608467101,р. Теча,Взвешенные вещества,0,1,112.0,112.0,ПДК,,,,,,,,
3017,2014-05-31,Нижегородская область,Нижний Новгород,г. Нижний Новгород,22701000001,вдхр. Чебоксарское,Взвешенные вещества,0,1,77.0,77.0,ПДК,,,,,,,,
3018,2014-05-31,Нижегородская область,Нижний Новгород,г. Нижний Новгород,22701000001,вдхр. Чебоксарское,Взвешенные вещества,0,1,58.0,58.0,ПДК,,,,,,,,
3019,2014-05-31,Нижегородская область,Павловский район,г. Ворсма,22542000003,р. Ворсма,Взвешенные вещества,0,1,51.0,51.0,ПДК,,,,,,,,
3020,2014-05-31,Нижегородская область,Дзержинск,г. Дзержинск,22721000001,р. Ока,Взвешенные вещества,0,1,124.0,124.0,ПДК,,,,,,,,
3021,2014-05-31,Нижегородская область,Дзержинск,г. Дзержинск,22721000001,р. Ока,Взвешенные вещества,0,1,140.0,140.0,ПДК,,,,,,,,
3029,2014-05-31,Свердловская область,городской округ Заречный,г. Заречный,65737000001,вдхр. Белоярское,Взвешенные вещества,0,1,82.0,82.0,ПДК,,,,,,,,
3032,2014-05-31,Свердловская область,Берёзовский городской округ,г. Березовский,65731000001,р. Березовка,Взвешенные вещества,0,1,295.0,295.0,ПДК,,,,,,,,
3034,2014-05-31,Свердловская область,Североуральский городской округ,г. Североуральск,65755000001,р. Вагран,Взвешенные вещества,0,1,68.0,68.0,ПДК,,,,,,,,
3035,2014-05-31,Свердловская область,муниципальное образование «город Екатеринбург»,г. Екатеринбург,65701000001,р. Исеть,Взвешенные вещества,0,1,72.0,72.0,ПДК,,,,,,,,
3036,2014-05-31,Свердловская область,муниципальное образование «город Екатеринбург»,г. Екатеринбург,65701000001,р. Исеть,Взвешенные вещества,0,1,75.0,75.0,ПДК,,,,,,,,
3037,2014-05-31,Свердловская область,муниципальное образование «город Екатеринбург»,г. Екатеринбург,65701000001,р. Исеть,Взвешенные вещества,0,1,163.0,163.0,ПДК,,,,,,,,
3038,2014-05-31,Свердловская область,город Каменск-Уральский,г. Каменск-Уральский,65740000001,р. Исеть,Взвешенные вещества,0,1,127.0,127.0,ПДК,,,,,,,,
3039,2014-05-31,Свердловская область,городской округ Первоуральск,г. Первоуральск,65753000001,р. Пахотка,Взвешенные вещества,0,1,129.0,129.0,ПДК,,,,,,,,
3040,2014-05-31,Свердловская область,городской округ Первоуральск,г. Первоуральск,65753000001,р. Пахотка,Взвешенные вещества,0,1,253.0,253.0,ПДК,,,,,,,,
3041,2014-05-31,Свердловская область,городской округ Первоуральск,г. Первоуральск,65753000001,р. Пахотка,Взвешенные вещества,0,1,52.0,52.0,ПДК,,,,,,,,
3042,2014-05-31,Свердловская область,городской округ Первоуральск,г. Первоуральск,65753000001,р. Пахотка,Взвешенные вещества,0,1,159.0,159.0,ПДК,,,,,,,,
3043,2014-05-31,Свердловская область,городской округ Первоуральск,г. Первоуральск,65753000001,р. Пахотка,Взвешенные вещества,0,1,165.0,165.0,ПДК,,,,,,,,
3044,2014-05-31,Свердловская область,городской округ Первоуральск,г. Первоуральск,65753000001,р. Пахотка,Взвешенные вещества,0,1,203.0,203.0,ПДК,,,,,,,,
3045,2014-05-31,Свердловская область,городской округ Первоуральск,г. Первоуральск,65753000001,р. Пахотка,Взвешенные вещества,0,1,243.0,243.0,ПДК,,,,,,,,
3046,2014-05-31,Свердловская область,городской округ Первоуральск,г. Первоуральск,65753000001,р. Пахотка,Взвешенные вещества,0,1,232.0,232.0,ПДК,,,,,,,,
3047,2014-05-31,Свердловская область,городской округ Первоуральск,г. Первоуральск,65753000001,р. Пахотка,Взвешенные вещества,0,1,153.0,153.0,ПДК,,,,,,,,
3048,2014-05-31,Свердловская область,городской округ Первоуральск,г. Первоуральск,65753000001,р. Пахотка,Взвешенные вещества,0,1,167.0,167.0,ПДК,,,,,,,,
3049,2014-05-31,Свердловская область,городской округ Первоуральск,г. Первоуральск,65753000001,р. Пахотка,Взвешенные вещества,0,1,77.0,77.0,ПДК,,,,,,,,
3050,2014-05-31,Свердловская область,Берёзовский городской округ,г. Березовский,65731000001,р. Пышма,Взвешенные вещества,0,1,62.0,62.0,ПДК,,,,,,,,
3051,2014-05-31,Свердловская область,Талицкий городской округ,г. Талица,65724000001,р. Пышма,Взвешенные вещества,0,1,95.0,95.0,ПДК,,,,,,,,
3052,2014-05-31,Свердловская область,Талицкий городской округ,г. Талица,65724000001,р. Пышма,Взвешенные вещества,0,1,92.0,92.0,ПДК,,,,,,,,
3056,2014-05-31,Свердловская область,Сысертский городской округ,п. Двуреченск,65722000181,р. Сысерть,Взвешенные вещества,0,1,63.0,63.0,ПДК,,,,,,,,
3057,2014-05-31,Свердловская область,Сысертский городской округ,п. Двуреченск,65722000181,р. Сысерть,Взвешенные вещества,0,1,71.0,71.0,ПДК,,,,,,,,
3058,2014-05-31,Свердловская область,городской округ Верхотурский,г. Верхотурье,65709000001,р. Тура,Взвешенные вещества,0,1,53.0,53.0,ПДК,,,,,,,,
3059,2014-05-31,Свердловская область,городской округ Первоуральск,г. Первоуральск,65753000001,р. Чусовая,Взвешенные вещества,0,1,191.0,191.0,ПДК,,,,,,,,
3061,2014-06-30,Иркутская область,Иркутск,г. Иркутск,25701000001,р. Иркут,Взвешенные вещества,0,1,61.0,61.0,ПДК,,,,,,,,
3063,2014-06-30,Курганская область,Шадринск,г. Шадринск,37705000001,р. Исеть,Взвешенные вещества,0,1,70.0,70.0,ПДК,,,,,,,,
3078,2014-06-30,Приморский край,Арсеньевский,г. Арсеньев,5703000001,р. Дачная,БПК5,0,1,25.0,25.0,ПДК,,,,,,,,
3081,2014-06-30,Свердловская область,муниципальное образование «город Екатеринбург»,г. Екатеринбург,65701000001,оз. Шарташ,Взвешенные вещества,0,1,60.0,60.0,ПДК,,,,,,,,
3083,2014-06-30,Свердловская область,муниципальное образование «город Екатеринбург»,г. Екатеринбург,65701000001,р. Исеть,Взвешенные вещества,0,1,74.0,74.0,ПДК,,,,,,,,
3084,2014-06-30,Свердловская область,муниципальное образование «город Екатеринбург»,г. Екатеринбург,65701000001,р. Исеть,Взвешенные вещества,0,1,157.0,157.0,ПДК,,,,,,,,
3085,2014-06-30,Свердловская область,Белоярский городской округ,с. Колюткино,65706000201,р. Исеть,Взвешенные вещества,0,1,63.0,63.0,ПДК,,,,,,,,
3086,2014-06-30,Свердловская область,Сысертский городской округ,п. Двуреченск,65722000181,р. Исеть,Взвешенные вещества,0,1,71.0,71.0,ПДК,,,,,,,,
3087,2014-06-30,Свердловская область,Сысертский городской округ,п. Двуреченск,65722000181,р. Исеть,Взвешенные вещества,0,1,68.0,68.0,ПДК,,,,,,,,
3088,2014-06-30,Свердловская область,Ирбитское муниципальное образование,г. Ирбит,65739000001,р. Ница,Взвешенные вещества,0,1,92.0,92.0,ПДК,,,,,,,,
3089,2014-06-30,Свердловская область,муниципальное образование «город Екатеринбург»,г. Екатеринбург,65701000001,р. Патрушиха,Взвешенные вещества,0,1,85.0,85.0,ПДК,,,,,,,,
3090,2014-06-30,Свердловская область,городской округ Первоуральск,г. Первоуральск,65753000001,р. Пахотка,Взвешенные вещества,0,1,83.0,83.0,ПДК,,,,,,,,
3092,2014-06-30,Свердловская область,городской округ Первоуральск,г. Первоуральск,65753000001,р. Пахотка,Взвешенные вещества,0,1,65.0,65.0,ПДК,,,,,,,,
3093,2014-06-30,Свердловская область,городской округ Первоуральск,г. Первоуральск,65753000001,р. Пахотка,Взвешенные вещества,0,1,77.0,77.0,ПДК,,,,,,,,
3094,2014-06-30,Свердловская область,городской округ Первоуральск,г. Первоуральск,65753000001,р. Пахотка,Взвешенные вещества,0,1,77.0,77.0,ПДК,,,,,,,,
3095,2014-06-30,Свердловская область,городской округ Первоуральск,г. Первоуральск,65753000001,р. Пахотка,Взвешенные вещества,0,1,99.0,99.0,ПДК,,,,,,,,
3096,2014-06-30,Свердловская область,городской округ Первоуральск,г. Первоуральск,65753000001,р. Пахотка,Взвешенные вещества,0,1,133.0,133.0,ПДК,,,,,,,,
3097,2014-06-30,Свердловская область,городской округ Первоуральск,г. Первоуральск,65753000001,р. Пахотка,Взвешенные вещества,0,1,199.0,199.0,ПДК,,,,,,,,
3098,2014-06-30,Свердловская область,городской округ Первоуральск,г. Первоуральск,65753000001,р. Пахотка,Взвешенные вещества,0,1,55.0,55.0,ПДК,,,,,,,,
3099,2014-06-30,Свердловская область,городской округ Первоуральск,г. Первоуральск,65753000001,р. Пахотка,Взвешенные вещества,0,1,162.0,162.0,ПДК,,,,,,,,
3100,2014-06-30,Свердловская область,городской округ Первоуральск,г. Первоуральск,65753000001,р. Пахотка,Взвешенные вещества,0,1,64.0,64.0,ПДК,,,,,,,,
3101,2014-06-30,Свердловская область,Берёзовский городской округ,г. Березовский,65731000001,р. Пышма,Взвешенные вещества,0,1,95.0,95.0,ПДК,,,,,,,,
3102,2014-06-30,Свердловская область,Камышловский городской округ,г. Камышлов,65741000001,р. Пышма,Взвешенные вещества,0,1,61.0,61.0,ПДК,,,,,,,,
3103,2014-06-30,Свердловская область,Талицкий городской округ,г. Талица,65724000001,р. Пышма,Взвешенные вещества,0,1,139.0,139.0,ПДК,,,,,,,,
3107,2014-06-30,Свердловская область,Слободо-Туринский муниципальный район,с. Тимофеево,65639460161,р. Тура,Взвешенные вещества,0,1,52.0,52.0,ПДК,,,,,,,,
3108,2014-06-30,Свердловская область,городской округ Первоуральск,г. Первоуральск,65753000001,р. Чусовая,Взвешенные вещества,0,1,82.0,82.0,ПДК,,,,,,,,
3119,2014-07-31,Иркутская область,Иркутск,г. Иркутск,25701000001,р. Иркут,Взвешенные вещества,0,1,54.0,54.0,ПДК,,,,,,,,
3120,2014-07-31,Иркутская область,Иркутск,г. Иркутск,25701000001,р. Иркут,Взвешенные вещества,0,1,64.0,64.0,ПДК,,,,,,,,
3121,2014-07-31,Магаданская область,Тенькинский,п. Омчак,44716000106,р. Омчак,Взвешенные вещества,0,1,1313.0,1313.0,ПДК,,,,,,,,
3126,2014-07-31,Нижегородская область,Дзержинск,г. Дзержинск,22721000001,р. Ока,Взвешенные вещества,0,1,67.0,67.0,ПДК,,,,,,,,
3127,2014-07-31,Нижегородская область,Дзержинск,г. Дзержинск,22721000001,р. Ока,Взвешенные вещества,0,1,67.0,67.0,ПДК,,,,,,,,
3137,2014-07-31,Свердловская область,Берёзовский городской округ,г. Березовский,65731000001,р. Березовка,Взвешенные вещества,0,1,219.0,219.0,ПДК,,,,,,,,
3138,2014-07-31,Свердловская область,муниципальное образование «город Екатеринбург»,г. Екатеринбург,65701000001,р. Исеть,Взвешенные вещества,0,1,65.0,65.0,ПДК,,,,,,,,
3139,2014-07-31,Свердловская область,городской округ Первоуральск,г. Первоуральск,65753000001,р. Пахотка,Взвешенные вещества,0,1,51.0,51.0,ПДК,,,,,,,,
3140,2014-07-31,Свердловская область,городской округ Первоуральск,г. Первоуральск,65753000001,р. Пахотка,Взвешенные вещества,0,1,74.0,74.0,ПДК,,,,,,,,
3141,2014-07-31,Свердловская область,городской округ Первоуральск,г. Первоуральск,65753000001,р. Пахотка,Взвешенные вещества,0,1,90.0,90.0,ПДК,,,,,,,,
3142,2014-07-31,Свердловская область,Берёзовский городской округ,г. Березовский,65731000001,р. Пышма,Взвешенные вещества,0,1,51.0,51.0,ПДК,,,,,,,,
3143,2014-07-31,Свердловская область,Камышловский городской округ,г. Камышлов,65741000001,р. Пышма,Взвешенные вещества,0,1,53.0,53.0,ПДК,,,,,,,,
3144,2014-07-31,Свердловская область,Камышловский городской округ,г. Камышлов,65741000001,р. Пышма,Взвешенные вещества,0,1,51.0,51.0,ПДК,,,,,,,,
3145,2014-07-31,Свердловская область,Талицкий городской округ,г. Талица,65724000001,р. Пышма,Взвешенные вещества,0,1,132.0,132.0,ПДК,,,,,,,,
3146,2014-07-31,Свердловская область,Талицкий городской округ,г. Талица,65724000001,р. Пышма,Взвешенные вещества,0,1,123.0,123.0,ПДК,,,,,,,,
3147,2014-07-31,Свердловская область,Белоярский район,р-н. Белоярский,71811151001,р. Пышма,Взвешенные вещества,0,1,181.0,181.0,ПДК,,,,,,,,
3148,2014-07-31,Свердловская область,Режевской городской округ,г. Реж,65720000001,р. Реж,Взвешенные вещества,0,1,50.0,50.0,ПДК,,,,,,,,
3151,2014-07-31,Свердловская область,городской округ Первоуральск,г. Первоуральск,65753000001,р. Чусовая,Взвешенные вещества,0,1,51.0,51.0,ПДК,,,,,,,,
3152,2014-07-31,Свердловская область,городской округ Первоуральск,г. Первоуральск,65753000001,р. Чусовая,Взвешенные вещества,0,1,51.0,51.0,ПДК,,,,,,,,
3154,2014-07-31,Удмуртская Республика,Ижевск,г. Ижевск,94701000001,р. Иж,Взвешенные вещества,0,1,59.0,59.0,ПДК,,,,,,,,
3155,2014-07-31,Удмуртская Республика,Ижевск,г. Ижевск,94701000001,р. Позимь,Взвешенные вещества,0,1,100.0,100.0,ПДК,,,,,,,,
3160,2014-08-31,Курганская область,Шадринск,г. Шадринск,37705000001,р. Исеть,Взвешенные вещества,0,1,50.0,50.0,ПДК,,,,,,,,
3161,2014-08-31,Курганская область,Шадринск,г. Шадринск,37705000001,р. Исеть,Взвешенные вещества,0,1,65.0,65.0,ПДК,,,,,,,,
3162,2014-08-31,Московская область,Одинцовский,д. Большое Сареево,46755000189,р. Медвенка,Взвешенные вещества,0,1,64.0,64.0,ПДК,,,,,,,,
3165,2014-08-31,Нижегородская область,Кстовский район,г. Кстово,22637101001,вдхр. Чебоксарское,Взвешенные вещества,0,1,84.0,84.0,ПДК,,,,,,,,
3166,2014-08-31,Нижегородская область,Кстовский район,г. Кстово,22637101001,вдхр. Чебоксарское,Взвешенные вещества,0,1,56.0,56.0,ПДК,,,,,,,,
3189,2014-08-31,Свердловская область,город Каменск-Уральский,г. Каменск-Уральский,65740000001,р. Исеть,Взвешенные вещества,0,1,50.0,50.0,ПДК,,,,,,,,
3193,2014-08-31,Свердловская область,Талицкий городской округ,г. Талица,65724000001,р. Пышма,Взвешенные вещества,0,1,65.0,65.0,ПДК,,,,,,,,
3198,2014-08-31,Свердловская область,Туринский городской округ,г. Туринск,65726000001,р. Тура,Взвешенные вещества,0,1,55.0,55.0,ПДК,,,,,,,,
3210,2014-09-30,Приморский край,Арсеньевский,г. Арсеньев,5703000001,р. Дачная,БПК5,0,1,33.0,33.0,ПДК,,,,,,,,
3213,2014-09-30,Свердловская область,Камышловский городской округ,г. Камышлов,65741000001,р. Пышма,Взвешенные вещества,0,1,52.0,52.0,ПДК,,,,,,,,
3225,2014-10-31,Курганская область,Частоозёрский район,с. Бутырино,37636408101,оз. Бутырино,Взвешенные вещества,0,1,106.0,106.0,ПДК,,,,,,,,
3226,2014-10-31,Магаданская область,Тенькинский,п. Усть-Омчуг,44716000051,р. Детрин,Взвешенные вещества,0,1,454.0,454.0,ПДК,,,,,,,,
3228,2014-10-31,Магаданская область,Тенькинский,п. Омчак,44716000106,р. Омчак,Взвешенные вещества,0,1,334.0,334.0,ПДК,,,,,,,,
3229,2014-10-31,Магаданская область,Тенькинский,п. Омчак,44716000106,р. Омчак,Взвешенные вещества,0,1,663.0,663.0,ПДК,,,,,,,,
3232,2014-10-31,Магаданская область,Тенькинский,п. Транспортный,44716000116,р. Тенке,Взвешенные вещества,0,1,409.0,409.0,ПДК,,,,,,,,
3248,2014-10-31,Свердловская область,Берёзовский городской округ,г. Березовский,65731000001,р. Березовка,Взвешенные вещества,0,1,181.0,181.0,ПДК,,,,,,,,
3250,2014-10-31,Свердловская область,муниципальное образование «город Екатеринбург»,г. Екатеринбург,65701000001,р. Исеть,Взвешенные вещества,0,1,82.0,82.0,ПДК,,,,,,,,
3256,2014-10-31,Свердловская область,городской округ Верхний Тагил,г. Верхний Тагил,65733000001,р. Тагил,Взвешенные вещества,0,1,139.0,139.0,ПДК,,,,,,,,
3282,2014-11-30,Свердловская область,Берёзовский городской округ,г. Березовский,65731000001,р. Березовка,Взвешенные вещества,0,1,123.0,123.0,ПДК,,,,,,,,
3283,2014-11-30,Свердловская область,муниципальное образование «город Екатеринбург»,г. Екатеринбург,65701000001,р. Исеть,Взвешенные вещества,0,1,117.0,117.0,ПДК,,,,,,,,
3284,2014-11-30,Свердловская область,муниципальное образование «город Екатеринбург»,г. Екатеринбург,65701000001,р. Исеть,Взвешенные вещества,0,1,87.0,87.0,ПДК,,,,,,,,
3286,2014-11-30,Свердловская область,городской округ Первоуральск,г. Первоуральск,65753000001,р. Пахотка,Взвешенные вещества,0,1,57.0,57.0,ПДК,,,,,,,,
3287,2014-11-30,Свердловская область,городской округ Первоуральск,г. Первоуральск,65753000001,р. Пахотка,Взвешенные вещества,0,1,75.0,75.0,ПДК,,,,,,,,
3288,2014-11-30,Свердловская область,городской округ Первоуральск,г. Первоуральск,65753000001,р. Пахотка,Взвешенные вещества,0,1,82.0,82.0,ПДК,,,,,,,,
3298,2014-11-30,Свердловская область,городской округ Первоуральск,г. Первоуральск,65753000001,р. Чусовая,Взвешенные вещества,0,1,96.0,96.0,ПДК,,,,,,,,
3299,2014-11-30,Свердловская область,городской округ Первоуральск,г. Первоуральск,65753000001,р. Чусовая,Взвешенные вещества,0,1,94.0,94.0,ПДК,,,,,,,,
3309,2014-12-31,Нижегородская область,Нижний Новгород,г. Нижний Новгород,22701000001,вдхр. Чебоксарское,Взвешенные вещества,0,1,71.0,71.0,ПДК,,,,,,,,
3310,2014-12-31,Нижегородская область,Нижний Новгород,г. Нижний Новгород,22701000001,вдхр. Чебоксарское,Взвешенные вещества,0,1,93.0,93.0,ПДК,,,,,,,,
3329,2014-12-31,Свердловская область,городской округ Заречный,г. Заречный,65737000001,вдхр. Белоярское,Взвешенные вещества,0,1,56.0,56.0,ПДК,,,,,,,,
3332,2014-12-31,Свердловская область,муниципальное образование «город Екатеринбург»,г. Екатеринбург,65701000001,р. Исеть,Взвешенные вещества,0,1,81.0,81.0,ПДК,,,,,,,,
3335,2014-12-31,Свердловская область,городской округ Первоуральск,г. Первоуральск,65753000001,р. Пахотка,Взвешенные вещества,0,1,58.0,58.0,ПДК,,,,,,,,
3336,2014-12-31,Свердловская область,городской округ Первоуральск,г. Первоуральск,65753000001,р. Пахотка,Взвешенные вещества,0,1,53.0,53.0,ПДК,,,,,,,,
3337,2014-12-31,Свердловская область,городской округ Первоуральск,г. Первоуральск,65753000001,р. Пахотка,Взвешенные вещества,0,1,66.0,66.0,ПДК,,,,,,,,
3339,2014-12-31,Свердловская область,городской округ Сухой Лог,г. Сухой Лог,65758000001,р. Пышма,Взвешенные вещества,0,1,224.0,224.0,ПДК,,,,,,,,
3343,2014-12-31,Свердловская область,Нижнесергинский муниципальный район,г. Михайловск,65628104001,р. Серга,Взвешенные вещества,0,1,188.0,188.0,ПДК,,,,,,,,
3344,2014-12-31,Свердловская область,Серовский городской округ,п. Черноярский,65756000271,р. Сосьва,Взвешенные вещества,0,1,50.0,50.0,ПДК,,,,,,,,
3346,2014-12-31,Свердловская область,Слободо-Туринский муниципальный район,с. Тимофеево,65639460161,р. Тура,Взвешенные вещества,0,1,74.0,74.0,ПДК,,,,,,,,
3348,2014-12-31,Свердловская область,городской округ Красноуфимск,г. Красноуфимск,65747000001,р. Уфа,Взвешенные вещества,0,1,387.0,387.0,ПДК,,,,,,,,
3349,2014-12-31,Свердловская область,городской округ Первоуральск,г. Первоуральск,65753000001,р. Чусовая,Взвешенные вещества,0,1,414.0,414.0,ПДК,,,,,,,,
3350,2014-12-31,Свердловская область,городской округ Первоуральск,г. Первоуральск,65753000001,р. Чусовая,Взвешенные вещества,0,1,53.0,53.0,ПДК,,,,,,,,
3351,2014-12-31,Свердловская область,городской округ Первоуральск,г. Первоуральск,65753000001,р. Чусовая,Взвешенные вещества,0,1,58.0,58.0,ПДК,,,,,,,,
3352,2015-01-31,Вологодская область,Сокольский район,г. Сокол,19638101001,р. Пельшма,БПК5,0,1,44.0,44.0,ПДК,,,,,,,,
3380,2015-01-31,Свердловская область,городской округ Первоуральск,г. Первоуральск,65753000001,р. Пахотка,Взвешенные вещества,0,1,61.0,61.0,ПДК,,,,,,,,
3386,2015-01-31,Свердловская область,Тавдинский городской округ,г. Тавда,65723000001,р. Тавда,Взвешенные вещества,0,1,60.0,60.0,ПДК,,,,,,,,
3388,2015-01-31,Свердловская область,Слободо-Туринский муниципальный район,с. Тимофеево,65639460161,р. Тура,Взвешенные вещества,0,1,99.0,99.0,ПДК,,,,,,,,
3390,2015-01-31,Свердловская область,городской округ Первоуральск,г. Первоуральск,65753000001,р. Чусовая,Взвешенные вещества,0,1,51.0,51.0,ПДК,,,,,,,,
3391,2015-01-31,Свердловская область,городской округ Первоуральск,г. Первоуральск,65753000001,р. Чусовая,Взвешенные вещества,0,1,62.0,62.0,ПДК,,,,,,,,
3396,2015-02-28,Вологодская область,Сокольский район,г. Сокол,19638101001,р. Пельшма,БПК5,0,1,69.0,69.0,ПДК,,,,,,,,
3406,2015-02-28,Мурманская область,Городской округ город Мурманск,г. Мурманск,47701000001,руч. Варничный,БПК5,0,1,43.0,43.0,ПДК,,,,,,,,
3421,2015-02-28,Свердловская область,Серовский городской округ,г. Серов,65756000001,р. Каква,Взвешенные вещества,0,1,104.0,104.0,ПДК,,,,,,,,
3434,2015-02-28,Свердловская область,городской округ Красноуфимск,г. Красноуфимск,65747000001,р. Уфа,Взвешенные вещества,0,1,67.0,67.0,ПДК,,,,,,,,
3483,2015-03-31,Свердловская область,Берёзовский городской округ,г. Березовский,65731000001,р. Березовка,Взвешенные вещества,0,1,84.0,84.0,ПДК,,,,,,,,
3486,2015-03-31,Свердловская область,городской округ Первоуральск,г. Первоуральск,65753000001,р. Пахотка,Взвешенные вещества,0,1,53.0,53.0,ПДК,,,,,,,,
3487,2015-03-31,Свердловская область,городской округ Первоуральск,г. Первоуральск,65753000001,р. Пахотка,Взвешенные вещества,0,1,58.0,58.0,ПДК,,,,,,,,
3488,2015-03-31,Свердловская область,городской округ Первоуральск,г. Первоуральск,65753000001,р. Пахотка,Взвешенные вещества,0,1,60.0,60.0,ПДК,,,,,,,,
3501,2015-03-31,Свердловская область,городской округ Первоуральск,г. Первоуральск,65753000001,р. Чусовая,Взвешенные вещества,0,1,59.0,59.0,ПДК,,,,,,,,
3522,2015-04-30,Курганская область,Частоозёрский район,с. Бутырино,37636408101,оз. Бутырино,Взвешенные вещества,0,1,109.0,109.0,ПДК,,,,,,,,
3523,2015-04-30,Курганская область,Шадринск,г. Шадринск,37705000001,р. Исеть,Взвешенные вещества,0,1,78.0,78.0,ПДК,,,,,,,,
3524,2015-04-30,Курганская область,Шадринск,г. Шадринск,37705000001,р. Исеть,Взвешенные вещества,0,1,72.0,72.0,ПДК,,,,,,,,
3525,2015-04-30,Курганская область,Каргапольский район,рп. Каргаполье,37610151051,р. Миасс,Взвешенные вещества,0,1,86.0,86.0,ПДК,,,,,,,,
3526,2015-04-30,Курганская область,Курган,г. Курган,37701000001,р. Тобол,Взвешенные вещества,0,1,67.0,67.0,ПДК,,,,,,,,
3551,2015-04-30,Свердловская область,Берёзовский городской округ,г. Березовский,65731000001,р. Березовка,Взвешенные вещества,0,1,117.0,117.0,ПДК,,,,,,,,
3553,2015-04-30,Свердловская область,муниципальное образование «город Екатеринбург»,г. Екатеринбург,65701000001,р. Исеть,Взвешенные вещества,0,1,81.0,81.0,ПДК,,,,,,,,
3554,2015-04-30,Свердловская область,город Каменск-Уральский,г. Каменск-Уральский,65740000001,р. Исеть,Взвешенные вещества,0,1,65.0,65.0,ПДК,,,,,,,,
3555,2015-04-30,Свердловская область,Сысертский городской округ,п. Двуреченск,65722000181,р. Исеть,Взвешенные вещества,0,1,51.0,51.0,ПДК,,,,,,,,
3556,2015-04-30,Свердловская область,Сысертский городской округ,п. Двуреченск,65722000181,р. Исеть,Взвешенные вещества,0,1,65.0,65.0,ПДК,,,,,,,,
3561,2015-04-30,Свердловская область,Талицкий городской округ,г. Талица,65724000001,р. Пышма,Взвешенные вещества,0,1,53.0,53.0,ПДК,,,,,,,,
3574,2015-04-30,Свердловская область,городской округ Краснотурьинск,г. Краснотурьинск,65745000001,р. Турья,Взвешенные вещества,0,1,218.0,218.0,ПДК,,,,,,,,
3575,2015-04-30,Свердловская область,городской округ Красноуфимск,г. Красноуфимск,65747000001,р. Уфа,Взвешенные вещества,0,1,53.0,53.0,ПДК,,,,,,,,
3576,2015-04-30,Свердловская область,городской округ Красноуфимск,г. Красноуфимск,65747000001,р. Уфа,Взвешенные вещества,0,1,62.0,62.0,ПДК,,,,,,,,
3577,2015-04-30,Свердловская область,Нижнесергинский муниципальный район,г. Михайловск,65628104001,р. Уфа,Взвешенные вещества,0,1,86.0,86.0,ПДК,,,,,,,,
3583,2015-04-30,Удмуртская Республика,Граховский,с. Грахово,94612422101,р. Адамка,Взвешенные вещества,0,1,131.0,131.0,ПДК,,,,,,,,
3584,2015-04-30,Удмуртская Республика,Граховский,с. Грахово,94612422101,р. Адамка,Взвешенные вещества,0,1,120.0,120.0,ПДК,,,,,,,,
3585,2015-04-30,Удмуртская Республика,Граховский,с. Грахово,94612422101,р. Адамка,Взвешенные вещества,0,1,144.0,144.0,ПДК,,,,,,,,
3586,2015-04-30,Удмуртская Республика,Воткинский,д. Гавриловка,94608420101,р. Сива,Взвешенные вещества,0,1,135.0,135.0,ПДК,,,,,,,,
3587,2015-04-30,Удмуртская Республика,Кезский,с. Полом,94624455101,р. Чепца,Взвешенные вещества,0,1,56.0,56.0,ПДК,,,,,,,,
3609,2015-05-31,Курганская область,Частоозёрский район,с. Бутырино,37636408101,оз. Бутырино,Взвешенные вещества,0,1,53.0,53.0,ПДК,,,,,,,,
3610,2015-05-31,Курганская область,Шатровский район,с. Мехонское,37640440101,р. Исеть,Взвешенные вещества,0,1,52.0,52.0,ПДК,,,,,,,,
3611,2015-05-31,Курганская область,Далматовский район,с. Першинское,37608467101,р. Теча,Взвешенные вещества,0,1,103.0,103.0,ПДК,,,,,,,,
3621,2015-05-31,Нижегородская область,Починковский район,с. Мадаево,22646468121,р. Алатырь,Взвешенные вещества,0,1,56.0,56.0,ПДК,,,,,,,,
3627,2015-05-31,Пермский край,Чердынский район,г. Чердынь,57756000001,р. Колва,Взвешенные вещества,0,1,61.0,61.0,ПДК,,,,,,,,
3630,2015-05-31,Свердловская область,Берёзовский городской округ,г. Березовский,65731000001,р. Березовка,Взвешенные вещества,0,1,111.0,111.0,ПДК,,,,,,,,
3631,2015-05-31,Свердловская область,муниципальное образование «город Екатеринбург»,г. Екатеринбург,65701000001,р. Исеть,Взвешенные вещества,0,1,138.0,138.0,ПДК,,,,,,,,
3632,2015-05-31,Свердловская область,город Каменск-Уральский,г. Каменск-Уральский,65740000001,р. Исеть,Взвешенные вещества,0,1,63.0,63.0,ПДК,,,,,,,,
3633,2015-05-31,Свердловская область,город Каменск-Уральский,г. Каменск-Уральский,65740000001,р. Исеть,Взвешенные вещества,0,1,56.0,56.0,ПДК,,,,,,,,
3634,2015-05-31,Свердловская область,Белоярский городской округ,с. Колюткино,65706000201,р. Исеть,Взвешенные вещества,0,1,53.0,53.0,ПДК,,,,,,,,
3635,2015-05-31,Свердловская область,Сысертский городской округ,п. Двуреченск,65722000181,р. Исеть,Взвешенные вещества,0,1,69.0,69.0,ПДК,,,,,,,,
3636,2015-05-31,Свердловская область,Сысертский городской округ,п. Двуреченск,65722000181,р. Исеть,Взвешенные вещества,0,1,57.0,57.0,ПДК,,,,,,,,
3637,2015-05-31,Свердловская область,Талицкий городской округ,г. Талица,65724000001,р. Пышма,Взвешенные вещества,0,1,81.0,81.0,ПДК,,,,,,,,
3638,2015-05-31,Свердловская область,Талицкий городской округ,г. Талица,65724000001,р. Пышма,Взвешенные вещества,0,1,84.0,84.0,ПДК,,,,,,,,
3648,2015-06-30,Алтайский край,Барнаул,г. Барнаул,1701000001,р. Пивоварка (приток р. Барнаулка),БПК5,0,1,75.0,75.0,ПДК,,,,,,,,
3649,2015-06-30,Алтайский край,Барнаул,г. Барнаул,1701000001,р. Пивоварка (приток р. Барнаулка),БПК5,0,1,44.0,44.0,ПДК,,,,,,,,
3654,2015-06-30,Краснодарский край,Усть-Лабинский район,ст-ца. Ладожская,3657419101,р. Кубань,Взвешенные вещества,0,1,1528.0,1528.0,ПДК,,,,,,,,
3670,2015-06-30,Республика Марий Эл,Юринский район,с. Марьино,88656466101,р. Ветлуга,Взвешенные вещества,0,1,88.0,88.0,ПДК,,,,,,,,
3671,2015-06-30,Республика Северная Осетия-Алания,Пригородный,с. Камбилеевское,90640420101,р. Камбилеевка,БПК5,0,1,55.0,55.0,ПДК,,,,,,,,
3673,2015-06-30,Республика Северная Осетия-Алания,Пригородный,с. Камбилеевское,90640420101,р. Камбилеевка,БПК5,0,1,69.0,69.0,ПДК,,,,,,,,
3682,2015-06-30,Свердловская область,муниципальное образование «город Екатеринбург»,г. Екатеринбург,65701000001,р. Исеть,Взвешенные вещества,0,1,62.0,62.0,ПДК,,,,,,,,
3683,2015-06-30,Свердловская область,город Каменск-Уральский,г. Каменск-Уральский,65740000001,р. Исеть,Взвешенные вещества,0,1,68.0,68.0,ПДК,,,,,,,,
3684,2015-06-30,Свердловская область,город Каменск-Уральский,г. Каменск-Уральский,65740000001,р. Исеть,Взвешенные вещества,0,1,131.0,131.0,ПДК,,,,,,,,
3685,2015-06-30,Свердловская область,Сысертский городской округ,п. Двуреченск,65722000181,р. Исеть,Взвешенные вещества,0,1,67.0,67.0,ПДК,,,,,,,,
3686,2015-06-30,Свердловская область,Сысертский городской округ,п. Двуреченск,65722000181,р. Исеть,Взвешенные вещества,0,1,75.0,75.0,ПДК,,,,,,,,
3696,2015-07-31,Иркутская область,Усолье-Сибирское,г. Усолье-Сибирское,25736000001,вдхр. Братское,Взвешенные вещества,0,1,61.0,61.0,ПДК,,,,,,,,
3697,2015-07-31,Иркутская область,Иркутск,г. Иркутск,25701000001,р. Иркут,Взвешенные вещества,0,1,56.0,56.0,ПДК,,,,,,,,
3701,2015-07-31,Курганская область,Курган,г. Курган,37701000001,вдхр. Курганское,Взвешенные вещества,0,1,54.0,54.0,ПДК,,,,,,,,
3702,2015-07-31,Курганская область,Шадринск,г. Шадринск,37705000001,р. Исеть,Взвешенные вещества,0,1,85.0,85.0,ПДК,,,,,,,,
3703,2015-07-31,Курганская область,Шадринск,г. Шадринск,37705000001,р. Исеть,Взвешенные вещества,0,1,97.0,97.0,ПДК,,,,,,,,
3704,2015-07-31,Курганская область,Шатровский район,с. Мехонское,37640440101,р. Исеть,Взвешенные вещества,0,1,66.0,66.0,ПДК,,,,,,,,
3705,2015-07-31,Курганская область,Каргапольский район,рп. Каргаполье,37610151051,р. Миасс,Взвешенные вещества,0,1,81.0,81.0,ПДК,,,,,,,,
3706,2015-07-31,Курганская область,Целинный район,с. Усть-Уйское,37634448101,р. Уй,Взвешенные вещества,0,1,71.0,71.0,ПДК,,,,,,,,
3711,2015-07-31,Мурманская область,Городской округ город Мурманск,г. Мурманск,47701000001,руч. Варничный,БПК5,0,1,21.0,21.0,ПДК,,,,,,,,
3719,2015-07-31,Приморский край,Арсеньевский,г. Арсеньев,5703000001,р. Дачная,БПК5,0,1,42.0,42.0,ПДК,,,,,,,,
3724,2015-07-31,Свердловская область,Берёзовский городской округ,г. Березовский,65731000001,р. Березовка,Взвешенные вещества,0,1,103.0,103.0,ПДК,,,,,,,,
3725,2015-07-31,Свердловская область,город Каменск-Уральский,г. Каменск-Уральский,65740000001,р. Исеть,Взвешенные вещества,0,1,54.0,54.0,ПДК,,,,,,,,
3726,2015-07-31,Свердловская область,городской округ Богданович,г. Богданович,65707000001,р. Кунара,Взвешенные вещества,0,1,66.0,66.0,ПДК,,,,,,,,
3728,2015-07-31,Свердловская область,Ирбитское муниципальное образование,г. Ирбит,65739000001,р. Ница,Взвешенные вещества,0,1,60.0,60.0,ПДК,,,,,,,,
3729,2015-07-31,Свердловская область,Берёзовский городской округ,г. Березовский,65731000001,р. Пышма,Взвешенные вещества,0,1,52.0,52.0,ПДК,,,,,,,,
3730,2015-07-31,Свердловская область,Берёзовский городской округ,г. Березовский,65731000001,р. Пышма,Взвешенные вещества,0,1,52.0,52.0,ПДК,,,,,,,,
3732,2015-07-31,Свердловская область,Талицкий городской округ,г. Талица,65724000001,р. Пышма,Взвешенные вещества,0,1,69.0,69.0,ПДК,,,,,,,,
3763,2015-08-31,Забайкальский край,Могочинский район,г. Могоча,76626101001,р. Амазар,Взвешенные вещества,0,1,647.0,647.0,ПДК,,,,,,,,
3764,2015-08-31,Курганская область,Шадринск,г. Шадринск,37705000001,р. Исеть,Взвешенные вещества,0,1,69.0,69.0,ПДК,,,,,,,,
3765,2015-08-31,Курганская область,Каргапольский район,рп. Каргаполье,37610151051,р. Миасс,Взвешенные вещества,0,1,75.0,75.0,ПДК,,,,,,,,
3766,2015-08-31,Курганская область,Каргапольский район,рп. Каргаполье,37610151051,р. Поцелуйка,БПК5,0,1,88.0,88.0,ПДК,,,,,,,,
3768,2015-08-31,Курганская область,Каргапольский район,рп. Каргаполье,37610151051,р. Поцелуйка,АСПАВ,4,1,70.0,70.0,ПДК,,,,,,,,
3770,2015-08-31,Курганская область,Каргапольский район,рп. Каргаполье,37610151051,р. Поцелуйка,Взвешенные вещества,0,1,76.0,76.0,ПДК,,,,,,,,
3782,2015-08-31,Свердловская область,Берёзовский городской округ,г. Березовский,65731000001,р. Березовка,Взвешенные вещества,0,1,74.0,74.0,ПДК,,,,,,,,
3783,2015-08-31,Свердловская область,город Каменск-Уральский,г. Каменск-Уральский,65740000001,р. Исеть,Взвешенные вещества,0,1,69.0,69.0,ПДК,,,,,,,,
3784,2015-08-31,Свердловская область,Слободо-Туринский муниципальный район,с. Краснослободское,65639470191,р. Ница,Взвешенные вещества,0,1,55.0,55.0,ПДК,,,,,,,,
3786,2015-08-31,Свердловская область,Талицкий городской округ,г. Талица,65724000001,р. Пышма,Взвешенные вещества,0,1,51.0,51.0,ПДК,,,,,,,,
3791,2015-08-31,Свердловская область,Туринский городской округ,г. Туринск,65726000001,р. Тура,Взвешенные вещества,0,1,67.0,67.0,ПДК,,,,,,,,
3792,2015-08-31,Свердловская область,Шалинский городской округ,рп. Староуткинск,65766000051,р. Чусовая,Взвешенные вещества,0,1,66.0,66.0,ПДК,,,,,,,,
3799,2015-09-30,Вологодская область,Город Вологда,г. Вологда,19701000001,р. Шолда,БПК5,0,1,63.0,63.0,ПДК,,,,,,,,
3802,2015-09-30,Вологодская область,Вологодский район,д. Дуброво,19620440283,р. Шолда,БПК5,0,1,63.0,63.0,ПДК,,,,,,,,
3808,2015-09-30,Вологодская область,Вологодский район,д. Дуброво,19620440283,р. Шолда,БПК5,0,1,48.0,48.0,ПДК,,,,,,,,
3813,2015-09-30,Магаданская область,Магадан,г. Магадан,44701000001,р. Магаданка,Взвешенные вещества,0,1,526.0,526.0,ПДК,,,,,,,,
3818,2015-09-30,Мурманская область,Городской округ город Мурманск,г. Мурманск,47701000001,руч. Варничный,БПК5,0,1,31.0,31.0,ПДК,,,,,,,,
3822,2015-09-30,Приморский край,Арсеньевский,г. Арсеньев,5703000001,р. Дачная,БПК5,0,1,62.0,62.0,ПДК,,,,,,,,
3832,2015-09-30,Свердловская область,город Каменск-Уральский,г. Каменск-Уральский,65740000001,р. Исеть,Взвешенные вещества,0,1,55.0,55.0,ПДК,,,,,,,,
3833,2015-09-30,Свердловская область,город Каменск-Уральский,г. Каменск-Уральский,65740000001,р. Исеть,Взвешенные вещества,0,1,54.0,54.0,ПДК,,,,,,,,
3834,2015-09-30,Свердловская область,Сысертский городской округ,п. Двуреченск,65722000181,р. Исеть,Взвешенные вещества,0,1,55.0,55.0,ПДК,,,,,,,,
3835,2015-09-30,Свердловская область,Сысертский городской округ,п. Двуреченск,65722000181,р. Исеть,Взвешенные вещества,0,1,52.0,52.0,ПДК,,,,,,,,
3861,2015-10-31,Мурманская область,Городской округ город Мурманск,г. Мурманск,47701000001,руч. Варничный,БПК5,0,1,34.0,34.0,ПДК,,,,,,,,
3863,2015-10-31,Приморский край,Арсеньевский,г. Арсеньев,5703000001,р. Дачная,БПК5,0,1,23.0,23.0,ПДК,,,,,,,,
3871,2015-10-31,Свердловская область,Берёзовский городской округ,г. Березовский,65731000001,р. Березовка,Взвешенные вещества,0,1,88.0,88.0,ПДК,,,,,,,,
3873,2015-10-31,Свердловская область,Слободо-Туринский муниципальный район,с. Тимофеево,65639460161,р. Тура,Взвешенные вещества,0,1,67.0,67.0,ПДК,,,,,,,,
3891,2015-11-30,Краснодарский край,Апшеронский район,г. Апшеронск,3605101001,р. Пшеха,Взвешенные вещества,0,1,3153.0,3153.0,ПДК,,,,,,,,
3892,2015-11-30,Краснодарский край,Апшеронский район,г. Апшеронск,3605101001,р. Пшеха,Взвешенные вещества,0,1,2769.0,2769.0,ПДК,,,,,,,,
3894,2015-11-30,Мурманская область,Городской округ город Мурманск,г. Мурманск,47701000001,руч. Варничный,БПК5,0,1,22.0,22.0,ПДК,,,,,,,,
3904,2015-11-30,Республика Адыгея (Адыгея),Городской округ Майкоп,г. Майкоп,79701000001,р. Белая,Взвешенные вещества,0,1,11316.0,11316.0,ПДК,,,,,,,,
3908,2015-11-30,Свердловская область,Берёзовский городской округ,г. Березовский,65731000001,р. Березовка,Взвешенные вещества,0,1,138.0,138.0,ПДК,,,,,,,,
3909,2015-11-30,Свердловская область,муниципальное образование «город Екатеринбург»,г. Екатеринбург,65701000001,р. Исеть,Взвешенные вещества,0,1,71.0,71.0,ПДК,,,,,,,,
3939,2015-12-31,Свердловская область,Берёзовский городской округ,г. Березовский,65731000001,р. Березовка,Взвешенные вещества,0,1,52.0,52.0,ПДК,,,,,,,,
3940,2015-12-31,Свердловская область,муниципальное образование «город Екатеринбург»,г. Екатеринбург,65701000001,р. Исеть,Взвешенные вещества,0,1,76.0,76.0,ПДК,,,,,,,,
3970,2016-01-31,Свердловская область,муниципальное образование «город Екатеринбург»,г. Екатеринбург,65701000001,р. Исеть,Взвешенные вещества,0,1,148.0,148.0,ПДК,,,,,,,,
4024,2016-02-29,Свердловская область,муниципальное образование «город Екатеринбург»,г. Екатеринбург,65701000001,р. Исеть,Взвешенные вещества,0,1,111.0,111.0,ПДК,,,,,,,,
4027,2016-02-29,Свердловская область,Берёзовский городской округ,г. Березовский,65731000001,р. Пышма,Взвешенные вещества,0,1,102.0,102.0,ПДК,,,,,,,,
4029,2016-02-29,Свердловская область,Берёзовский городской округ,г. Березовский,65731000001,р. Пышма,Взвешенные вещества,0,1,50.0,50.0,ПДК,,,,,,,,
4037,2016-02-29,Свердловская область,Нижнесергинский муниципальный район,г. Михайловск,65628104001,р. Серга,Взвешенные вещества,0,1,60.0,60.0,ПДК,,,,,,,,
4042,2016-02-29,Свердловская область,городской округ Красноуфимск,г. Красноуфимск,65747000001,р. Уфа,Взвешенные вещества,0,1,61.0,61.0,ПДК,,,,,,,,
4063,2016-03-31,Мурманская область,Городской округ город Мурманск,г. Мурманск,47701000001,руч. Варничный,БПК5,0,1,56.0,56.0,ПДК,,,,,,,,
4086,2016-03-31,Приморский край,Артёмовский,г. Артем,5705000001,р. Кневичанка,БПК5,0,1,21.0,21.0,ПДК,,,,,,,,
4107,2016-03-31,Свердловская область,городской округ Верхний Тагил,г. Верхний Тагил,65733000001,р. Тагил,Взвешенные вещества,0,1,61.0,61.0,ПДК,,,,,,,,
4111,2016-03-31,Свердловская область,городской округ Красноуфимск,г. Красноуфимск,65747000001,р. Уфа,Взвешенные вещества,0,1,95.0,95.0,ПДК,,,,,,,,
4122,2016-04-30,Курганская область,Каргапольский район,рп. Каргаполье,37610151051,р. Миасс,Взвешенные вещества,0,1,78.0,78.0,ПДК,,,,,,,,
4123,2016-04-30,Курганская область,Катайский район,с. Никитинское,37612440101,р. Синара,Взвешенные вещества,0,1,137.0,137.0,ПДК,,,,,,,,
4124,2016-04-30,Курганская область,Далматовский район,с. Першинское,37608467101,р. Теча,Взвешенные вещества,0,1,135.0,135.0,ПДК,,,,,,,,
4128,2016-04-30,Курганская область,Звериноголовский район,с. Звериноголовское,37609418101,р. Тобол,Взвешенные вещества,0,1,58.0,58.0,ПДК,,,,,,,,
4129,2016-04-30,Курганская область,Звериноголовский район,с. Звериноголовское,37609418101,р. Тобол,Взвешенные вещества,0,1,228.0,228.0,ПДК,,,,,,,,
4130,2016-04-30,Курганская область,Целинный район,с. Усть-Уйское,37634448101,р. Уй,Взвешенные вещества,0,1,52.0,52.0,ПДК,,,,,,,,
4131,2016-04-30,Курганская область,Целинный район,с. Усть-Уйское,37634448101,р. Уй,Взвешенные вещества,0,1,75.0,75.0,ПДК,,,,,,,,
4140,2016-04-30,Нижегородская область,Навашинский,с. Натальино,22730000168,р. Теша,Взвешенные вещества,0,1,66.0,66.0,ПДК,,,,,,,,
4146,2016-04-30,Пермский край,Чернушинский район,г. Чернушка,57757000001,р. Быстрый Танып,Взвешенные вещества,0,1,53.0,53.0,ПДК,,,,,,,,
4147,2016-04-30,Пермский край,Карагайский район,с. Рождественск,57622434101,р. Обва,Взвешенные вещества,0,1,107.0,107.0,ПДК,,,,,,,,
4167,2016-04-30,Свердловская область,Берёзовский городской округ,г. Березовский,65731000001,р. Березовка,Взвешенные вещества,0,1,83.0,83.0,ПДК,,,,,,,,
4170,2016-04-30,Свердловская область,муниципальное образование «город Екатеринбург»,г. Екатеринбург,65701000001,р. Исеть,Взвешенные вещества,0,1,90.0,90.0,ПДК,,,,,,,,
4172,2016-04-30,Свердловская область,город Каменск-Уральский,г. Каменск-Уральский,65740000001,р. Исеть,Взвешенные вещества,0,1,141.0,141.0,ПДК,,,,,,,,
4173,2016-04-30,Свердловская область,город Каменск-Уральский,г. Каменск-Уральский,65740000001,р. Исеть,Взвешенные вещества,0,1,100.0,100.0,ПДК,,,,,,,,
4174,2016-04-30,Свердловская область,город Каменск-Уральский,г. Каменск-Уральский,65740000001,р. Исеть,Взвешенные вещества,0,1,115.0,115.0,ПДК,,,,,,,,
4175,2016-04-30,Свердловская область,Белоярский городской округ,с. Колюткино,65706000201,р. Исеть,Взвешенные вещества,0,1,82.0,82.0,ПДК,,,,,,,,
4176,2016-04-30,Свердловская область,Муниципальное образование город Алапаевск,г. Алапаевск,65728000001,р. Нейва,Взвешенные вещества,0,1,54.0,54.0,ПДК,,,,,,,,
4178,2016-04-30,Свердловская область,муниципальное образование «город Екатеринбург»,г. Екатеринбург,65701000001,р. Патрушиха,Взвешенные вещества,0,1,76.0,76.0,ПДК,,,,,,,,
4187,2016-04-30,Удмуртская Республика,Граховский,с. Грахово,94612422101,р. Адамка,Взвешенные вещества,0,1,144.0,144.0,ПДК,,,,,,,,
4188,2016-04-30,Удмуртская Республика,Воткинский,д. Гавриловка,94608420101,р. Сива,Взвешенные вещества,0,1,77.0,77.0,ПДК,,,,,,,,
4189,2016-04-30,Удмуртская Республика,Воткинский,д. Гавриловка,94608420101,р. Сива,Взвешенные вещества,0,1,61.0,61.0,ПДК,,,,,,,,
4202,2016-05-31,Курганская область,Далматовский район,с. Першинское,37608467101,р. Теча,Взвешенные вещества,0,1,68.0,68.0,ПДК,,,,,,,,
4215,2016-05-31,Свердловская область,муниципальное образование «город Екатеринбург»,г. Екатеринбург,65701000001,оз. Шарташ,Взвешенные вещества,0,1,105.0,105.0,ПДК,,,,,,,,
4223,2016-05-31,Свердловская область,Ирбитское муниципальное образование,г. Ирбит,65739000001,р. Ница,Взвешенные вещества,0,1,80.0,80.0,ПДК,,,,,,,,
4224,2016-05-31,Свердловская область,Талицкий городской округ,г. Талица,65724000001,р. Пышма,Взвешенные вещества,0,1,52.0,52.0,ПДК,,,,,,,,
4225,2016-05-31,Свердловская область,Талицкий городской округ,г. Талица,65724000001,р. Пышма,Взвешенные вещества,0,1,61.0,61.0,ПДК,,,,,,,,
4226,2016-05-31,Свердловская область,городской округ Верхотурский,г. Верхотурье,65709000001,р. Тура,Взвешенные вещества,0,1,75.0,75.0,ПДК,,,,,,,,
4228,2016-05-31,Удмуртская Республика,Кезский,с. Полом,94624455101,р. Чепца,Взвешенные вещества,0,1,51.0,51.0,ПДК,,,,,,,,
4257,2016-06-30,Свердловская область,Берёзовский городской округ,г. Березовский,65731000001,р. Березовка,Взвешенные вещества,0,1,169.0,169.0,ПДК,,,,,,,,
4264,2016-07-31,Амурская область,Тындинский,с. Усть-Нюкжа,10654425101,р. Олекма,Взвешенные вещества,0,1,59.0,59.0,ПДК,,,,,,,,
4277,2016-07-31,Вологодская область,Сокольский район,г. Сокол,19638101001,р. Пельшма,БПК5,0,1,43.0,43.0,ПДК,,,,,,,,
4278,2016-07-31,Вологодская область,Сокольский район,г. Сокол,19638101001,р. Пельшма,БПК5,0,1,50.0,50.0,ПДК,,,,,,,,
4279,2016-07-31,Вологодская область,Сокольский район,г. Сокол,19638101001,р. Пельшма,БПК5,0,1,68.0,68.0,ПДК,,,,,,,,
4280,2016-07-31,Вологодская область,Сокольский район,г. Сокол,19638101001,р. Пельшма,БПК5,0,1,20.0,20.0,ПДК,,,,,,,,
4281,2016-07-31,Иркутская область,Ангарский район,г. Ангарск,25703000001,р. Ангара,Взвешенные вещества,0,1,60.0,60.0,ПДК,,,,,,,,
4282,2016-07-31,Иркутская область,Ангарский район,г. Ангарск,25703000001,р. Ангара,Взвешенные вещества,0,1,69.0,69.0,ПДК,,,,,,,,
4295,2016-07-31,Мурманская область,Городской округ город Мурманск,г. Мурманск,47701000001,руч. Варничный,БПК5,0,1,42.0,42.0,ПДК,,,,,,,,
4296,2016-07-31,Нижегородская область,Дзержинск,г. Дзержинск,22721000001,р. Ока,Взвешенные вещества,0,1,62.0,62.0,ПДК,,,,,,,,
4297,2016-07-31,Нижегородская область,Дзержинск,г. Дзержинск,22721000001,р. Ока,Взвешенные вещества,0,1,50.0,50.0,ПДК,,,,,,,,
4303,2016-07-31,Свердловская область,Берёзовский городской округ,г. Березовский,65731000001,р. Березовка,Взвешенные вещества,0,1,78.0,78.0,ПДК,,,,,,,,
4351,2016-08-31,Вологодская область,Сокольский район,г. Сокол,19638101001,р. Пельшма,БПК5,0,1,63.0,63.0,ПДК,,,,,,,,
4353,2016-08-31,Иркутская область,Свирск,г. Свирск,25746000001,вдхр. Братское,Взвешенные вещества,0,1,55.0,55.0,ПДК,,,,,,,,
4354,2016-08-31,Иркутская область,Усолье-Сибирское,г. Усолье-Сибирское,25736000001,вдхр. Братское,Взвешенные вещества,0,1,84.0,84.0,ПДК,,,,,,,,
4355,2016-08-31,Иркутская область,Усолье-Сибирское,г. Усолье-Сибирское,25736000001,вдхр. Братское,Взвешенные вещества,0,1,73.0,73.0,ПДК,,,,,,,,
4356,2016-08-31,Иркутская область,Усолье-Сибирское,г. Усолье-Сибирское,25736000001,вдхр. Братское,Взвешенные вещества,0,1,83.0,83.0,ПДК,,,,,,,,
4357,2016-08-31,Иркутская область,Усолье-Сибирское,г. Усолье-Сибирское,25736000001,вдхр. Братское,Взвешенные вещества,0,1,82.0,82.0,ПДК,,,,,,,,
4358,2016-08-31,Иркутская область,Усолье-Сибирское,г. Усолье-Сибирское,25736000001,вдхр. Братское,Взвешенные вещества,0,1,84.0,84.0,ПДК,,,,,,,,
4359,2016-08-31,Иркутская область,Ангарский район,г. Ангарск,25703000001,р. Ангара,Взвешенные вещества,0,1,91.0,91.0,ПДК,,,,,,,,
4360,2016-08-31,Иркутская область,Ангарский район,г. Ангарск,25703000001,р. Ангара,Взвешенные вещества,0,1,108.0,108.0,ПДК,,,,,,,,
4361,2016-08-31,Иркутская область,Ангарский район,г. Ангарск,25703000001,р. Ангара,Взвешенные вещества,0,1,63.0,63.0,ПДК,,,,,,,,
4362,2016-08-31,Иркутская область,Ангарский район,г. Ангарск,25703000001,р. Ангара,Взвешенные вещества,0,1,87.0,87.0,ПДК,,,,,,,,
4363,2016-08-31,Иркутская область,Ангарский район,г. Ангарск,25703000001,р. Ангара,Взвешенные вещества,0,1,126.0,126.0,ПДК,,,,,,,,
4364,2016-08-31,Иркутская область,Ангарский район,г. Ангарск,25703000001,р. Ангара,Взвешенные вещества,0,1,73.0,73.0,ПДК,,,,,,,,
4365,2016-08-31,Иркутская область,Ангарский район,г. Ангарск,25703000001,р. Ангара,Взвешенные вещества,0,1,75.0,75.0,ПДК,,,,,,,,
4366,2016-08-31,Иркутская область,Иркутск,г. Иркутск,25701000001,р. Ангара,Взвешенные вещества,0,1,67.0,67.0,ПДК,,,,,,,,
4367,2016-08-31,Иркутская область,Иркутск,г. Иркутск,25701000001,р. Ангара,Взвешенные вещества,0,1,70.0,70.0,ПДК,,,,,,,,
4368,2016-08-31,Иркутская область,Иркутск,г. Иркутск,25701000001,р. Ангара,Взвешенные вещества,0,1,76.0,76.0,ПДК,,,,,,,,
4369,2016-08-31,Иркутская область,Иркутск,г. Иркутск,25701000001,р. Ангара,Взвешенные вещества,0,1,207.0,207.0,ПДК,,,,,,,,
4370,2016-08-31,Иркутская область,Иркутск,г. Иркутск,25701000001,р. Ангара,Взвешенные вещества,0,1,205.0,205.0,ПДК,,,,,,,,
4371,2016-08-31,Иркутская область,Иркутск,г. Иркутск,25701000001,р. Ангара,Взвешенные вещества,0,1,173.0,173.0,ПДК,,,,,,,,
4372,2016-08-31,Курганская область,Шадринск,г. Шадринск,37705000001,р. Исеть,Взвешенные вещества,0,1,65.0,65.0,ПДК,,,,,,,,
4377,2016-08-31,Мурманская область,Городской округ город Мурманск,г. Мурманск,47701000001,руч. Варничный,БПК5,0,1,28.0,28.0,ПДК,,,,,,,,
4378,2016-08-31,Нижегородская область,Дзержинск,г. Дзержинск,22721000001,р. Ока,Взвешенные вещества,0,1,50.0,50.0,ПДК,,,,,,,,
4387,2016-08-31,Свердловская область,Берёзовский городской округ,г. Березовский,65731000001,р. Березовка,Взвешенные вещества,0,1,138.0,138.0,ПДК,,,,,,,,
4393,2016-08-31,Свердловская область,Серовский городской округ,п. Черноярский,65756000271,р. Сосьва,Взвешенные вещества,0,1,52.0,52.0,ПДК,,,,,,,,
4395,2016-08-31,Свердловская область,городской округ Краснотурьинск,г. Краснотурьинск,65745000001,р. Турья,Взвешенные вещества,0,1,70.0,70.0,ПДК,,,,,,,,
4396,2016-08-31,Свердловская область,городской округ Краснотурьинск,г. Краснотурьинск,65745000001,р. Турья,Взвешенные вещества,0,1,65.0,65.0,ПДК,,,,,,,,
4397,2016-08-31,Свердловская область,Горноуральский городской округ,п. Черноисточинск,65717000306,руч. Безымянный,Взвешенные вещества,0,1,267.0,267.0,ПДК,,,,,,,,
4424,2016-09-30,Вологодская область,Сокольский район,г. Сокол,19638101001,р. Пельшма,БПК5,0,1,35.0,35.0,ПДК,,,,,,,,
4428,2016-09-30,Вологодская область,Сокольский район,г. Сокол,19638101001,р. Пельшма,БПК5,0,1,39.0,39.0,ПДК,,,,,,,,
4437,2016-09-30,Нижегородская область,Павловский район,г. Горбатов,22642105001,р. Ока,Взвешенные вещества,0,1,87.0,87.0,ПДК,,,,,,,,
4441,2016-09-30,Приморский край,Арсеньевский,г. Арсеньев,5703000001,р. Дачная,БПК5,0,1,34.0,34.0,ПДК,,,,,,,,
4451,2016-09-30,Свердловская область,Берёзовский городской округ,г. Березовский,65731000001,р. Березовка,Взвешенные вещества,0,1,86.0,86.0,ПДК,,,,,,,,
4452,2016-09-30,Свердловская область,муниципальное образование «город Екатеринбург»,г. Екатеринбург,65701000001,р. Исеть,Взвешенные вещества,0,1,75.0,75.0,ПДК,,,,,,,,
4481,2016-10-31,Вологодская область,Сокольский район,г. Сокол,19638101001,р. Пельшма,БПК5,0,1,22.0,22.0,ПДК,,,,,,,,
4487,2016-10-31,Курганская область,Шадринск,г. Шадринск,37705000001,р. Исеть,Взвешенные вещества,0,1,54.0,54.0,ПДК,,,,,,,,
4494,2016-10-31,Пермский край,Чайковский район,г. Чайковский,57735000001,р. Кама,Взвешенные вещества,0,1,85.0,85.0,ПДК,,,,,,,,
4495,2016-10-31,Приморский край,Арсеньевский,г. Арсеньев,5703000001,р. Дачная,БПК5,0,1,37.0,37.0,ПДК,,,,,,,,
4499,2016-10-31,Свердловская область,муниципальное образование «город Екатеринбург»,г. Екатеринбург,65701000001,р. Исеть,Взвешенные вещества,0,1,92.0,92.0,ПДК,,,,,,,,
4513,2016-11-30,Мурманская область,Городской округ город Мурманск,г. Мурманск,47701000001,руч. Варничный,БПК5,0,1,38.0,38.0,ПДК,,,,,,,,
4515,2016-11-30,Нижегородская область,Нижний Новгород,г. Нижний Новгород,22701000001,р. Ока,Взвешенные вещества,0,1,51.0,51.0,ПДК,,,,,,,,
4526,2016-11-30,Свердловская область,Новолялинский городской округ,г. Новая Ляля,65716000001,р. Ляля,Взвешенные вещества,0,1,54.0,54.0,ПДК,,,,,,,,
4532,2016-11-30,Удмуртская Республика,Сарапул,г. Сарапул,94740000001,р. Кама,Взвешенные вещества,0,1,51.0,51.0,ПДК,,,,,,,,
4544,2016-12-31,Нижегородская область,Нижний Новгород,г. Нижний Новгород,22701000001,вдхр. Чебоксарское,Взвешенные вещества,0,1,80.0,80.0,ПДК,,,,,,,,
4546,2016-12-31,Нижегородская область,Богородский район,г. Богородск,22507000001,р. Рязанка,ХПК,0,1,86.0,86.0,ПДК,,,,,,,,
4548,2016-12-31,Нижегородская область,Богородский район,г. Богородск,22507000001,р. Рязанка,БПК5,0,1,130.0,130.0,ПДК,,,,,,,,
4550,2016-12-31,Приморский край,Арсеньевский,г. Арсеньев,5703000001,р. Дачная,БПК5,0,1,32.0,32.0,ПДК,,,,,,,,
4554,2016-12-31,Свердловская область,Берёзовский городской округ,г. Березовский,65731000001,р. Березовка,Взвешенные вещества,0,1,81.0,81.0,ПДК,,,,,,,,
4555,2016-12-31,Свердловская область,муниципальное образование «город Екатеринбург»,г. Екатеринбург,65701000001,р. Исеть,БПК5,0,1,22.0,22.0,ПДК,,,,,,,,
4556,2016-12-31,Свердловская область,муниципальное образование «город Екатеринбург»,г. Екатеринбург,65701000001,р. Исеть,Взвешенные вещества,0,1,190.0,190.0,ПДК,,,,,,,,
4585,2017-01-31,Вологодская область,Сокольский район,г. Сокол,19638101001,р. Пельшма,БПК5,0,1,23.0,23.0,ПДК,,,,,,,,
4596,2017-01-31,Приморский край,Арсеньевский,г. Арсеньев,5703000001,р. Дачная,БПК5,0,1,25.0,25.0,ПДК,,,,,,,,
4599,2017-01-31,Свердловская область,муниципальное образование «город Екатеринбург»,г. Екатеринбург,65701000001,р. Исеть,Взвешенные вещества,0,1,66.0,66.0,ПДК,,,,,,,,
4630,2017-02-28,Мурманская область,Городской округ город Мурманск,г. Мурманск,47701000001,руч. Варничный,БПК5,0,1,49.0,49.0,ПДК,,,,,,,,
4645,2017-02-28,Свердловская область,муниципальное образование «город Екатеринбург»,г. Екатеринбург,65701000001,р. Исеть,Взвешенные вещества,0,1,58.0,58.0,ПДК,,,,,,,,
4670,2017-03-31,Вологодская область,Сокольский район,г. Сокол,19638101001,р. Пельшма,БПК5,0,1,22.0,22.0,ПДК,,,,,,,,
4694,2017-03-31,Нижегородская область,Павловский район,г. Ворсма,22542000003,р. Ворсма,Взвешенные вещества,0,1,96.0,96.0,ПДК,,,,,,,,
4721,2017-03-31,Свердловская область,Берёзовский городской округ,г. Березовский,65731000001,р. Березовка,Взвешенные вещества,0,1,111.0,111.0,ПДК,,,,,,,,
4722,2017-03-31,Свердловская область,муниципальное образование «город Екатеринбург»,г. Екатеринбург,65701000001,р. Исеть,Взвешенные вещества,0,1,71.0,71.0,ПДК,,,,,,,,
4723,2017-03-31,Свердловская область,Новолялинский городской округ,г. Новая Ляля,65716000001,р. Ляля,Взвешенные вещества,0,1,55.0,55.0,ПДК,,,,,,,,
4724,2017-03-31,Свердловская область,Новолялинский городской округ,г. Новая Ляля,65716000001,р. Ляля,Взвешенные вещества,0,1,55.0,55.0,ПДК,,,,,,,,
4736,2017-03-31,Свердловская область,городской округ Верхний Тагил,г. Верхний Тагил,65733000001,р. Тагил,Взвешенные вещества,0,1,79.0,79.0,ПДК,,,,,,,,
4737,2017-03-31,Свердловская область,Нижнетуринский городской округ,г. Нижняя Тура,65715000001,р. Тура,Взвешенные вещества,0,1,74.0,74.0,ПДК,,,,,,,,
4739,2017-03-31,Свердловская область,городской округ Красноуфимск,г. Красноуфимск,65747000001,р. Уфа,Взвешенные вещества,0,1,105.0,105.0,ПДК,,,,,,,,
4750,2017-04-30,Иркутская область,Свирск,г. Свирск,25746000001,вдхр. Братское,Взвешенные вещества,0,1,69.0,69.0,ПДК,,,,,,,,
4781,2017-04-30,Свердловская область,Берёзовский городской округ,г. Березовский,65731000001,р. Березовка,Взвешенные вещества,0,1,51.0,51.0,ПДК,,,,,,,,
4786,2017-04-30,Свердловская область,Ирбитское муниципальное образование,г. Ирбит,65739000001,р. Ница,Взвешенные вещества,0,1,125.0,125.0,ПДК,,,,,,,,
4788,2017-04-30,Свердловская область,Камышловский городской округ,г. Камышлов,65741000001,р. Пышма,Взвешенные вещества,0,1,80.0,80.0,ПДК,,,,,,,,
4789,2017-04-30,Свердловская область,городской округ Сухой Лог,г. Сухой Лог,65758000001,р. Пышма,Взвешенные вещества,0,1,77.0,77.0,ПДК,,,,,,,,
4790,2017-04-30,Свердловская область,городской округ Сухой Лог,г. Сухой Лог,65758000001,р. Пышма,Взвешенные вещества,0,1,58.0,58.0,ПДК,,,,,,,,
4823,2017-05-31,Иркутская область,Иркутский район,с. Урик,25612425101,р. Куда,Взвешенные вещества,0,1,53.0,53.0,ПДК,,,,,,,,
4824,2017-05-31,Иркутская область,Иркутск,г. Иркутск,25701000001,р. Ушаковка,Взвешенные вещества,0,1,84.0,84.0,ПДК,,,,,,,,
4827,2017-05-31,Курганская область,Каргапольский район,рп. Каргаполье,37610151051,р. Миасс,Взвешенные вещества,0,1,57.0,57.0,ПДК,,,,,,,,
4839,2017-05-31,Нижегородская область,Богородский район,г. Богородск,22507000001,р. Рязанка,БПК5,0,1,320.0,320.0,ПДК,,,,,,,,
4850,2017-05-31,Свердловская область,городской округ Заречный,г. Заречный,65737000001,вдхр. Белоярское,Взвешенные вещества,0,1,385.0,385.0,ПДК,,,,,,,,
4851,2017-05-31,Свердловская область,городской округ Заречный,г. Заречный,65737000001,вдхр. Белоярское,Взвешенные вещества,0,1,375.0,375.0,ПДК,,,,,,,,
4852,2017-05-31,Свердловская область,Берёзовский городской округ,г. Березовский,65731000001,р. Березовка,Взвешенные вещества,0,1,55.0,55.0,ПДК,,,,,,,,
4853,2017-05-31,Свердловская область,город Нижний Тагил,г. Нижний Тагил,65751000001,р. Вязовка,Взвешенные вещества,0,1,75.0,75.0,ПДК,,,,,,,,
4854,2017-05-31,Свердловская область,город Нижний Тагил,г. Нижний Тагил,65751000001,р. Вязовка,Взвешенные вещества,0,1,68.0,68.0,ПДК,,,,,,,,
4855,2017-05-31,Свердловская область,Ирбитское муниципальное образование,г. Ирбит,65739000001,р. Ирбит,Взвешенные вещества,0,1,62.0,62.0,ПДК,,,,,,,,
4856,2017-05-31,Свердловская область,Арамильский городской округ,г. Арамиль,65729000001,р. Исеть,Взвешенные вещества,0,1,67.0,67.0,ПДК,,,,,,,,
4857,2017-05-31,Свердловская область,муниципальное образование «город Екатеринбург»,г. Екатеринбург,65701000001,р. Исеть,Взвешенные вещества,0,1,53.0,53.0,ПДК,,,,,,,,
4858,2017-05-31,Свердловская область,муниципальное образование «город Екатеринбург»,г. Екатеринбург,65701000001,р. Исеть,Взвешенные вещества,0,1,63.0,63.0,ПДК,,,,,,,,
4860,2017-05-31,Свердловская область,Ирбитское муниципальное образование,г. Ирбит,65739000001,р. Ница,Взвешенные вещества,0,1,56.0,56.0,ПДК,,,,,,,,
4861,2017-05-31,Свердловская область,Ирбитское муниципальное образование,г. Ирбит,65739000001,р. Ница,Взвешенные вещества,0,1,50.0,50.0,ПДК,,,,,,,,
4862,2017-05-31,Свердловская область,Талицкий городской округ,г. Талица,65724000001,р. Пышма,Взвешенные вещества,0,1,71.0,71.0,ПДК,,,,,,,,
4863,2017-05-31,Свердловская область,Талицкий городской округ,г. Талица,65724000001,р. Пышма,Взвешенные вещества,0,1,60.0,60.0,ПДК,,,,,,,,
4864,2017-05-31,Удмуртская Республика,Каракулинский,с. Каракулино,94622455101,вдхр. Нижнекамское,Взвешенные вещества,0,1,130.0,130.0,ПДК,,,,,,,,
4865,2017-05-31,Удмуртская Республика,Сарапул,г. Сарапул,94740000001,р. Кама,Взвешенные вещества,0,1,94.0,94.0,ПДК,,,,,,,,
4866,2017-05-31,Удмуртская Республика,Глазов,г. Глазов,94720000001,р. Чепца,Взвешенные вещества,0,1,51.0,51.0,ПДК,,,,,,,,
4896,2017-06-30,Курганская область,Шадринск,г. Шадринск,37705000001,р. Исеть,Взвешенные вещества,0,1,177.0,177.0,ПДК,,,,,,,,
4897,2017-06-30,Курганская область,Шадринск,г. Шадринск,37705000001,р. Исеть,Взвешенные вещества,0,1,163.0,163.0,ПДК,,,,,,,,
4898,2017-06-30,Курганская область,Целинный район,с. Усть-Уйское,37634448101,р. Уй,Взвешенные вещества,0,1,51.0,51.0,ПДК,,,,,,,,
4904,2017-06-30,Нижегородская область,Павловский район,г. Горбатов,22642105001,р. Ока,Взвешенные вещества,0,1,154.0,154.0,ПДК,,,,,,,,
4908,2017-06-30,Свердловская область,Берёзовский городской округ,г. Березовский,65731000001,р. Березовка,Взвешенные вещества,0,1,73.0,73.0,ПДК,,,,,,,,
4909,2017-06-30,Свердловская область,муниципальное образование «город Екатеринбург»,г. Екатеринбург,65701000001,р. Исеть,Взвешенные вещества,0,1,56.0,56.0,ПДК,,,,,,,,
4910,2017-06-30,Свердловская область,Берёзовский городской округ,г. Березовский,65731000001,р. Пышма,Взвешенные вещества,0,1,53.0,53.0,ПДК,,,,,,,,
4917,2017-07-31,Курганская область,Шадринск,г. Шадринск,37705000001,р. Исеть,Взвешенные вещества,0,1,146.0,146.0,ПДК,,,,,,,,
4918,2017-07-31,Курганская область,Шадринск,г. Шадринск,37705000001,р. Исеть,Взвешенные вещества,0,1,131.0,131.0,ПДК,,,,,,,,
4925,2017-07-31,Мурманская область,Городской округ город Мурманск,г. Мурманск,47701000001,руч. Варничный,БПК5,0,1,25.0,25.0,ПДК,,,,,,,,
4928,2017-07-31,Приморский край,Арсеньевский,г. Арсеньев,5703000001,р. Дачная,БПК5,0,1,35.0,35.0,ПДК,,,,,,,,
4930,2017-07-31,Свердловская область,муниципальное образование «город Екатеринбург»,г. Екатеринбург,65701000001,р. Исеть,Взвешенные вещества,0,1,68.0,68.0,ПДК,,,,,,,,
4931,2017-07-31,Свердловская область,город Каменск-Уральский,г. Каменск-Уральский,65740000001,р. Исеть,Взвешенные вещества,0,1,51.0,51.0,ПДК,,,,,,,,
4932,2017-07-31,Свердловская область,Талицкий городской округ,г. Талица,65724000001,р. Пышма,Взвешенные вещества,0,1,65.0,65.0,ПДК,,,,,,,,
4933,2017-07-31,Свердловская область,Талицкий городской округ,г. Талица,65724000001,р. Пышма,Взвешенные вещества,0,1,111.0,111.0,ПДК,,,,,,,,
4955,2017-07-31,Удмуртская Республика,Глазов,г. Глазов,94720000001,р. Чепца,Взвешенные вещества,0,1,63.0,63.0,ПДК,,,,,,,,
4963,2017-08-31,Курганская область,Шадринск,г. Шадринск,37705000001,р. Исеть,Взвешенные вещества,0,1,133.0,133.0,ПДК,,,,,,,,
4964,2017-08-31,Курганская область,Шадринск,г. Шадринск,37705000001,р. Исеть,Взвешенные вещества,0,1,375.0,375.0,ПДК,,,,,,,,
4965,2017-08-31,Курганская область,Каргапольский район,рп. Каргаполье,37610151051,р. Миасс,Взвешенные вещества,0,1,155.0,155.0,ПДК,,,,,,,,
4967,2017-08-31,Курганская область,Белозерский район,с. Белозерское,37604408101,р. Тобол,Взвешенные вещества,0,1,51.0,51.0,ПДК,,,,,,,,
4970,2017-08-31,Мурманская область,Городской округ город Мурманск,г. Мурманск,47701000001,руч. Варничный,БПК5,0,1,29.0,29.0,ПДК,,,,,,,,
4972,2017-08-31,Нижегородская область,Дзержинск,г. Дзержинск,22721000001,р. Ока,Взвешенные вещества,0,1,61.0,61.0,ПДК,,,,,,,,
4973,2017-08-31,Нижегородская область,Дзержинск,г. Дзержинск,22721000001,р. Ока,Взвешенные вещества,0,1,61.0,61.0,ПДК,,,,,,,,
4974,2017-08-31,Нижегородская область,Дзержинск,г. Дзержинск,22721000001,р. Ока,Взвешенные вещества,0,1,59.0,59.0,ПДК,,,,,,,,
4977,2017-08-31,Нижегородская область,Богородский район,г. Богородск,22507000001,р. Рязанка,ХПК,0,1,98.0,98.0,ПДК,,,,,,,,
4978,2017-08-31,Нижегородская область,Богородский район,г. Богородск,22507000001,р. Рязанка,БПК5,0,1,115.0,115.0,ПДК,,,,,,,,
4986,2017-08-31,Свердловская область,Берёзовский городской округ,г. Березовский,65731000001,р. Березовка (приток р. Пышма),Взвешенные вещества,0,1,98.0,98.0,ПДК,,,,,,,,
4987,2017-08-31,Свердловская область,Арамильский городской округ,г. Арамиль,65729000001,р. Исеть,Взвешенные вещества,0,1,91.0,91.0,ПДК,,,,,,,,
4988,2017-08-31,Свердловская область,муниципальное образование «город Екатеринбург»,г. Екатеринбург,65701000001,р. Исеть,Взвешенные вещества,0,1,69.0,69.0,ПДК,,,,,,,,
4991,2017-08-31,Свердловская область,Талицкий городской округ,г. Талица,65724000001,р. Пышма,Взвешенные вещества,0,1,119.0,119.0,ПДК,,,,,,,,
5023,2017-08-31,Ульяновская область,Мелекесский район,рп. Мулловка,73622153051,пруд Красотка на р. Сосновка,БПК5,0,1,54.0,54.0,ПДК,,,,,,,,
5024,2017-08-31,Ульяновская область,Мелекесский район,рп. Мулловка,73622153051,пруд Красотка на р. Сосновка,БПК5,0,1,56.0,56.0,ПДК,,,,,,,,
5026,2017-08-31,Ульяновская область,Мелекесский район,рп. Мулловка,73622153051,пруд Красотка на р. Сосновка,БПК5,0,1,45.0,45.0,ПДК,,,,,,,,
5052,2017-09-30,Свердловская область,муниципальное образование «город Екатеринбург»,г. Екатеринбург,65701000001,р. Исеть,Взвешенные вещества,0,1,60.0,60.0,ПДК,,,,,,,,
5088,2017-09-30,Ульяновская область,Мелекесский район,рп. Мулловка,73622153051,р. Сосновка,БПК5,0,1,121.0,121.0,ПДК,,,,,,,,
5089,2017-09-30,Ульяновская область,Мелекесский район,рп. Мулловка,73622153051,р. Сосновка,БПК5,0,1,137.0,137.0,ПДК,,,,,,,,
5093,2017-09-30,Ульяновская область,Мелекесский район,рп. Мулловка,73622153051,р. Сосновка,БПК5,0,1,133.0,133.0,ПДК,,,,,,,,
5094,2017-09-30,Ульяновская область,Мелекесский район,рп. Мулловка,73622153051,р. Сосновка,БПК5,0,1,101.0,101.0,ПДК,,,,,,,,
5095,2017-09-30,Ульяновская область,Мелекесский район,рп. Мулловка,73622153051,р. Сосновка,БПК5,0,1,50.0,50.0,ПДК,,,,,,,,
5113,2017-10-31,Республика Хакасия,Ширинский район,с. Ефремкино,95635425101,р. Белый Июс,Взвешенные вещества,0,1,667.0,667.0,ПДК,,,,,,,,
5121,2017-10-31,Свердловская область,муниципальное образование «город Екатеринбург»,г. Екатеринбург,65701000001,р. Исеть,Взвешенные вещества,0,1,133.0,133.0,ПДК,,,,,,,,
5123,2017-10-31,Свердловская область,Тавдинский городской округ,г. Тавда,65723000001,р. Тавда,Взвешенные вещества,0,1,109.0,109.0,ПДК,,,,,,,,
5135,2017-10-31,Свердловская область,Туринский городской округ,г. Туринск,65726000001,р. Тура,Взвешенные вещества,0,1,61.0,61.0,ПДК,,,,,,,,
5136,2017-10-31,Свердловская область,Слободо-Туринский муниципальный район,с. Тимофеево,65639460161,р. Тура,Взвешенные вещества,0,1,73.0,73.0,ПДК,,,,,,,,
5156,2017-11-30,Мурманская область,Городской округ город Мурманск,г. Мурманск,47701000001,руч. Варничный,БПК5,0,1,43.0,43.0,ПДК,,,,,,,,
5164,2017-11-30,Свердловская область,Берёзовский городской округ,г. Березовский,65731000001,р. Березовка (приток р.Пышма),Взвешенные вещества,0,1,118.0,118.0,ПДК,,,,,,,,
5165,2017-11-30,Свердловская область,муниципальное образование «город Екатеринбург»,г. Екатеринбург,65701000001,р. Исеть,Взвешенные вещества,0,1,80.0,80.0,ПДК,,,,,,,,
5166,2017-11-30,Свердловская область,Ирбитское муниципальное образование,г. Ирбит,65739000001,р. Ница,Взвешенные вещества,0,1,129.0,129.0,ПДК,,,,,,,,
5172,2017-11-30,Свердловская область,Туринский городской округ,г. Туринск,65726000001,р. Тура,Взвешенные вещества,0,1,101.0,101.0,ПДК,,,,,,,,
5174,2017-11-30,Удмуртская Республика,Каракулинский,с. Каракулино,94622455101,вдхр. Нижнекамское,Взвешенные вещества,0,1,167.0,167.0,ПДК,,,,,,,,
5175,2017-11-30,Удмуртская Республика,Сарапул,г. Сарапул,94740000001,р. Кама,Взвешенные вещества,0,1,227.0,227.0,ПДК,,,,,,,,
5176,2017-11-30,Удмуртская Республика,Сарапул,г. Сарапул,94740000001,р. Кама,Взвешенные вещества,0,1,130.0,130.0,ПДК,,,,,,,,
5198,2017-12-31,Свердловская область,Берёзовский городской округ,г. Березовский,65731000001,р. Березовка (приток р.Пышма),Взвешенные вещества,0,1,63.0,63.0,ПДК,,,,,,,,
5200,2017-12-31,Свердловская область,муниципальное образование «город Екатеринбург»,г. Екатеринбург,65701000001,р. Исеть,Взвешенные вещества,0,1,136.0,136.0,ПДК,,,,,,,,
5215,2018-01-31,Нижегородская область,Нижний Новгород,г. Нижний Новгород,22701000001,вдхр. Чебоксарское,Взвешенные вещества,0,1,78.0,78.0,ПДК,,,,,,,,
5216,2018-01-31,Нижегородская область,Дзержинск,г. Дзержинск,22721000001,р. Ока,Взвешенные вещества,0,1,67.0,67.0,ПДК,,,,,,,,
5227,2018-01-31,Свердловская область,муниципальное образование «город Екатеринбург»,г. Екатеринбург,65701000001,р. Исеть,Взвешенные вещества,0,1,104.0,104.0,ПДК,,,,,,,,
5232,2018-01-31,Свердловская область,Талицкий городской округ,г. Талица,65724000001,р. Пышма,Взвешенные вещества,0,1,151.0,151.0,ПДК,,,,,,,,
5234,2018-01-31,Свердловская область,Серовский городской округ,п. Черноярский,65756000271,р. Сосьва,Взвешенные вещества,0,1,109.0,109.0,ПДК,,,,,,,,
5251,2018-02-28,Мурманская область,Городской округ город Мурманск,г. Мурманск,47701000001,руч. Варничный,БПК5,0,1,21.0,21.0,ПДК,,,,,,,,
5267,2018-02-28,Приморский край,Арсеньевский,г. Арсеньев,5703000001,р. Дачная,БПК5,0,1,28.0,28.0,ПДК,,,,,,,,
5272,2018-02-28,Свердловская область,муниципальное образование «город Екатеринбург»,г. Екатеринбург,65701000001,р. Исеть,Взвешенные вещества,0,1,99.0,99.0,ПДК,,,,,,,,
5322,2018-03-31,Свердловская область,муниципальное образование «город Екатеринбург»,г. Екатеринбург,65701000001,р. Исеть,Взвешенные вещества,0,1,115.0,115.0,ПДК,,,,,,,,
5363,2018-04-30,Иркутская область,Свирск,г. Свирск,25746000001,вдхр. Братское,Взвешенные вещества,0,1,66.0,66.0,ПДК,,,,,,,,
5364,2018-04-30,Иркутская область,Свирск,г. Свирск,25746000001,вдхр. Братское,Взвешенные вещества,0,1,67.0,67.0,ПДК,,,,,,,,
5382,2018-04-30,Нижегородская область,Лысковский район,с. Семово,22640416171,р. Сундовик,Взвешенные вещества,0,1,96.0,96.0,ПДК,,,,,,,,
5397,2018-04-30,Приморский край,Арсеньевский,г. Арсеньев,5703000001,р. Дачная,БПК5,0,1,37.0,37.0,ПДК,,,,,,,,
5403,2018-04-30,Свердловская область,муниципальное образование «город Екатеринбург»,г. Екатеринбург,65701000001,р. Исеть,Взвешенные вещества,0,1,119.0,119.0,ПДК,,,,,,,,
5423,2018-04-30,Удмуртская Республика,Граховский,с. Грахово,94612422101,р. Адамка,Взвешенные вещества,0,1,50.0,50.0,ПДК,,,,,,,,
5424,2018-04-30,Удмуртская Республика,Граховский,с. Грахово,94612422101,р. Адамка,Взвешенные вещества,0,1,103.0,103.0,ПДК,,,,,,,,
5425,2018-04-30,Удмуртская Республика,Игринский,п. Игра,94618415101,р. Лоза,Взвешенные вещества,0,1,85.0,85.0,ПДК,,,,,,,,
5426,2018-04-30,Удмуртская Республика,Воткинский,д. Гавриловка,94608420101,р. Сива,Взвешенные вещества,0,1,74.0,74.0,ПДК,,,,,,,,
5427,2018-04-30,Удмуртская Республика,Глазов,г. Глазов,94720000001,р. Чепца,Взвешенные вещества,0,1,67.0,67.0,ПДК,,,,,,,,
5463,2018-05-31,Приморский край,Арсеньевский,г. Арсеньев,5703000001,р. Дачная,БПК5,0,1,28.0,28.0,ПДК,,,,,,,,
5466,2018-05-31,Свердловская область,муниципальное образование «город Екатеринбург»,г. Екатеринбург,65701000001,р. Исеть,Взвешенные вещества,0,1,187.0,187.0,ПДК,,,,,,,,
5467,2018-05-31,Свердловская область,муниципальное образование «город Екатеринбург»,г. Екатеринбург,65701000001,р. Исеть,Взвешенные вещества,0,1,88.0,88.0,ПДК,,,,,,,,
5468,2018-05-31,Свердловская область,муниципальное образование «город Екатеринбург»,г. Екатеринбург,65701000001,р. Исеть,Взвешенные вещества,0,1,69.0,69.0,ПДК,,,,,,,,
5469,2018-05-31,Свердловская область,город Каменск-Уральский,г. Каменск-Уральский,65740000001,р. Исеть,Взвешенные вещества,0,1,53.0,53.0,ПДК,,,,,,,,
5470,2018-05-31,Свердловская область,город Каменск-Уральский,г. Каменск-Уральский,65740000001,р. Исеть,Взвешенные вещества,0,1,139.0,139.0,ПДК,,,,,,,,
5471,2018-05-31,Свердловская область,Белоярский городской округ,с. Колюткино,65706000201,р. Исеть,Взвешенные вещества,0,1,219.0,219.0,ПДК,,,,,,,,
5472,2018-05-31,Свердловская область,Режевской городской округ,с. Першино,65720000236,р. Лозьва,Взвешенные вещества,0,1,53.0,53.0,ПДК,,,,,,,,
5474,2018-05-31,Свердловская область,Невьянский городской округ,г. Невьянск,65714000001,р. Нейва,Взвешенные вещества,0,1,61.0,61.0,ПДК,,,,,,,,
5477,2018-05-31,Свердловская область,Берёзовский городской округ,г. Березовский,65731000001,р. Пышма,Взвешенные вещества,0,1,55.0,55.0,ПДК,,,,,,,,
5483,2018-05-31,Свердловская область,городской округ Верхний Тагил,г. Верхний Тагил,65733000001,р. Тагил,Взвешенные вещества,0,1,63.0,63.0,ПДК,,,,,,,,
5484,2018-05-31,Свердловская область,городской округ Верхотурский,г. Верхотурье,65709000001,р. Тура,Взвешенные вещества,0,1,65.0,65.0,ПДК,,,,,,,,
5485,2018-05-31,Свердловская область,Нижнетуринский городской округ,г. Нижняя Тура,65715000001,р. Тура,Взвешенные вещества,0,1,64.0,64.0,ПДК,,,,,,,,
5486,2018-05-31,Свердловская область,Шалинский городской округ,рп. Староуткинск,65766000051,р. Чусовая,Взвешенные вещества,0,1,67.0,67.0,ПДК,,,,,,,,
5487,2018-05-31,Удмуртская Республика,Воткинский,д. Гавриловка,94608420101,р. Сива,Взвешенные вещества,0,1,122.0,122.0,ПДК,,,,,,,,
5488,2018-05-31,Удмуртская Республика,Воткинский,д. Гавриловка,94608420101,р. Сива,Взвешенные вещества,0,1,50.0,50.0,ПДК,,,,,,,,
5489,2018-05-31,Удмуртская Республика,Воткинский,д. Гавриловка,94608420101,р. Сива,Взвешенные вещества,0,1,139.0,139.0,ПДК,,,,,,,,
5517,2018-06-30,Вологодская область,Сокольский район,г. Сокол,19638101001,р. Пельшма,БПК5,0,1,23.0,23.0,ПДК,,,,,,,,
5518,2018-06-30,Курганская область,Частоозёрский район,с. Бутырино,37636408101,оз. Бутырино,Взвешенные вещества,0,1,63.0,63.0,ПДК,,,,,,,,
5519,2018-06-30,Курганская область,Частоозёрский район,с. Бутырино,37636408101,оз. Бутырино,Взвешенные вещества,0,1,65.0,65.0,ПДК,,,,,,,,
5520,2018-06-30,Курганская область,Частоозёрский район,с. Бутырино,37636408101,оз. Бутырино,Взвешенные вещества,0,1,55.0,55.0,ПДК,,,,,,,,
5521,2018-06-30,Курганская область,Шадринск,г. Шадринск,37705000001,р. Исеть,Взвешенные вещества,0,1,55.0,55.0,ПДК,,,,,,,,
5522,2018-06-30,Курганская область,Шатровский район,с. Мехонское,37640440101,р. Исеть,Взвешенные вещества,0,1,91.0,91.0,ПДК,,,,,,,,
5526,2018-06-30,Нижегородская область,Нижний Новгород,г. Нижний Новгород,22701000001,вдхр. Чебоксарское,Взвешенные вещества,0,1,51.0,51.0,ПДК,,,,,,,,
5531,2018-06-30,Свердловская область,городской округ Заречный,г. Заречный,65737000001,вдхр. Белоярское,Взвешенные вещества,0,1,76.0,76.0,ПДК,,,,,,,,
5532,2018-06-30,Свердловская область,муниципальное образование «город Екатеринбург»,г. Екатеринбург,65701000001,р. Исеть,Взвешенные вещества,0,1,51.0,51.0,ПДК,,,,,,,,
5533,2018-06-30,Свердловская область,муниципальное образование «город Екатеринбург»,г. Екатеринбург,65701000001,р. Исеть,Взвешенные вещества,0,1,60.0,60.0,ПДК,,,,,,,,
5534,2018-06-30,Свердловская область,город Каменск-Уральский,г. Каменск-Уральский,65740000001,р. Исеть,Взвешенные вещества,0,1,55.0,55.0,ПДК,,,,,,,,
5535,2018-06-30,Свердловская область,Белоярский городской округ,с. Колюткино,65706000201,р. Исеть,Взвешенные вещества,0,1,71.0,71.0,ПДК,,,,,,,,
5536,2018-06-30,Свердловская область,Ирбитское муниципальное образование,г. Ирбит,65739000001,р. Ница,Взвешенные вещества,0,1,77.0,77.0,ПДК,,,,,,,,
5537,2018-06-30,Свердловская область,Камышловский городской округ,г. Камышлов,65741000001,р. Пышма,Взвешенные вещества,0,1,52.0,52.0,ПДК,,,,,,,,
5538,2018-06-30,Свердловская область,городской округ Сухой Лог,г. Сухой Лог,65758000001,р. Пышма,Взвешенные вещества,0,1,64.0,64.0,ПДК,,,,,,,,
5539,2018-06-30,Свердловская область,Талицкий городской округ,г. Талица,65724000001,р. Пышма,Взвешенные вещества,0,1,53.0,53.0,ПДК,,,,,,,,
5540,2018-06-30,Свердловская область,Талицкий городской округ,г. Талица,65724000001,р. Пышма,Взвешенные вещества,0,1,52.0,52.0,ПДК,,,,,,,,
5541,2018-06-30,Свердловская область,Талицкий городской округ,г. Талица,65724000001,р. Пышма,Взвешенные вещества,0,1,89.0,89.0,ПДК,,,,,,,,
5543,2018-06-30,Свердловская область,Тавдинский городской округ,г. Тавда,65723000001,р. Тавда,Взвешенные вещества,0,1,97.0,97.0,ПДК,,,,,,,,
5571,2018-07-31,Забайкальский край,Чита,г. Чита,76701000001,р. Читинка,Взвешенные вещества,0,1,54.0,54.0,ПДК,,,,,,,,
5573,2018-07-31,Курганская область,Шадринск,г. Шадринск,37705000001,р. Исеть,Взвешенные вещества,0,1,57.0,57.0,ПДК,,,,,,,,
5584,2018-07-31,Нижегородская область,Дзержинск,г. Дзержинск,22721000001,р. Ока,Взвешенные вещества,0,1,53.0,53.0,ПДК,,,,,,,,
5585,2018-07-31,Нижегородская область,Дзержинск,г. Дзержинск,22721000001,р. Ока,Взвешенные вещества,0,1,53.0,53.0,ПДК,,,,,,,,
5593,2018-07-31,Республика Бурятия,Борзинский район,с. Соловьевск,76609464101,р. Ульдза-Гол,ХПК,0,1,66.0,66.0,ПДК,,,,,,,,
5595,2018-07-31,Свердловская область,городской округ Заречный,г. Заречный,65737000001,вдхр. Белоярское,Взвешенные вещества,0,1,91.0,91.0,ПДК,,,,,,,,
5596,2018-07-31,Свердловская область,Берёзовский городской округ,г. Березовский,65731000001,р. Березовка,Взвешенные вещества,0,1,77.0,77.0,ПДК,,,,,,,,
5597,2018-07-31,Свердловская область,муниципальное образование «город Екатеринбург»,г. Екатеринбург,65701000001,р. Исеть,Взвешенные вещества,0,1,91.0,91.0,ПДК,,,,,,,,
5598,2018-07-31,Свердловская область,город Каменск-Уральский,г. Каменск-Уральский,65740000001,р. Исеть,Взвешенные вещества,0,1,129.0,129.0,ПДК,,,,,,,,
5599,2018-07-31,Свердловская область,Ирбитское муниципальное образование,г. Ирбит,65739000001,р. Ница,Взвешенные вещества,0,1,60.0,60.0,ПДК,,,,,,,,
5600,2018-07-31,Свердловская область,Ирбитское муниципальное образование,г. Ирбит,65739000001,р. Ница,Взвешенные вещества,0,1,67.0,67.0,ПДК,,,,,,,,
5602,2018-07-31,Свердловская область,Талицкий городской округ,г. Талица,65724000001,р. Пышма,Взвешенные вещества,0,1,79.0,79.0,ПДК,,,,,,,,
5603,2018-07-31,Свердловская область,Талицкий городской округ,г. Талица,65724000001,р. Пышма,Взвешенные вещества,0,1,53.0,53.0,ПДК,,,,,,,,
5645,2018-08-31,Курганская область,Шадринск,г. Шадринск,37705000001,р. Исеть,Взвешенные вещества,0,1,51.0,51.0,ПДК,,,,,,,,
5646,2018-08-31,Курганская область,Шадринск,г. Шадринск,37705000001,р. Исеть,Взвешенные вещества,0,1,69.0,69.0,ПДК,,,,,,,,
5659,2018-08-31,Свердловская область,муниципальное образование «город Екатеринбург»,г. Екатеринбург,65701000001,р. Исеть,Взвешенные вещества,0,1,85.0,85.0,ПДК,,,,,,,,
5660,2018-08-31,Свердловская область,город Каменск-Уральский,г. Каменск-Уральский,65740000001,р. Исеть,Взвешенные вещества,0,1,56.0,56.0,ПДК,,,,,,,,
5661,2018-08-31,Свердловская область,Ирбитское муниципальное образование,г. Ирбит,65739000001,р. Ница,Взвешенные вещества,0,1,55.0,55.0,ПДК,,,,,,,,
5662,2018-08-31,Свердловская область,Ирбитское муниципальное образование,г. Ирбит,65739000001,р. Ница,Взвешенные вещества,0,1,61.0,61.0,ПДК,,,,,,,,
5698,2018-09-30,Курганская область,Шадринск,г. Шадринск,37705000001,р. Исеть,Взвешенные вещества,0,1,52.0,52.0,ПДК,,,,,,,,
5708,2018-09-30,Свердловская область,Новолялинский городской округ,г. Новая Ляля,65716000001,р. Ляля,Взвешенные вещества,0,1,65.0,65.0,ПДК,,,,,,,,
5747,2018-10-31,Иркутская область,Братский район,с. Кобляково,25604422101,р. Вихорева,Взвешенные вещества,0,1,192.0,192.0,ПДК,,,,,,,,
5748,2018-10-31,Краснодарский край,Город Горячий Ключ,г. Горячий Ключ,3709000001,р. Псекупс,Взвешенные вещества,0,1,3545.0,3545.0,ПДК,,,,,,,,
5749,2018-10-31,Краснодарский край,Город Горячий Ключ,г. Горячий Ключ,3709000001,р. Псекупс,Взвешенные вещества,0,1,3668.0,3668.0,ПДК,,,,,,,,
5750,2018-10-31,Краснодарский край,Туапсинский район,г. Туапсе,3655101001,р. Туапсе,Взвешенные вещества,0,1,16773.0,16773.0,ПДК,,,,,,,,
5758,2018-10-31,Свердловская область,муниципальное образование «город Екатеринбург»,г. Екатеринбург,65701000001,оз. Шарташ,Взвешенные вещества,0,1,92.0,92.0,ПДК,,,,,,,,
5759,2018-10-31,Свердловская область,Берёзовский городской округ,г. Березовский,65731000001,р. Березовка,Взвешенные вещества,0,1,107.0,107.0,ПДК,,,,,,,,
5780,2018-11-30,Мурманская область,Городской округ город Мурманск,г. Мурманск,47701000001,руч. Варничный,БПК5,0,1,35.0,35.0,ПДК,,,,,,,,
5782,2018-11-30,Нижегородская область,Богородский район,г. Богородск,22507000001,р. Рязанка,БПК5,0,1,25.0,25.0,ПДК,,,,,,,,
5793,2018-11-30,Приморский край,Арсеньевский,г. Арсеньев,5703000001,р. Дачная,БПК5,0,1,22.0,22.0,ПДК,,,,,,,,
5795,2018-11-30,Свердловская область,Берёзовский городской округ,г. Березовский,65731000001,р. Березовка,Взвешенные вещества,0,1,85.0,85.0,ПДК,,,,,,,,
5809,2018-12-31,Нижегородская область,Богородский район,г. Богородск,22507000001,р. Рязанка,БПК5,0,1,45.0,45.0,ПДК,,,,,,,,
5824,2018-12-31,Свердловская область,Берёзовский городской округ,г. Березовский,65731000001,р. Березовка,Взвешенные вещества,0,1,86.0,86.0,ПДК,,,,,,,,
5864,2019-01-31,Свердловская область,Берёзовский городской округ,г. Березовский,65731000001,р. Березовка,Взвешенные вещества,0,1,78.0,78.0,ПДК,,,,,,,,
5865,2019-01-31,Свердловская область,муниципальное образование «город Екатеринбург»,г. Екатеринбург,65701000001,р. Исеть,Взвешенные вещества,0,1,68.0,68.0,ПДК,,,,,,,,
5942,2019-03-31,Нижегородская область,Павловский район,г. Ворсма,22542000003,р. Ворсма,Взвешенные вещества,0,1,84.0,84.0,ПДК,,,,,,,,
5970,2019-03-31,Псковская область,Великолукский район,д. Лутово,58606436336,"ручей без названия, бассейн озера Пореченского",БПК5,0,1,23.0,23.0,ПДК,,,,,,,,
5974,2019-03-31,Свердловская область,Берёзовский городской округ,г. Березовский,65731000001,р. Березовка,Взвешенные вещества,0,1,155.0,155.0,ПДК,,,,,,,,
5975,2019-03-31,Свердловская область,муниципальное образование «город Екатеринбург»,г. Екатеринбург,65701000001,р. Исеть,Взвешенные вещества,0,1,57.0,57.0,ПДК,,,,,,,,
6023,2019-04-30,Курганская область,Белозерский район,с. Большой Камаган,37604430101,оз. Большой Камаган,Взвешенные вещества,0,1,56.0,56.0,ПДК,,,,,,,,
6024,2019-04-30,Курганская область,Курган,г. Курган,37701000001,р. Тобол,Взвешенные вещества,0,1,63.0,63.0,ПДК,,,,,,,,
6026,2019-04-30,Курганская область,Курган,г. Курган,37701000001,р. Тобол,Взвешенные вещества,0,1,82.0,82.0,ПДК,,,,,,,,
6027,2019-04-30,Курганская область,Белозерский район,с. Белозерское,37604408101,р. Тобол,Взвешенные вещества,0,1,54.0,54.0,ПДК,,,,,,,,
6055,2019-04-30,Свердловская область,Берёзовский городской округ,г. Березовский,65731000001,р. Березовка,Взвешенные вещества,0,1,143.0,143.0,ПДК,,,,,,,,
6056,2019-04-30,Свердловская область,город Каменск-Уральский,г. Каменск-Уральский,65740000001,р. Исеть,Взвешенные вещества,0,1,67.0,67.0,ПДК,,,,,,,,
6058,2019-04-30,Свердловская область,Слободо-Туринский муниципальный район,с. Краснослободское,65639470191,р. Ница,Взвешенные вещества,0,1,67.0,67.0,ПДК,,,,,,,,
6061,2019-04-30,Свердловская область,Камышловский городской округ,г. Камышлов,65741000001,р. Пышма,Взвешенные вещества,0,1,72.0,72.0,ПДК,,,,,,,,
6062,2019-04-30,Свердловская область,Талицкий городской округ,г. Талица,65724000001,р. Пышма,Взвешенные вещества,0,1,71.0,71.0,ПДК,,,,,,,,
6088,2019-05-31,Курганская область,Белозерский район,с. Большой Камаган,37604430101,оз. Большой Камаган,Взвешенные вещества,0,1,55.0,55.0,ПДК,,,,,,,,
6089,2019-05-31,Курганская область,Шадринск,г. Шадринск,37705000001,р. Исеть,Взвешенные вещества,0,1,80.0,80.0,ПДК,,,,,,,,
6090,2019-05-31,Курганская область,Шадринск,г. Шадринск,37705000001,р. Исеть,Взвешенные вещества,0,1,72.0,72.0,ПДК,,,,,,,,
6091,2019-05-31,Курганская область,Шатровский район,с. Мехонское,37640440101,р. Исеть,Взвешенные вещества,0,1,65.0,65.0,ПДК,,,,,,,,
6092,2019-05-31,Курганская область,Целинный район,с. Усть-Уйское,37634448101,р. Уй,Взвешенные вещества,0,1,57.0,57.0,ПДК,,,,,,,,
6104,2019-05-31,Псковская область,Печорский район,г. Печоры,58640101001,руч. Каменец,БПК5,0,1,41.0,41.0,ПДК,,,,,,,,
6115,2019-05-31,Свердловская область,Новолялинский городской округ,с. Коптяки,65716000201,вдхр. Исетское,Взвешенные вещества,0,1,51.0,51.0,ПДК,,,,,,,,
6116,2019-05-31,Свердловская область,городской округ Красноуральск,г. Красноуральск,65746000001,р. Айва,Взвешенные вещества,0,1,59.0,59.0,ПДК,,,,,,,,
6119,2019-05-31,Свердловская область,Берёзовский городской округ,г. Березовский,65731000001,р. Березовка,Взвешенные вещества,0,1,87.0,87.0,ПДК,,,,,,,,
6120,2019-05-31,Свердловская область,муниципальное образование «город Екатеринбург»,г. Екатеринбург,65701000001,р. Исеть,Взвешенные вещества,0,1,232.0,232.0,ПДК,,,,,,,,
6121,2019-05-31,Свердловская область,город Каменск-Уральский,г. Каменск-Уральский,65740000001,р. Исеть,Взвешенные вещества,0,1,115.0,115.0,ПДК,,,,,,,,
6122,2019-05-31,Свердловская область,Белоярский городской округ,с. Колюткино,65706000201,р. Исеть,Взвешенные вещества,0,1,109.0,109.0,ПДК,,,,,,,,
6126,2019-05-31,Удмуртская Республика,Каракулинский,с. Каракулино,94622455101,вдхр. Нижнекамское,Взвешенные вещества,0,1,54.0,54.0,ПДК,,,,,,,,
6127,2019-05-31,Удмуртская Республика,Игринский,п. Игра,94618415101,р. Лоза,Взвешенные вещества,0,1,54.0,54.0,ПДК,,,,,,,,
6128,2019-05-31,Удмуртская Республика,Кезский,с. Полом,94624455101,р. Чепца,Взвешенные вещества,0,1,109.0,109.0,ПДК,,,,,,,,
6140,2019-06-30,Иркутская область,Усолье-Сибирское,г. Усолье-Сибирское,25736000001,вдхр. Братское,Взвешенные вещества,0,1,58.0,58.0,ПДК,,,,,,,,
6141,2019-06-30,Иркутская область,Усолье-Сибирское,г. Усолье-Сибирское,25736000001,вдхр. Братское,Взвешенные вещества,0,1,50.0,50.0,ПДК,,,,,,,,
6142,2019-06-30,Иркутская область,Усолье-Сибирское,г. Усолье-Сибирское,25736000001,вдхр. Братское,Взвешенные вещества,0,1,54.0,54.0,ПДК,,,,,,,,
6154,2019-06-30,Нижегородская область,Богородский район,г. Богородск,22507000001,р. Рязанка,БПК5,0,1,80.0,80.0,ПДК,,,,,,,,
6165,2019-06-30,Псковская область,Пушкиногорский район,рп. Пушкинские Горы,58651152051,ручей без названия,БПК5,0,1,21.0,21.0,ПДК,,,,,,,,
6166,2019-06-30,Псковская область,Пушкиногорский район,рп. Пушкинские Горы,58651152051,ручей без названия,БПК5,0,1,29.0,29.0,ПДК,,,,,,,,
6173,2019-06-30,Свердловская область,Берёзовский городской округ,г. Березовский,65731000001,р. Березовка,Взвешенные вещества,0,1,57.0,57.0,ПДК,,,,,,,,
6174,2019-06-30,Свердловская область,муниципальное образование «город Екатеринбург»,г. Екатеринбург,65701000001,р. Исеть,Взвешенные вещества,0,1,72.0,72.0,ПДК,,,,,,,,
6175,2019-06-30,Свердловская область,муниципальное образование «город Екатеринбург»,г. Екатеринбург,65701000001,р. Исеть,Взвешенные вещества,0,1,59.0,59.0,ПДК,,,,,,,,
6178,2019-06-30,Свердловская область,Талицкий городской округ,г. Талица,65724000001,р. Пышма,Взвешенные вещества,0,1,68.0,68.0,ПДК,,,,,,,,
6179,2019-06-30,Свердловская область,Талицкий городской округ,г. Талица,65724000001,р. Пышма,Взвешенные вещества,0,1,81.0,81.0,ПДК,,,,,,,,
6182,2019-06-30,Свердловская область,Тавдинский городской округ,г. Тавда,65723000001,р. Тавда,Взвешенные вещества,0,1,56.0,56.0,ПДК,,,,,,,,
6183,2019-06-30,Свердловская область,Слободо-Туринский муниципальный район,с. Тимофеево,65639460161,р. Тура,Взвешенные вещества,0,1,53.0,53.0,ПДК,,,,,,,,
6220,2019-07-31,Иркутская область,Тулун,г. Тулун,25732000001,р. Ия,Взвешенные вещества,0,1,61.0,61.0,ПДК,,,,,,,,
6221,2019-07-31,Курганская область,Белозерский район,с. Белозерское,37604408101,р. Тобол,Взвешенные вещества,0,1,52.0,52.0,ПДК,,,,,,,,
6230,2019-07-31,Нижегородская область,Нижний Новгород,г. Нижний Новгород,22701000001,р. Ока,Взвешенные вещества,0,1,53.0,53.0,ПДК,,,,,,,,
6232,2019-07-31,Приморский край,Арсеньевский,г. Арсеньев,5703000001,р. Дачная,БПК5,0,1,31.0,31.0,ПДК,,,,,,,,
6234,2019-07-31,Свердловская область,городской округ Заречный,г. Заречный,65737000001,вдхр. Белоярское,Взвешенные вещества,0,1,99.0,99.0,ПДК,,,,,,,,
6239,2019-07-31,Свердловская область,муниципальное образование «город Екатеринбург»,г. Екатеринбург,65701000001,р. Исеть,Взвешенные вещества,0,1,53.0,53.0,ПДК,,,,,,,,
6240,2019-07-31,Свердловская область,муниципальное образование «город Екатеринбург»,г. Екатеринбург,65701000001,р. Исеть,Взвешенные вещества,0,1,104.0,104.0,ПДК,,,,,,,,
6286,2019-07-31,Тульская область,Город Алексин,г. Алексин,70706000001,р. Мышега,БПК5,0,1,29.0,29.0,ПДК,,,,,,,,
6287,2019-07-31,Тульская область,Город Алексин,г. Алексин,70706000001,р. Мышега,БПК5,0,1,29.0,29.0,ПДК,,,,,,,,
6288,2019-07-31,Тульская область,Город Алексин,г. Алексин,70706000001,р. Мышега,БПК5,0,1,20.0,20.0,ПДК,,,,,,,,
6289,2019-07-31,Тульская область,Город Алексин,г. Алексин,70706000001,р. Мышега,БПК5,0,1,33.0,33.0,ПДК,,,,,,,,
6290,2019-07-31,Тульская область,Город Алексин,г. Алексин,70706000001,р. Мышега,БПК5,0,1,60.0,60.0,ПДК,,,,,,,,
6291,2019-07-31,Тульская область,Город Алексин,г. Алексин,70706000001,р. Мышега,БПК5,0,1,24.0,24.0,ПДК,,,,,,,,
6292,2019-07-31,Тульская область,Город Алексин,г. Алексин,70706000001,р. Мышега,БПК5,0,1,21.0,21.0,ПДК,,,,,,,,
6313,2019-08-31,Нижегородская область,Дзержинск,г. Дзержинск,22721000001,р. Ока,Взвешенные вещества,0,1,56.0,56.0,ПДК,,,,,,,,
6314,2019-08-31,Нижегородская область,Дзержинск,г. Дзержинск,22721000001,р. Ока,Взвешенные вещества,0,1,50.0,50.0,ПДК,,,,,,,,
6315,2019-08-31,Нижегородская область,Дзержинск,г. Дзержинск,22721000001,р. Ока,Взвешенные вещества,0,1,53.0,53.0,ПДК,,,,,,,,
6357,2019-08-31,Тульская область,Город Алексин,г. Алексин,70706000001,р. Мышега,БПК5,0,1,30.0,30.0,ПДК,,,,,,,,
6358,2019-08-31,Тульская область,Город Алексин,г. Алексин,70706000001,р. Мышега,БПК5,0,1,39.0,39.0,ПДК,,,,,,,,
6359,2019-08-31,Тульская область,Город Алексин,г. Алексин,70706000001,р. Мышега,БПК5,0,1,27.0,27.0,ПДК,,,,,,,,
6360,2019-08-31,Тульская область,Город Алексин,г. Алексин,70706000001,р. Мышега,БПК5,0,1,50.0,50.0,ПДК,,,,,,,,
6361,2019-08-31,Тульская область,Город Алексин,г. Алексин,70706000001,р. Мышега,БПК5,0,1,41.0,41.0,ПДК,,,,,,,,
6362,2019-08-31,Тульская область,Город Алексин,г. Алексин,70706000001,р. Мышега,БПК5,0,1,43.0,43.0,ПДК,,,,,,,,
6363,2019-08-31,Тульская область,Город Алексин,г. Алексин,70706000001,р. Мышега,БПК5,0,1,38.0,38.0,ПДК,,,,,,,,
6364,2019-08-31,Тульская область,Город Алексин,г. Алексин,70706000001,р. Мышега,БПК5,0,1,29.0,29.0,ПДК,,,,,,,,
6365,2019-08-31,Тульская область,Город Алексин,г. Алексин,70706000001,р. Мышега,БПК5,0,1,30.0,30.0,ПДК,,,,,,,,
6366,2019-08-31,Тульская область,Город Алексин,г. Алексин,70706000001,р. Мышега,БПК5,0,1,23.0,23.0,ПДК,,,,,,,,
6367,2019-08-31,Тульская область,Город Алексин,г. Алексин,70706000001,р. Мышега,БПК5,0,1,38.0,38.0,ПДК,,,,,,,,
6368,2019-08-31,Тульская область,Город Алексин,г. Алексин,70706000001,р. Мышега,БПК5,0,1,29.0,29.0,ПДК,,,,,,,,
6369,2019-08-31,Тульская область,Город Алексин,г. Алексин,70706000001,р. Мышега,БПК5,0,1,28.0,28.0,ПДК,,,,,,,,
6370,2019-08-31,Тульская область,Город Алексин,г. Алексин,70706000001,р. Мышега,БПК5,0,1,28.0,28.0,ПДК,,,,,,,,
6371,2019-08-31,Тульская область,Город Алексин,г. Алексин,70706000001,р. Мышега,БПК5,0,1,37.0,37.0,ПДК,,,,,,,,
6372,2019-08-31,Тульская область,Город Алексин,г. Алексин,70706000001,р. Мышега,БПК5,0,1,33.0,33.0,ПДК,,,,,,,,
6399,2019-09-30,Нижегородская область,Кстовский район,г. Кстово,22637101001,вдхр. Чебоксарское,Взвешенные вещества,0,1,56.0,56.0,ПДК,,,,,,,,
6402,2019-09-30,Нижегородская область,Балахнинский район,г. Балахна,22505000001,р. Волга,БПК5,0,1,34.0,34.0,ПДК,,,,,,,,
6403,2019-09-30,Нижегородская область,Балахнинский район,г. Балахна,22505000001,р. Волга,БПК5,0,1,33.0,33.0,ПДК,,,,,,,,
6404,2019-09-30,Нижегородская область,Балахнинский район,г. Балахна,22505000001,р. Волга,БПК5,0,1,30.0,30.0,ПДК,,,,,,,,
6405,2019-09-30,Нижегородская область,Балахнинский район,г. Балахна,22505000001,р. Волга,БПК5,0,1,21.0,21.0,ПДК,,,,,,,,
6406,2019-09-30,Нижегородская область,Дзержинск,г. Дзержинск,22721000001,р. Ока,Взвешенные вещества,0,1,57.0,57.0,ПДК,,,,,,,,
6407,2019-09-30,Нижегородская область,Богородский район,г. Богородск,22507000001,р. Рязанка,БПК5,0,1,62.0,62.0,ПДК,,,,,,,,
6411,2019-09-30,Нижегородская область,Богородский район,г. Богородск,22507000001,р. Рязанка,ХПК,0,1,57.0,57.0,ПДК,,,,,,,,
6483,2019-10-31,Приморский край,Арсеньевский,г. Арсеньев,5703000001,р. Дачная,БПК5,0,1,29.0,29.0,ПДК,,,,,,,,
6492,2019-10-31,Свердловская область,Берёзовский городской округ,г. Березовский,65731000001,р. Березовка,Взвешенные вещества,0,1,133.0,133.0,ПДК,,,,,,,,
6513,2019-11-30,Мурманская область,Городской округ город Мурманск,г. Мурманск,47701000001,руч. Варничный,БПК5,0,1,35.0,35.0,ПДК,,,,,,,,
6519,2019-11-30,Нижегородская область,Богородский район,г. Богородск,22507000001,р. Рязанка,Взвешенные вещества,0,1,693.0,693.0,ПДК,,,,,,,,
6520,2019-11-30,Нижегородская область,Богородский район,г. Богородск,22507000001,р. Рязанка,Взвешенные вещества,0,1,800.0,800.0,ПДК,,,,,,,,
6521,2019-11-30,Нижегородская область,Богородский район,г. Богородск,22507000001,р. Рязанка,БПК5,0,1,100.0,100.0,ПДК,,,,,,,,
6522,2019-11-30,Нижегородская область,Богородский район,г. Богородск,22507000001,р. Рязанка,БПК5,0,1,25.0,25.0,ПДК,,,,,,,,
6523,2019-11-30,Нижегородская область,Богородский район,г. Богородск,22507000001,р. Рязанка,БПК5,0,1,75.0,75.0,ПДК,,,,,,,,
6550,2019-12-31,Иркутская область,Иркутск,г. Иркутск,25701000001,р. Кая,Взвешенные вещества,0,1,58.0,58.0,ПДК,,,,,,,,
6551,2019-12-31,Курганская область,Частоозёрский район,с. Бутырино,37636408101,оз. Бутырино,Взвешенные вещества,0,1,59.0,59.0,ПДК,,,,,,,,
6573,2019-12-31,Свердловская область,Берёзовский городской округ,г. Березовский,65731000001,р. Березовка,Взвешенные вещества,0,1,60.0,60.0,ПДК,,,,,,,,
6577,2019-12-31,Свердловская область,городской округ Красноуфимск,г. Красноуфимск,65747000001,р. Уфа,Взвешенные вещества,0,1,73.0,73.0,ПДК,,,,,,,,
6604,2020-01-31,Приморский край,Арсеньевский,г. Арсеньев,5703000001,р. Дачная,БПК5,0,1,24.0,24.0,ПДК,,,,,,,,
6621,2020-02-29,Мурманская область,Городской округ город Мурманск,г. Мурманск,47701000001,руч. Варничный,БПК5,0,1,40.0,40.0,ПДК,,,,,,,,
6636,2020-02-29,Приморский край,Арсеньевский,г. Арсеньев,5703000001,р. Дачная,БПК5,0,1,24.0,24.0,ПДК,,,,,,,,
6638,2020-02-29,Сахалинская область,городской округ Город Южно-Сахалинск,г. Южно-Сахалинск,64701000001,р. Красносельская,БПК5,0,1,24.0,24.0,ПДК,,,,,,,,
6644,2020-02-29,Свердловская область,Берёзовский городской округ,г. Березовский,65731000001,р. Пышма,Взвешенные вещества,0,1,59.0,59.0,ПДК,,,,,,,,
6699,2020-04-30,Курганская область,Далматовский район,с. Першинское,37608467101,р. Теча,Взвешенные вещества,0,1,73.0,73.0,ПДК,,,,,,,,
6737,2020-04-30,Свердловская область,город Каменск-Уральский,г. Каменск-Уральский,65740000001,р. Исеть,Взвешенные вещества,0,1,57.0,57.0,ПДК,,,,,,,,
6738,2020-04-30,Свердловская область,Белоярский городской округ,с. Колюткино,65706000201,р. Исеть,Взвешенные вещества,0,1,57.0,57.0,ПДК,,,,,,,,
6739,2020-04-30,Свердловская область,Новолялинский городской округ,г. Новая Ляля,65716000001,р. Ляля,Взвешенные вещества,0,1,60.0,60.0,ПДК,,,,,,,,
6743,2020-04-30,Удмуртская Республика,Воткинский,д. Гавриловка,94608420101,р. Сива,Взвешенные вещества,0,1,52.0,52.0,ПДК,,,,,,,,
6777,2020-05-31,Свердловская область,Берёзовский городской округ,г. Березовский,65731000001,р. Березовка,Взвешенные вещества,0,1,160.0,160.0,ПДК,,,,,,,,
6778,2020-05-31,Свердловская область,Берёзовский городской округ,г. Березовский,65731000001,р. Березовка,Взвешенные вещества,0,1,173.0,173.0,ПДК,,,,,,,,
6784,2020-05-31,Свердловская область,Берёзовский городской округ,г. Березовский,65731000001,р. Пышма,Взвешенные вещества,0,1,115.0,115.0,ПДК,,,,,,,,
6785,2020-05-31,Свердловская область,Берёзовский городской округ,г. Березовский,65731000001,р. Пышма,Взвешенные вещества,0,1,132.0,132.0,ПДК,,,,,,,,
6787,2020-05-31,Свердловская область,Берёзовский городской округ,п. Ключевск,65731000121,р. Черная,Взвешенные вещества,0,1,96.0,96.0,ПДК,,,,,,,,
6788,2020-05-31,Свердловская область,Берёзовский городской округ,п. Ключевск,65731000121,р. Черная,Взвешенные вещества,0,1,97.0,97.0,ПДК,,,,,,,,
6808,2020-06-30,Магаданская область,Хасынский,п. Хасын,44719000106,р. Хасын,Взвешенные вещества,0,1,762.0,762.0,ПДК,,,,,,,,
6809,2020-06-30,Магаданская область,Хасынский,п. Хасын,44719000106,р. Хасын,Взвешенные вещества,0,1,762.0,762.0,ПДК,,,,,,,,
6830,2020-06-30,Мурманская область,Городской округ город Мурманск,г. Мурманск,47701000001,руч. Варничный,БПК5,0,1,32.0,32.0,ПДК,,,,,,,,
6834,2020-06-30,Нижегородская область,Павловский район,г. Ворсма,22542000003,р. Ворсма,Взвешенные вещества,0,1,56.0,56.0,ПДК,,,,,,,,
6839,2020-07-31,Курганская область,Катайский район,г. Катайск,37612101001,р. Исеть,Взвешенные вещества,0,1,71.0,71.0,ПДК,,,,,,,,
6840,2020-07-31,Курганская область,Шадринск,г. Шадринск,37705000001,р. Исеть,Взвешенные вещества,0,1,140.0,140.0,ПДК,,,,,,,,
6841,2020-07-31,Курганская область,Шадринск,г. Шадринск,37705000001,р. Исеть,Взвешенные вещества,0,1,95.0,95.0,ПДК,,,,,,,,
6842,2020-07-31,Курганская область,Шатровский район,с. Мехонское,37640440101,р. Исеть,Взвешенные вещества,0,1,77.0,77.0,ПДК,,,,,,,,
6843,2020-07-31,Курганская область,Каргапольский район,рп. Каргаполье,37610151051,р. Миасс,Взвешенные вещества,0,1,59.0,59.0,ПДК,,,,,,,,
6844,2020-07-31,Курганская область,Белозерский район,с. Белозерское,37604408101,р. Тобол,Взвешенные вещества,0,1,62.0,62.0,ПДК,,,,,,,,
6888,2020-07-31,Нижегородская область,Нижний Новгород,г. Нижний Новгород,22701000001,вдхр. Чебоксарское,Взвешенные вещества,0,1,59.0,59.0,ПДК,,,,,,,,
6889,2020-07-31,Нижегородская область,Павловский район,г. Горбатов,22642105001,р. Ока,Взвешенные вещества,0,1,67.0,67.0,ПДК,,,,,,,,
6893,2020-07-31,Свердловская область,город Каменск-Уральский,г. Каменск-Уральский,65740000001,р. Исеть,Взвешенные вещества,0,1,53.0,53.0,ПДК,,,,,,,,
6895,2020-07-31,Свердловская область,Талицкий городской округ,г. Талица,65724000001,р. Пышма,Взвешенные вещества,0,1,72.0,72.0,ПДК,,,,,,,,
6897,2020-07-31,Свердловская область,городской округ Верхний Тагил,г. Верхний Тагил,65733000001,р. Тагил,Взвешенные вещества,0,1,71.0,71.0,ПДК,,,,,,,,
6921,2020-08-31,Иркутская область,Иркутск,г. Иркутск,25701000001,р. Иркут,Взвешенные вещества,0,1,58.0,58.0,ПДК,,,,,,,,
6922,2020-08-31,Курганская область,Шадринск,г. Шадринск,37705000001,р. Исеть,Взвешенные вещества,0,1,67.0,67.0,ПДК,,,,,,,,
6923,2020-08-31,Курганская область,Шадринск,г. Шадринск,37705000001,р. Исеть,Взвешенные вещества,0,1,52.0,52.0,ПДК,,,,,,,,
6928,2020-08-31,Мурманская область,Городской округ город Мурманск,г. Мурманск,47701000001,р. Роста,БПК5,0,1,30.0,30.0,ПДК,,,,,,,,
6936,2020-08-31,Нижегородская область,Нижний Новгород,г. Нижний Новгород,22701000001,р. Ока,Взвешенные вещества,0,1,72.0,72.0,ПДК,,,,,,,,
6943,2020-08-31,Приморский край,Арсеньевский,г. Арсеньев,5703000001,р. Дачная,БПК5,0,1,45.0,45.0,ПДК,,,,,,,,
6946,2020-08-31,Свердловская область,муниципальное образование «город Екатеринбург»,г. Екатеринбург,65701000001,р. Исеть,Взвешенные вещества,0,1,165.0,165.0,ПДК,,,,,,,,
6947,2020-08-31,Свердловская область,муниципальное образование «город Екатеринбург»,г. Екатеринбург,65701000001,р. Исеть,Взвешенные вещества,0,1,55.0,55.0,ПДК,,,,,,,,
6948,2020-08-31,Свердловская область,город Каменск-Уральский,г. Каменск-Уральский,65740000001,р. Исеть,Взвешенные вещества,0,1,53.0,53.0,ПДК,,,,,,,,
6949,2020-08-31,Свердловская область,город Каменск-Уральский,г. Каменск-Уральский,65740000001,р. Исеть,Взвешенные вещества,0,1,72.0,72.0,ПДК,,,,,,,,
6950,2020-08-31,Свердловская область,Сысертский городской округ,п. Двуреченск,65722000181,р. Исеть,Взвешенные вещества,0,1,73.0,73.0,ПДК,,,,,,,,
6951,2020-08-31,Свердловская область,Сысертский городской округ,п. Двуреченск,65722000181,р. Исеть,Взвешенные вещества,0,1,69.0,69.0,ПДК,,,,,,,,
6952,2020-08-31,Свердловская область,муниципальное образование «город Екатеринбург»,г. Екатеринбург,65701000001,р. Патрушиха,Взвешенные вещества,0,1,88.0,88.0,ПДК,,,,,,,,
6954,2020-08-31,Свердловская область,Талицкий городской округ,г. Талица,65724000001,р. Пышма,Взвешенные вещества,0,1,127.0,127.0,ПДК,,,,,,,,
6955,2020-08-31,Свердловская область,Талицкий городской округ,г. Талица,65724000001,р. Пышма,Взвешенные вещества,0,1,53.0,53.0,ПДК,,,,,,,,
6956,2020-08-31,Свердловская область,Талицкий городской округ,г. Талица,65724000001,р. Пышма,Взвешенные вещества,0,1,113.0,113.0,ПДК,,,,,,,,
6966,2020-08-31,Свердловская область,Туринский городской округ,г. Туринск,65726000001,р. Тура,Взвешенные вещества,0,1,63.0,63.0,ПДК,,,,,,,,
6967,2020-08-31,Свердловская область,Шалинский городской округ,рп. Староуткинск,65766000051,р. Чусовая,Взвешенные вещества,0,1,64.0,64.0,ПДК,,,,,,,,
7014,2020-09-30,Нижегородская область,Богородский район,г. Богородск,22507000001,р. Рязанка,БПК5,0,1,47.0,47.0,ПДК,,,,,,,,
7016,2020-09-30,Приморский край,Арсеньевский,г. Арсеньев,5703000001,р. Дачная,БПК5,0,1,22.0,22.0,ПДК,,,,,,,,
7021,2020-09-30,Свердловская область,город Каменск-Уральский,г. Каменск-Уральский,65740000001,р. Исеть,Взвешенные вещества,0,1,115.0,115.0,ПДК,,,,,,,,
7022,2020-09-30,Свердловская область,Берёзовский городской округ,г. Березовский,65731000001,р. Пышма,Взвешенные вещества,0,1,99.0,99.0,ПДК,,,,,,,,
7056,2020-10-31,г. Москва,Москва,г. Москва,45000000,р. Лихоборка,БПК5,0,1,22.0,22.0,ПДК,,,,,,,,
7065,2020-10-31,Курганская область,Частоозёрский район,с. Бутырино,37636408101,оз. Бутырино,Взвешенные вещества,0,1,71.0,71.0,ПДК,,,,,,,,
7066,2020-10-31,Курганская область,Шадринск,г. Шадринск,37705000001,р. Исеть,Взвешенные вещества,0,1,65.0,65.0,ПДК,,,,,,,,
7067,2020-10-31,Курганская область,Шадринск,г. Шадринск,37705000001,р. Исеть,Взвешенные вещества,0,1,56.0,56.0,ПДК,,,,,,,,
7068,2020-10-31,Курганская область,Шатровский район,с. Мехонское,37640440101,р. Исеть,Взвешенные вещества,0,1,68.0,68.0,ПДК,,,,,,,,
7081,2020-10-31,Нижегородская область,Дзержинск,г. Дзержинск,22721000001,р. Ока,Взвешенные вещества,0,1,55.0,55.0,ПДК,,,,,,,,
7082,2020-10-31,Нижегородская область,Нижний Новгород,г. Нижний Новгород,22701000001,р. Ока,Взвешенные вещества,0,1,54.0,54.0,ПДК,,,,,,,,
7085,2020-10-31,Нижегородская область,Богородский район,г. Богородск,22507000001,р. Рязанка,БПК5,0,1,63.0,63.0,ПДК,,,,,,,,
7096,2020-10-31,Свердловская область,муниципальное образование «город Екатеринбург»,г. Екатеринбург,65701000001,р. Исеть,Взвешенные вещества,0,1,77.0,77.0,ПДК,,,,,,,,
7097,2020-10-31,Свердловская область,город Каменск-Уральский,г. Каменск-Уральский,65740000001,р. Исеть,Взвешенные вещества,0,1,64.0,64.0,ПДК,,,,,,,,
7098,2020-10-31,Свердловская область,город Каменск-Уральский,г. Каменск-Уральский,65740000001,р. Исеть,Взвешенные вещества,0,1,65.0,65.0,ПДК,,,,,,,,
7099,2020-10-31,Свердловская область,Талицкий городской округ,г. Талица,65724000001,р. Пышма,Взвешенные вещества,0,1,53.0,53.0,ПДК,,,,,,,,
7100,2020-10-31,Свердловская область,городской округ Ревда,г. Ревда,65719000001,р. Ревда,Взвешенные вещества,0,1,56.0,56.0,ПДК,,,,,,,,
7133,2020-11-30,Иркутская область,Свирск,г. Свирск,25746000001,вдхр. Братское,Взвешенные вещества,0,1,67.0,67.0,ПДК,,,,,,,,
7138,2020-11-30,Мурманская область,Городской округ город Мурманск,г. Мурманск,47701000001,руч. Варничный,БПК5,0,1,28.0,28.0,ПДК,,,,,,,,
7156,2020-12-31,Иркутская область,Иркутск,г. Иркутск,25701000001,р. Иркут,Взвешенные вещества,0,1,60.0,60.0,ПДК,,,,,,,,
7218,2021-02-28,Мурманская область,Городской округ город Мурманск,г. Мурманск,47701000001,р. Роста,БПК5,0,1,20.0,20.0,ПДК,,,,,,,,
7220,2021-02-28,Мурманская область,Городской округ город Мурманск,г. Мурманск,47701000001,руч. Варничный,БПК5,0,1,32.0,32.0,ПДК,,,,,,,,
7231,2021-02-28,Приморский край,Арсеньевский,г. Арсеньев,5703000001,р. Дачная,БПК5,0,1,25.0,25.0,ПДК,,,,,,,,
7328,2021-03-31,Приморский край,Арсеньевский,г. Арсеньев,5703000001,р. Дачная,БПК5,0,1,25.0,25.0,ПДК,,,,,,,,
7399,2021-04-30,Иркутская область,Иркутск,г. Иркутск,25701000001,р. Кая,Взвешенные вещества,0,1,57.0,57.0,ПДК,,,,,,,,
7417,2021-04-30,Нижегородская область,Сергачский район,с. Камкино,22648428101,р. Пьяна,Взвешенные вещества,0,1,57.0,57.0,ПДК,,,,,,,,
7418,2021-04-30,Нижегородская область,Лысковский район,с. Семово,22640416171,р. Сундовик,Взвешенные вещества,0,1,70.0,70.0,ПДК,,,,,,,,
7429,2021-04-30,Приморский край,Владивостокский,г. Владивосток,5701000001,р. Седанка,БПК5,0,1,30.0,30.0,ПДК,,,,,,,,
7434,2021-04-30,Республика Татарстан (Татарстан),Лениногорский район,г. Лениногорск,92636101001,р. Зай,БПК5,0,1,40.0,40.0,ПДК,,,,,,,,
7450,2021-04-30,Удмуртская Республика,Граховский,с. Грахово,94612422101,р. Адамка,Взвешенные вещества,0,1,235.0,235.0,ПДК,,,,,,,,
7451,2021-04-30,Удмуртская Республика,Граховский,с. Грахово,94612422101,р. Адамка,Взвешенные вещества,0,1,471.0,471.0,ПДК,,,,,,,,
7452,2021-04-30,Удмуртская Республика,Граховский,с. Грахово,94612422101,р. Адамка,Взвешенные вещества,0,1,92.0,92.0,ПДК,,,,,,,,
7453,2021-04-30,Удмуртская Республика,Игринский,п. Игра,94618415101,р. Лоза,Взвешенные вещества,0,1,55.0,55.0,ПДК,,,,,,,,
7454,2021-04-30,Удмуртская Республика,Воткинский,д. Гавриловка,94608420101,р. Сива,Взвешенные вещества,0,1,77.0,77.0,ПДК,,,,,,,,
7455,2021-04-30,Удмуртская Республика,Воткинский,д. Гавриловка,94608420101,р. Сива,Взвешенные вещества,0,1,115.0,115.0,ПДК,,,,,,,,
7456,2021-04-30,Удмуртская Республика,Воткинский,д. Гавриловка,94608420101,р. Сива,Взвешенные вещества,0,1,60.0,60.0,ПДК,,,,,,,,
7457,2021-04-30,Удмуртская Республика,Воткинский,д. Гавриловка,94608420101,р. Сива,Взвешенные вещества,0,1,108.0,108.0,ПДК,,,,,,,,
7458,2021-04-30,Удмуртская Республика,Кезский,с. Полом,94624455101,р. Чепца,Взвешенные вещества,0,1,66.0,66.0,ПДК,,,,,,,,
7482,2021-05-31,Иркутская область,Качугский район,рп. Качуг,25618151051,р. Лена,Взвешенные вещества,0,1,58.0,58.0,ПДК,,,,,,,,
7483,2021-05-31,Иркутская область,Качугский район,рп. Качуг,25618151051,р. Лена,Взвешенные вещества,0,1,58.0,58.0,ПДК,,,,,,,,
7506,2021-05-31,Приморский край,Арсеньевский,г. Арсеньев,5703000001,р. Дачная,БПК5,0,1,25.0,25.0,ПДК,,,,,,,,
7521,2021-06-30,Иркутская область,Ангарский район,г. Ангарск,25703000001,р. Китой,Взвешенные вещества,0,1,91.0,91.0,ПДК,,,,,,,,
7533,2021-06-30,Нижегородская область,Богородский район,г. Богородск,22507000001,р. Рязанка,БПК5,0,1,32.0,32.0,ПДК,,,,,,,,
7538,2021-06-30,Приморский край,Арсеньевский,г. Арсеньев,5703000001,р. Дачная,БПК5,0,1,24.0,24.0,ПДК,,,,,,,,
7545,2021-07-31,Вологодская область,Сокольский район,г. Сокол,19638101001,р. Пельшма,БПК5,0,1,38.0,38.0,ПДК,,,,,,,,
7559,2021-07-31,Новгородская область,Чудовский муниципальный район,д. Торфяное,49650430201,ручей без названия,БПК5,0,1,51.0,51.0,ПДК,,,,,,,,
7563,2021-07-31,Приморский край,Арсеньевский,г. Арсеньев,5703000001,р. Дачная,БПК5,0,1,24.0,24.0,ПДК,,,,,,,,
7566,2021-07-31,Псковская область,Псковский район,д. Стремутка,58649476376,р. Стремутка,БПК5,0,1,55.0,55.0,ПДК,,,,,,,,
7567,2021-07-31,Псковская область,Псковский район,д. Стремутка,58649476376,р. Стремутка,БПК5,0,1,35.0,35.0,ПДК,,,,,,,,
7568,2021-07-31,Псковская область,Псковский район,д. Стремутка,58649476376,р. Стремутка,БПК5,0,1,114.0,114.0,ПДК,,,,,,,,
7571,2021-07-31,Псковская область,Псковский район,д. Стремутка,58649476376,р. Стремутка,БПК5,0,1,94.0,94.0,ПДК,,,,,,,,
7613,2021-08-31,Вологодская область,Сокольский район,г. Сокол,19638101001,р. Пельшма,БПК5,0,1,29.0,29.0,ПДК,,,,,,,,
