id,period,okato,subject,river_basin,indicator,hazard_class,cnt_cases,value_min,value_max,unit,indicator,pdk_hazard_class,pdk_value,date_start,date_end,ingredient_npa,in_period,concentration_mg_l
3,2008-01-31,19000000000,Вологодская область,р. Северная Двина,БПК5,0,1,13.0,13.0,ПДК,,,,,,,,
4,2008-01-31,19000000000,Вологодская область,р. Северная Двина,ХПК,0,1,20.0,20.0,ПДК,,,,,,,,
9,2008-01-31,33000000000,Кировская область,р. Волга,Взвешенные вещества,0,3,10.0,45.0,ПДК,,,,,,,,
10,2008-01-31,37000000000,Курганская область,р. Обь,Взвешенные вещества,0,2,10.0,18.0,ПДК,,,,,,,,
21,2008-01-31,22000000000,Нижегородская область,р. Волга,Взвешенные вещества,0,1,18.0,18.0,ПДК,,,,,,,,
26,2008-01-31,57000000000,Пермский край,р. Волга,Взвешенные вещества,0,2,13.0,16.0,ПДК,,,,,,,,
28,2008-01-31,5000000000,Приморский край,р. Амур,БПК5,0,1,19.0,19.0,ПДК,,,,,,,,
38,2008-01-31,65000000000,Свердловская область,р. Волга,Взвешенные вещества,0,4,11.0,21.0,ПДК,,,,,,,,
46,2008-01-31,65000000000,Свердловская область,р. Обь,Взвешенные вещества,0,12,12.0,25.0,ПДК,,,,,,,,
52,2008-01-31,75000000000,Челябинская область,р. Обь,Взвешенные вещества,0,1,23.0,23.0,ПДК,,,,,,,,
63,2008-02-29,19000000000,Вологодская область,р. Северная Двина,БПК5,0,1,12.0,12.0,ПДК,,,,,,,,
64,2008-02-29,19000000000,Вологодская область,р. Северная Двина,ХПК,0,1,25.0,25.0,ПДК,,,,,,,,
74,2008-02-29,22000000000,Нижегородская область,р. Волга,Взвешенные вещества,0,2,10.0,18.0,ПДК,,,,,,,,
77,2008-02-29,57000000000,Пермский край,р. Волга,Взвешенные вещества,0,3,26.0,50.0,ПДК,,,,,,,,
84,2008-02-29,5000000000,Приморский край,р. Амур,БПК5,0,3,6.0,19.0,ПДК,,,,,,,,
92,2008-02-29,5000000000,Приморский край,"малые реки, озера, водохранилища",БПК5,0,1,18.0,18.0,ПДК,,,,,,,,
96,2008-02-29,36000000000,Самарская область,р. Волга,ХПК,0,1,19.0,19.0,ПДК,,,,,,,,
97,2008-02-29,36000000000,Самарская область,р. Волга,БПК5,0,1,34.0,34.0,ПДК,,,,,,,,
100,2008-02-29,65000000000,Свердловская область,р. Волга,Взвешенные вещества,0,2,14.0,43.0,ПДК,,,,,,,,
101,2008-02-29,65000000000,Свердловская область,р. Обь,Взвешенные вещества,0,9,10.0,41.0,ПДК,,,,,,,,
108,2008-02-29,66000000000,Смоленская область,р. Днепр,БПК5,0,1,6.0,6.0,ПДК,,,,,,,,
130,2008-03-31,19000000000,Вологодская область,р. Северная Двина,ХПК,0,1,20.0,20.0,ПДК,,,,,,,,
132,2008-03-31,76000000000,Забайкальский край,р. Амур,БПК5,0,1,5.0,5.0,ПДК,,,,,,,,
137,2008-03-31,37000000000,Курганская область,р. Обь,Взвешенные вещества,0,2,19.0,19.0,ПДК,,,,,,,,
138,2008-03-31,41000000000,Ленинградская область,"малые реки, озера, водохранилища",ХПК,0,1,13.0,13.0,ПДК,,,,,,,,
140,2008-03-31,46000000000,Московская область,р. Волга,БПК5,0,2,7.0,7.0,ПДК,,,,,,,,
147,2008-03-31,50000000000,Новосибирская область,р. Обь,БПК5,0,1,6.0,6.0,ПДК,,,,,,,,
152,2008-03-31,57000000000,Пермский край,р. Волга,Взвешенные вещества,0,6,40.0,40.0,ПДК,,,,,,,,
157,2008-03-31,5000000000,Приморский край,р. Амур,БПК5,0,1,15.0,15.0,ПДК,,,,,,,,
159,2008-03-31,5000000000,Приморский край,"малые реки, озера, водохранилища",БПК5,0,1,13.0,13.0,ПДК,,,,,,,,
166,2008-03-31,36000000000,Самарская область,р. Волга,БПК5,0,1,23.0,23.0,ПДК,,,,,,,,
167,2008-03-31,36000000000,Самарская область,р. Волга,ХПК,0,1,14.0,14.0,ПДК,,,,,,,,
169,2008-03-31,65000000000,Свердловская область,р. Волга,Взвешенные вещества,0,3,18.0,18.0,ПДК,,,,,,,,
171,2008-03-31,65000000000,Свердловская область,р. Обь,Взвешенные вещества,0,18,38.0,38.0,ПДК,,,,,,,,
182,2008-03-31,94000000000,Удмуртская Республика,р. Волга,Взвешенные вещества,0,2,12.0,12.0,ПДК,,,,,,,,
185,2008-03-31,75000000000,Челябинская область,р. Обь,Взвешенные вещества,0,1,26.0,26.0,ПДК,,,,,,,,
197,2008-04-30,33000000000,Кировская область,р. Волга,Взвешенные вещества,0,10,49.0,49.0,ПДК,,,,,,,,
199,2008-04-30,33000000000,Кировская область,р. Северная Двина,Взвешенные вещества,0,2,33.0,33.0,ПДК,,,,,,,,
207,2008-04-30,37000000000,Курганская область,р. Обь,Взвешенные вещества,0,3,34.0,34.0,ПДК,,,,,,,,
208,2008-04-30,41000000000,Ленинградская область,"малые реки, озера, водохранилища",ХПК,0,2,15.0,15.0,ПДК,,,,,,,,
209,2008-04-30,46000000000,Московская область,р. Волга,БПК5,0,1,5.0,5.0,ПДК,,,,,,,,
215,2008-04-30,47000000000,Мурманская область,"малые реки, озера, водохранилища",БПК5,0,1,8.0,8.0,ПДК,,,,,,,,
218,2008-04-30,22000000000,Нижегородская область,р. Волга,Взвешенные вещества,0,16,34.0,34.0,ПДК,,,,,,,,
224,2008-04-30,57000000000,Пермский край,р. Волга,Взвешенные вещества,0,16,47.0,47.0,ПДК,,,,,,,,
226,2008-04-30,57000000000,Пермский край,р. Кама,Взвешенные вещества,0,1,22.0,22.0,ПДК,,,,,,,,
229,2008-04-30,5000000000,Приморский край,р. Амур,БПК5,0,1,9.0,9.0,ПДК,,,,,,,,
233,2008-04-30,88000000000,Республика Марий Эл,р. Волга,Взвешенные вещества,0,1,45.6,45.6,ПДК,,,,,,,,
236,2008-04-30,65000000000,Свердловская область,р. Волга,Взвешенные вещества,0,12,37.0,37.0,ПДК,,,,,,,,
238,2008-04-30,65000000000,Свердловская область,р. Обь,Взвешенные вещества,0,28,49.0,49.0,ПДК,,,,,,,,
246,2008-04-30,94000000000,Удмуртская Республика,р. Волга,Взвешенные вещества,0,5,47.0,47.0,ПДК,,,,,,,,
250,2008-04-30,75000000000,Челябинская область,р. Волга,Взвешенные вещества,0,1,28.0,28.0,ПДК,,,,,,,,
252,2008-04-30,75000000000,Челябинская область,р. Обь,Взвешенные вещества,0,1,21.0,21.0,ПДК,,,,,,,,
259,2008-05-31,10000000000,Амурская область,р. Амур,БПК5,0,1,5.0,5.0,ПДК,,,,,,,,
264,2008-05-31,19000000000,Вологодская область,р. Северная Двина,БПК5,0,1,7.0,7.0,ПДК,,,,,,,,
268,2008-05-31,33000000000,Кировская область,р. Волга,Взвешенные вещества,0,10,13.0,37.0,ПДК,,,,,,,,
273,2008-05-31,37000000000,Курганская область,р. Обь,Взвешенные вещества,0,2,23.0,46.0,ПДК,,,,,,,,
275,2008-05-31,44000000000,Магаданская область,"малые реки, озера, водохранилища",Взвешенные вещества,0,1,38.0,38.0,ПДК,,,,,,,,
279,2008-05-31,47000000000,Мурманская область,"малые реки, озера, водохранилища",БПК5,0,1,6.0,6.0,ПДК,,,,,,,,
280,2008-05-31,22000000000,Нижегородская область,р. Волга,Взвешенные вещества,0,11,10.0,26.0,ПДК,,,,,,,,
281,2008-05-31,22000000000,Нижегородская область,р. Ока,Взвешенные вещества,0,1,12.0,12.0,ПДК,,,,,,,,
286,2008-05-31,57000000000,Пермский край,р. Волга,Взвешенные вещества,0,13,10.0,40.0,ПДК,,,,,,,,
287,2008-05-31,57000000000,Пермский край,р. Кама,Взвешенные вещества,0,2,10.0,23.0,ПДК,,,,,,,,
289,2008-05-31,5000000000,Приморский край,р. Амур,БПК5,0,1,7.0,7.0,ПДК,,,,,,,,
290,2008-05-31,5000000000,Приморский край,"малые реки, озера, водохранилища",Взвешенные вещества,0,1,16.0,16.0,ПДК,,,,,,,,
296,2008-05-31,65000000000,Свердловская область,р. Волга,Взвешенные вещества,0,8,11.0,27.0,ПДК,,,,,,,,
297,2008-05-31,65000000000,Свердловская область,р. Обь,БПК5,0,1,17.0,17.0,ПДК,,,,,,,,
299,2008-05-31,65000000000,Свердловская область,р. Обь,Взвешенные вещества,0,31,13.0,59.0,ПДК,,,,,,,,
305,2008-05-31,65000000000,Свердловская область,р. Урал,Взвешенные вещества,0,1,33.0,33.0,ПДК,,,,,,,,
310,2008-05-31,8000000000,Хабаровский край,р. Амур,БПК5,0,1,17.0,17.0,ПДК,,,,,,,,
316,2008-06-30,10000000000,Амурская область,р. Амур,БПК5,0,1,7.0,7.0,ПДК,,,,,,,,
319,2008-06-30,19000000000,Вологодская область,р. Северная Двина,ХПК,0,1,15.0,15.0,ПДК,,,,,,,,
321,2008-06-30,19000000000,Вологодская область,р. Северная Двина,БПК5,0,2,7.0,19.0,ПДК,,,,,,,,
326,2008-06-30,33000000000,Кировская область,р. Волга,Взвешенные вещества,0,9,11.0,25.0,ПДК,,,,,,,,
330,2008-06-30,37000000000,Курганская область,р. Обь,Взвешенные вещества,0,5,18.0,47.0,ПДК,,,,,,,,
335,2008-06-30,22000000000,Нижегородская область,р. Волга,Взвешенные вещества,0,10,11.0,34.0,ПДК,,,,,,,,
339,2008-06-30,57000000000,Пермский край,р. Волга,Взвешенные вещества,0,14,10.0,46.0,ПДК,,,,,,,,
341,2008-06-30,57000000000,Пермский край,р. Кама,Взвешенные вещества,0,1,11.0,11.0,ПДК,,,,,,,,
344,2008-06-30,5000000000,Приморский край,р. Амур,БПК5,0,1,18.0,18.0,ПДК,,,,,,,,
347,2008-06-30,65000000000,Свердловская область,р. Волга,Взвешенные вещества,0,11,11.0,39.0,ПДК,,,,,,,,
348,2008-06-30,65000000000,Свердловская область,р. Обь,Взвешенные вещества,0,30,10.67,48.53,ПДК,,,,,,,,
352,2008-06-30,75000000000,Челябинская область,р. Обь,Взвешенные вещества,0,1,44.0,44.0,ПДК,,,,,,,,
357,2008-07-31,19000000000,Вологодская область,р. Северная Двина,БПК5,0,1,20.0,20.0,ПДК,,,,,,,,
358,2008-07-31,19000000000,Вологодская область,р. Северная Двина,ХПК,0,1,14.0,14.0,ПДК,,,,,,,,
359,2008-07-31,33000000000,Кировская область,р. Волга,Взвешенные вещества,0,12,10.0,24.0,ПДК,,,,,,,,
361,2008-07-31,37000000000,Курганская область,р. Обь,Взвешенные вещества,0,2,14.0,35.0,ПДК,,,,,,,,
369,2008-07-31,22000000000,Нижегородская область,р. Волга,Взвешенные вещества,0,16,10.0,48.0,ПДК,,,,,,,,
377,2008-07-31,57000000000,Пермский край,р. Волга,Взвешенные вещества,0,9,11.0,39.0,ПДК,,,,,,,,
383,2008-07-31,5000000000,Приморский край,р. Амур,БПК5,0,1,16.0,16.0,ПДК,,,,,,,,
384,2008-07-31,88000000000,Республика Марий Эл,р. Волга,Взвешенные вещества,0,1,12.0,12.0,ПДК,,,,,,,,
388,2008-07-31,65000000000,Свердловская область,р. Волга,Взвешенные вещества,0,5,15.0,31.0,ПДК,,,,,,,,
392,2008-07-31,65000000000,Свердловская область,р. Обь,Взвешенные вещества,0,30,11.0,49.0,ПДК,,,,,,,,
396,2008-07-31,94000000000,Удмуртская Республика,р. Волга,Взвешенные вещества,0,10,12.0,31.0,ПДК,,,,,,,,
397,2008-07-31,94000000000,Удмуртская Республика,р. Северная Двина,Взвешенные вещества,0,1,31.0,31.0,ПДК,,,,,,,,
399,2008-07-31,75000000000,Челябинская область,р. Обь,Взвешенные вещества,0,1,19.0,19.0,ПДК,,,,,,,,
407,2008-08-31,19000000000,Вологодская область,р. Северная Двина,ХПК,0,1,14.0,14.0,ПДК,,,,,,,,
409,2008-08-31,19000000000,Вологодская область,р. Северная Двина,БПК5,0,1,6.0,6.0,ПДК,,,,,,,,
412,2008-08-31,33000000000,Кировская область,р. Волга,Взвешенные вещества,0,1,16.0,16.0,ПДК,,,,,,,,
421,2008-08-31,22000000000,Нижегородская область,р. Волга,Взвешенные вещества,0,12,10.0,32.0,ПДК,,,,,,,,
427,2008-08-31,57000000000,Пермский край,р. Волга,Взвешенные вещества,0,7,10.0,26.0,ПДК,,,,,,,,
433,2008-08-31,65000000000,Свердловская область,р. Обь,Взвешенные вещества,0,31,12.0,46.0,ПДК,,,,,,,,
444,2008-09-30,10000000000,Амурская область,р. Амур,БПК5,0,1,7.0,7.0,ПДК,,,,,,,,
447,2008-09-30,19000000000,Вологодская область,р. Северная Двина,БПК5,0,1,7.0,7.0,ПДК,,,,,,,,
449,2008-09-30,19000000000,Вологодская область,р. Северная Двина,ХПК,0,1,12.0,12.0,ПДК,,,,,,,,
452,2008-09-30,33000000000,Кировская область,р. Волга,Взвешенные вещества,0,8,10.0,29.0,ПДК,,,,,,,,
454,2008-09-30,37000000000,Курганская область,р. Обь,Взвешенные вещества,0,2,11.0,20.0,ПДК,,,,,,,,
462,2008-09-30,22000000000,Нижегородская область,р. Волга,Взвешенные вещества,0,8,11.0,30.0,ПДК,,,,,,,,
466,2008-09-30,57000000000,Пермский край,р. Волга,Взвешенные вещества,0,2,11.0,11.0,ПДК,,,,,,,,
469,2008-09-30,57000000000,Пермский край,р. Кама,Взвешенные вещества,0,1,13.0,13.0,ПДК,,,,,,,,
473,2008-09-30,65000000000,Свердловская область,р. Волга,Взвешенные вещества,0,2,10.0,12.0,ПДК,,,,,,,,
475,2008-09-30,65000000000,Свердловская область,р. Обь,Взвешенные вещества,0,23,10.0,43.0,ПДК,,,,,,,,
481,2008-09-30,71000000000,Тюменская область,"малые реки, озера, водохранилища",ХПК,0,1,11.0,11.0,ПДК,,,,,,,,
484,2008-09-30,8000000000,Хабаровский край,р. Амур,БПК5,0,1,14.0,14.0,ПДК,,,,,,,,
493,2008-10-31,10000000000,Амурская область,р. Амур,БПК5,0,1,6.0,6.0,ПДК,,,,,,,,
495,2008-10-31,19000000000,Вологодская область,р. Северная Двина,БПК5,0,1,12.0,12.0,ПДК,,,,,,,,
499,2008-10-31,33000000000,Кировская область,р. Волга,Взвешенные вещества,0,2,10.0,12.0,ПДК,,,,,,,,
500,2008-10-31,33000000000,Кировская область,р. Северная Двина,Взвешенные вещества,0,1,13.0,13.0,ПДК,,,,,,,,
501,2008-10-31,37000000000,Курганская область,р. Обь,Взвешенные вещества,0,5,13.0,29.0,ПДК,,,,,,,,
502,2008-10-31,41000000000,Ленинградская область,"малые реки, озера, водохранилища",ХПК,0,1,11.0,11.0,ПДК,,,,,,,,
508,2008-10-31,22000000000,Нижегородская область,р. Волга,Взвешенные вещества,0,1,11.0,11.0,ПДК,,,,,,,,
513,2008-10-31,57000000000,Пермский край,р. Волга,Взвешенные вещества,0,7,14.0,25.0,ПДК,,,,,,,,
515,2008-10-31,57000000000,Пермский край,р. Кама,Взвешенные вещества,0,2,18.0,19.0,ПДК,,,,,,,,
518,2008-10-31,5000000000,Приморский край,"малые реки, озера, водохранилища",БПК5,0,1,6.0,6.0,ПДК,,,,,,,,
524,2008-10-31,36000000000,Самарская область,р. Волга,ХПК,0,1,18.0,18.0,ПДК,,,,,,,,
525,2008-10-31,65000000000,Свердловская область,р. Волга,Взвешенные вещества,0,2,15.0,15.0,ПДК,,,,,,,,
527,2008-10-31,65000000000,Свердловская область,р. Обь,Взвешенные вещества,0,19,10.0,17.0,ПДК,,,,,,,,
533,2008-10-31,8000000000,Хабаровский край,р. Амур,БПК5,0,1,18.0,18.0,ПДК,,,,,,,,
537,2008-10-31,75000000000,Челябинская область,р. Обь,Взвешенные вещества,0,1,23.0,23.0,ПДК,,,,,,,,
544,2008-11-30,19000000000,Вологодская область,р. Волга,ХПК,0,1,11.0,11.0,ПДК,,,,,,,,
548,2008-11-30,33000000000,Кировская область,р. Волга,Взвешенные вещества,0,3,10.0,14.0,ПДК,,,,,,,,
550,2008-11-30,37000000000,Курганская область,р. Обь,Взвешенные вещества,0,4,19.0,26.0,ПДК,,,,,,,,
556,2008-11-30,22000000000,Нижегородская область,р. Волга,Взвешенные вещества,0,3,12.0,17.0,ПДК,,,,,,,,
562,2008-11-30,57000000000,Пермский край,р. Волга,Взвешенные вещества,0,6,12.0,42.0,ПДК,,,,,,,,
570,2008-11-30,5000000000,Приморский край,р. Амур,БПК5,0,1,8.0,8.0,ПДК,,,,,,,,
574,2008-11-30,65000000000,Свердловская область,р. Волга,Взвешенные вещества,0,4,11.0,15.0,ПДК,,,,,,,,
578,2008-11-30,65000000000,Свердловская область,р. Обь,Взвешенные вещества,0,15,11.0,37.0,ПДК,,,,,,,,
584,2008-11-30,75000000000,Челябинская область,р. Обь,Взвешенные вещества,0,1,19.0,19.0,ПДК,,,,,,,,
590,2008-12-31,19000000000,Вологодская область,р. Северная Двина,БПК5,0,1,5.0,5.0,ПДК,,,,,,,,
591,2008-12-31,33000000000,Кировская область,р. Волга,Взвешенные вещества,0,4,14.0,34.0,ПДК,,,,,,,,
593,2008-12-31,37000000000,Курганская область,р. Обь,Взвешенные вещества,0,5,14.0,23.0,ПДК,,,,,,,,
594,2008-12-31,41000000000,Ленинградская область,"малые реки, озера, водохранилища",ХПК,0,2,12.0,14.0,ПДК,,,,,,,,
599,2008-12-31,22000000000,Нижегородская область,р. Волга,Взвешенные вещества,0,6,11.0,20.0,ПДК,,,,,,,,
602,2008-12-31,57000000000,Пермский край,р. Волга,Взвешенные вещества,0,4,11.0,37.0,ПДК,,,,,,,,
610,2008-12-31,5000000000,Приморский край,р. Амур,БПК5,0,1,19.0,19.0,ПДК,,,,,,,,
614,2008-12-31,65000000000,Свердловская область,р. Волга,Взвешенные вещества,0,1,18.0,18.0,ПДК,,,,,,,,
615,2008-12-31,65000000000,Свердловская область,р. Обь,Взвешенные вещества,0,18,10.0,40.0,ПДК,,,,,,,,
622,2008-12-31,94000000000,Удмуртская Республика,р. Волга,Взвешенные вещества,0,2,11.0,12.0,ПДК,,,,,,,,
626,2008-12-31,75000000000,Челябинская область,р. Обь,Взвешенные вещества,0,1,17.0,17.0,ПДК,,,,,,,,
630,2009-01-31,19000000000,Вологодская область,р. Северная Двина,ХПК,0,1,15.0,15.0,ПДК,,,,,,,,
633,2009-01-31,33000000000,Кировская область,р. Волга,Взвешенные вещества,0,4,21.0,21.0,ПДК,,,,,,,,
636,2009-01-31,41000000000,Ленинградская область,"малые реки, озера, водохранилища",ХПК,0,1,12.0,12.0,ПДК,,,,,,,,
646,2009-01-31,22000000000,Нижегородская область,р. Волга,Взвешенные вещества,0,2,18.0,18.0,ПДК,,,,,,,,
650,2009-01-31,57000000000,Пермский край,р. Волга,Взвешенные вещества,0,2,26.0,26.0,ПДК,,,,,,,,
661,2009-01-31,88000000000,Республика Марий Эл,р. Волга,Взвешенные вещества,0,2,20.0,20.0,ПДК,,,,,,,,
665,2009-01-31,65000000000,Свердловская область,р. Волга,Взвешенные вещества,0,1,17.0,17.0,ПДК,,,,,,,,
670,2009-01-31,65000000000,Свердловская область,р. Обь,Взвешенные вещества,0,17,41.0,41.0,ПДК,,,,,,,,
673,2009-01-31,70000000000,Тульская область,р. Волга,ХПК,0,1,15.0,15.0,ПДК,,,,,,,,
684,2009-02-28,19000000000,Вологодская область,р. Северная Двина,ХПК,0,1,15.0,15.0,ПДК,,,,,,,,
688,2009-02-28,33000000000,Кировская область,р. Волга,Взвешенные вещества,0,3,10.0,18.0,ПДК,,,,,,,,
692,2009-02-28,37000000000,Курганская область,р. Обь,Взвешенные вещества,0,4,17.0,43.0,ПДК,,,,,,,,
697,2009-02-28,47000000000,Мурманская область,"малые реки, озера, водохранилища",БПК5,0,1,17.0,17.0,ПДК,,,,,,,,
700,2009-02-28,47000000000,Мурманская область,"малые реки, озера, водохранилища",АСПАВ,4,1,22.0,22.0,ПДК,,,,,,,,
702,2009-02-28,22000000000,Нижегородская область,р. Волга,Взвешенные вещества,0,3,12.0,17.0,ПДК,,,,,,,,
708,2009-02-28,57000000000,Пермский край,р. Волга,Взвешенные вещества,0,3,11.0,33.0,ПДК,,,,,,,,
711,2009-02-28,5000000000,Приморский край,р. Амур,БПК5,0,1,20.0,20.0,ПДК,,,,,,,,
713,2009-02-28,5000000000,Приморский край,"малые реки, озера, водохранилища",БПК5,0,1,8.0,8.0,ПДК,,,,,,,,
724,2009-02-28,64000000000,Сахалинская область,"малые реки, озера, водохранилища",БПК5,0,1,9.0,9.0,ПДК,,,,,,,,
727,2009-02-28,65000000000,Свердловская область,р. Волга,Взвешенные вещества,0,3,19.0,21.0,ПДК,,,,,,,,
732,2009-02-28,65000000000,Свердловская область,р. Обь,Взвешенные вещества,0,29,10.0,41.0,ПДК,,,,,,,,
740,2009-02-28,94000000000,Удмуртская Республика,р. Волга,Взвешенные вещества,0,4,15.0,22.0,ПДК,,,,,,,,
741,2009-02-28,94000000000,Удмуртская Республика,р. Северная Двина,Взвешенные вещества,0,1,11.0,11.0,ПДК,,,,,,,,
754,2009-03-31,19000000000,Вологодская область,р. Северная Двина,ХПК,0,1,13.0,13.0,ПДК,,,,,,,,
759,2009-03-31,76000000000,Забайкальский край,р. Амур,БПК5,0,1,6.0,6.0,ПДК,,,,,,,,
760,2009-03-31,33000000000,Кировская область,р. Волга,Взвешенные вещества,0,3,12.0,17.0,ПДК,,,,,,,,
765,2009-03-31,37000000000,Курганская область,р. Обь,Взвешенные вещества,0,1,23.0,23.0,ПДК,,,,,,,,
768,2009-03-31,46000000000,Московская область,р. Волга,БПК5,0,2,5.0,11.0,ПДК,,,,,,,,
777,2009-03-31,22000000000,Нижегородская область,р. Волга,Взвешенные вещества,0,5,10.0,23.0,ПДК,,,,,,,,
788,2009-03-31,57000000000,Пермский край,р. Волга,Взвешенные вещества,0,3,10.0,14.0,ПДК,,,,,,,,
792,2009-03-31,57000000000,Пермский край,р. Кама,Взвешенные вещества,0,1,11.0,11.0,ПДК,,,,,,,,
794,2009-03-31,5000000000,Приморский край,р. Амур,БПК5,0,1,10.0,10.0,ПДК,,,,,,,,
800,2009-03-31,5000000000,Приморский край,"малые реки, озера, водохранилища",БПК5,0,1,9.0,9.0,ПДК,,,,,,,,
805,2009-03-31,64000000000,Сахалинская область,"малые реки, озера, водохранилища",БПК5,0,2,6.0,8.0,ПДК,,,,,,,,
806,2009-03-31,65000000000,Свердловская область,р. Волга,Взвешенные вещества,0,3,16.0,29.0,ПДК,,,,,,,,
812,2009-03-31,65000000000,Свердловская область,р. Обь,Взвешенные вещества,0,20,11.0,43.0,ПДК,,,,,,,,
819,2009-03-31,94000000000,Удмуртская Республика,р. Волга,Взвешенные вещества,0,8,11.0,47.0,ПДК,,,,,,,,
820,2009-03-31,94000000000,Удмуртская Республика,р. Северная Двина,Взвешенные вещества,0,1,13.0,13.0,ПДК,,,,,,,,
824,2009-03-31,75000000000,Челябинская область,р. Обь,Взвешенные вещества,0,1,29.0,29.0,ПДК,,,,,,,,
829,2009-04-30,19000000000,Вологодская область,р. Северная Двина,БПК5,0,1,6.0,6.0,ПДК,,,,,,,,
830,2009-04-30,33000000000,Кировская область,р. Волга,Взвешенные вещества,0,11,17.0,44.0,ПДК,,,,,,,,
836,2009-04-30,37000000000,Курганская область,р. Обь,Взвешенные вещества,0,1,42.0,42.0,ПДК,,,,,,,,
845,2009-04-30,22000000000,Нижегородская область,р. Волга,Взвешенные вещества,0,5,13.0,23.0,ПДК,,,,,,,,
855,2009-04-30,57000000000,Пермский край,р. Волга,Взвешенные вещества,0,4,11.0,15.0,ПДК,,,,,,,,
861,2009-04-30,88000000000,Республика Марий Эл,р. Волга,Взвешенные вещества,0,2,14.0,18.0,ПДК,,,,,,,,
863,2009-04-30,98000000000,Республика Саха (Якутия),"малые реки, озера, водохранилища",ХПК,0,1,14.0,14.0,ПДК,,,,,,,,
864,2009-04-30,90000000000,Республика Северная Осетия-Алания,р. Терек,БПК5,0,1,13.0,13.0,ПДК,,,,,,,,
868,2009-04-30,65000000000,Свердловская область,р. Волга,Взвешенные вещества,0,4,12.0,38.0,ПДК,,,,,,,,
872,2009-04-30,65000000000,Свердловская область,р. Обь,Взвешенные вещества,0,15,10.0,38.0,ПДК,,,,,,,,
878,2009-04-30,94000000000,Удмуртская Республика,р. Волга,Взвешенные вещества,0,6,15.0,42.0,ПДК,,,,,,,,
886,2009-05-31,19000000000,Вологодская область,р. Северная Двина,БПК5,0,1,6.0,6.0,ПДК,,,,,,,,
887,2009-05-31,33000000000,Кировская область,р. Волга,Взвешенные вещества,0,28,10.0,46.0,ПДК,,,,,,,,
888,2009-05-31,33000000000,Кировская область,р. Северная Двина,Взвешенные вещества,0,2,12.0,37.0,ПДК,,,,,,,,
893,2009-05-31,37000000000,Курганская область,р. Обь,Взвешенные вещества,0,6,15.0,42.0,ПДК,,,,,,,,
894,2009-05-31,41000000000,Ленинградская область,"малые реки, озера, водохранилища",ХПК,0,1,11.0,11.0,ПДК,,,,,,,,
897,2009-05-31,46000000000,Московская область,р. Волга,БПК5,0,1,6.0,6.0,ПДК,,,,,,,,
900,2009-05-31,47000000000,Мурманская область,"малые реки, озера, водохранилища",БПК5,0,1,10.0,10.0,ПДК,,,,,,,,
904,2009-05-31,22000000000,Нижегородская область,р. Волга,Взвешенные вещества,0,2,17.0,23.0,ПДК,,,,,,,,
907,2009-05-31,57000000000,Пермский край,р. Волга,Взвешенные вещества,0,9,11.0,46.0,ПДК,,,,,,,,
909,2009-05-31,5000000000,Приморский край,р. Амур,БПК5,0,1,14.0,14.0,ПДК,,,,,,,,
912,2009-05-31,88000000000,Республика Марий Эл,р. Волга,Взвешенные вещества,0,1,14.0,14.0,ПДК,,,,,,,,
913,2009-05-31,90000000000,Республика Северная Осетия-Алания,р. Терек,БПК5,0,2,6.0,8.0,ПДК,,,,,,,,
915,2009-05-31,65000000000,Свердловская область,р. Волга,Взвешенные вещества,0,11,11.0,48.0,ПДК,,,,,,,,
916,2009-05-31,65000000000,Свердловская область,р. Кама,Взвешенные вещества,0,1,30.0,30.0,ПДК,,,,,,,,
920,2009-05-31,65000000000,Свердловская область,р. Обь,Взвешенные вещества,0,34,11.0,41.0,ПДК,,,,,,,,
924,2009-05-31,94000000000,Удмуртская Республика,р. Волга,Взвешенные вещества,0,8,13.0,49.0,ПДК,,,,,,,,
925,2009-05-31,94000000000,Удмуртская Республика,р. Северная Двина,Взвешенные вещества,0,1,45.0,45.0,ПДК,,,,,,,,
928,2009-05-31,8000000000,Хабаровский край,р. Амур,БПК5,0,1,9.0,9.0,ПДК,,,,,,,,
934,2009-06-30,10000000000,Амурская область,р. Амур,БПК5,0,1,6.0,6.0,ПДК,,,,,,,,
938,2009-06-30,19000000000,Вологодская область,р. Северная Двина,ХПК,0,1,11.0,11.0,ПДК,,,,,,,,
939,2009-06-30,19000000000,Вологодская область,р. Северная Двина,БПК5,0,2,14.0,18.0,ПДК,,,,,,,,
942,2009-06-30,33000000000,Кировская область,р. Волга,Взвешенные вещества,0,13,10.0,45.0,ПДК,,,,,,,,
947,2009-06-30,37000000000,Курганская область,р. Обь,Взвешенные вещества,0,4,11.0,41.0,ПДК,,,,,,,,
949,2009-06-30,46000000000,Московская область,р. Волга,БПК5,0,2,6.0,7.0,ПДК,,,,,,,,
954,2009-06-30,47000000000,Мурманская область,"малые реки, озера, водохранилища",АСПАВ,4,1,21.0,21.0,ПДК,,,,,,,,
955,2009-06-30,22000000000,Нижегородская область,р. Волга,Взвешенные вещества,0,16,11.0,29.0,ПДК,,,,,,,,
959,2009-06-30,57000000000,Пермский край,р. Волга,Взвешенные вещества,0,21,10.0,40.0,ПДК,,,,,,,,
961,2009-06-30,57000000000,Пермский край,р. Кама,Взвешенные вещества,0,4,27.0,43.0,ПДК,,,,,,,,
966,2009-06-30,5000000000,Приморский край,р. Амур,БПК5,0,1,19.0,19.0,ПДК,,,,,,,,
977,2009-06-30,65000000000,Свердловская область,р. Волга,Взвешенные вещества,0,4,12.0,33.0,ПДК,,,,,,,,
980,2009-06-30,65000000000,Свердловская область,р. Обь,Взвешенные вещества,0,28,10.0,48.0,ПДК,,,,,,,,
981,2009-06-30,65000000000,Свердловская область,р. Урал,Взвешенные вещества,0,1,17.0,17.0,ПДК,,,,,,,,
987,2009-06-30,94000000000,Удмуртская Республика,р. Волга,Взвешенные вещества,0,8,14.0,31.0,ПДК,,,,,,,,
988,2009-06-30,94000000000,Удмуртская Республика,р. Северная Двина,Взвешенные вещества,0,1,15.0,15.0,ПДК,,,,,,,,
993,2009-06-30,8000000000,Хабаровский край,р. Амур,БПК5,0,1,10.0,10.0,ПДК,,,,,,,,
1015,2009-07-31,37000000000,Курганская область,р. Обь,Взвешенные вещества,0,3,13.0,46.0,ПДК,,,,,,,,
1024,2009-07-31,22000000000,Нижегородская область,р. Волга,Взвешенные вещества,0,8,10.0,21.0,ПДК,,,,,,,,
1028,2009-07-31,57000000000,Пермский край,р. Волга,Взвешенные вещества,0,10,10.0,38.0,ПДК,,,,,,,,
1031,2009-07-31,57000000000,Пермский край,р. Кама,Взвешенные вещества,0,4,11.0,27.0,ПДК,,,,,,,,
1038,2009-07-31,65000000000,Свердловская область,р. Волга,Взвешенные вещества,0,6,13.0,48.0,ПДК,,,,,,,,
1039,2009-07-31,65000000000,Свердловская область,р. Кама,Взвешенные вещества,0,1,11.0,11.0,ПДК,,,,,,,,
1043,2009-07-31,65000000000,Свердловская область,р. Обь,Взвешенные вещества,0,48,10.0,49.0,ПДК,,,,,,,,
1066,2009-08-31,19000000000,Вологодская область,р. Северная Двина,БПК5,0,2,9.0,18.0,ПДК,,,,,,,,
1069,2009-08-31,33000000000,Кировская область,р. Волга,Взвешенные вещества,0,4,10.0,22.0,ПДК,,,,,,,,
1072,2009-08-31,37000000000,Курганская область,р. Обь,Взвешенные вещества,0,3,13.0,31.0,ПДК,,,,,,,,
1077,2009-08-31,47000000000,Мурманская область,"малые реки, озера, водохранилища",АСПАВ,4,1,40.0,40.0,ПДК,,,,,,,,
1079,2009-08-31,22000000000,Нижегородская область,р. Волга,Взвешенные вещества,0,5,11.0,14.0,ПДК,,,,,,,,
1082,2009-08-31,57000000000,Пермский край,р. Волга,Взвешенные вещества,0,4,12.0,23.0,ПДК,,,,,,,,
1088,2009-08-31,65000000000,Свердловская область,р. Волга,Взвешенные вещества,0,2,14.0,21.0,ПДК,,,,,,,,
1089,2009-08-31,65000000000,Свердловская область,р. Кама,Взвешенные вещества,0,1,10.0,10.0,ПДК,,,,,,,,
1092,2009-08-31,65000000000,Свердловская область,р. Обь,Взвешенные вещества,0,28,10.0,39.0,ПДК,,,,,,,,
1106,2009-08-31,8000000000,Хабаровский край,р. Амур,БПК5,0,1,9.0,9.0,ПДК,,,,,,,,
1108,2009-08-31,75000000000,Челябинская область,р. Обь,Взвешенные вещества,0,1,20.0,20.0,ПДК,,,,,,,,
1117,2009-09-30,19000000000,Вологодская область,р. Северная Двина,ХПК,0,1,20.0,20.0,ПДК,,,,,,,,
1118,2009-09-30,19000000000,Вологодская область,р. Северная Двина,БПК5,0,1,13.0,13.0,ПДК,,,,,,,,
1119,2009-09-30,33000000000,Кировская область,р. Волга,Взвешенные вещества,0,4,11.0,26.0,ПДК,,,,,,,,
1121,2009-09-30,37000000000,Курганская область,р. Обь,Взвешенные вещества,0,5,12.0,27.0,ПДК,,,,,,,,
1128,2009-09-30,22000000000,Нижегородская область,р. Волга,Взвешенные вещества,0,5,10.0,33.0,ПДК,,,,,,,,
1131,2009-09-30,57000000000,Пермский край,р. Волга,Взвешенные вещества,0,1,13.0,13.0,ПДК,,,,,,,,
1133,2009-09-30,57000000000,Пермский край,р. Кама,Взвешенные вещества,0,1,44.0,44.0,ПДК,,,,,,,,
1139,2009-09-30,5000000000,Приморский край,р. Амур,БПК5,0,1,15.0,15.0,ПДК,,,,,,,,
1144,2009-09-30,88000000000,Республика Марий Эл,р. Волга,Взвешенные вещества,0,1,11.0,11.0,ПДК,,,,,,,,
1145,2009-09-30,90000000000,Республика Северная Осетия-Алания,р. Терек,БПК5,0,2,6.0,8.0,ПДК,,,,,,,,
1148,2009-09-30,65000000000,Свердловская область,р. Волга,Взвешенные вещества,0,6,10.67,30.0,ПДК,,,,,,,,
1153,2009-09-30,65000000000,Свердловская область,р. Обь,Взвешенные вещества,0,31,10.0,48.0,ПДК,,,,,,,,
1160,2009-09-30,8000000000,Хабаровский край,р. Амур,БПК5,0,1,9.0,9.0,ПДК,,,,,,,,
1168,2009-10-31,1000000000,Алтайский край,"малые реки, озера, водохранилища",ХПК,0,1,13.0,13.0,ПДК,,,,,,,,
1172,2009-10-31,10000000000,Амурская область,р. Амур,БПК5,0,1,5.0,5.0,ПДК,,,,,,,,
1176,2009-10-31,19000000000,Вологодская область,р. Северная Двина,БПК5,0,1,5.0,5.0,ПДК,,,,,,,,
1181,2009-10-31,37000000000,Курганская область,р. Обь,Взвешенные вещества,0,5,10.0,28.0,ПДК,,,,,,,,
1182,2009-10-31,41000000000,Ленинградская область,"малые реки, озера, водохранилища",ХПК,0,2,10.0,11.0,ПДК,,,,,,,,
1189,2009-10-31,22000000000,Нижегородская область,р. Волга,Взвешенные вещества,0,5,11.0,30.0,ПДК,,,,,,,,
1190,2009-10-31,22000000000,Нижегородская область,р. Ока,Взвешенные вещества,0,1,10.0,10.0,ПДК,,,,,,,,
1195,2009-10-31,57000000000,Пермский край,р. Волга,Взвешенные вещества,0,6,10.0,36.0,ПДК,,,,,,,,
1196,2009-10-31,5000000000,Приморский край,р. Амур,БПК5,0,1,17.0,17.0,ПДК,,,,,,,,
1201,2009-10-31,90000000000,Республика Северная Осетия-Алания,р. Терек,БПК5,0,2,10.0,19.0,ПДК,,,,,,,,
1207,2009-10-31,65000000000,Свердловская область,р. Волга,Взвешенные вещества,0,1,11.0,11.0,ПДК,,,,,,,,
1208,2009-10-31,65000000000,Свердловская область,р. Кама,Взвешенные вещества,0,1,11.0,11.0,ПДК,,,,,,,,
1211,2009-10-31,65000000000,Свердловская область,р. Обь,Взвешенные вещества,0,34,10.0,49.0,ПДК,,,,,,,,
1215,2009-10-31,71000000000,Тюменская область,"малые реки, озера, водохранилища",ХПК,0,1,13.0,13.0,ПДК,,,,,,,,
1219,2009-10-31,8000000000,Хабаровский край,р. Амур,БПК5,0,1,18.0,18.0,ПДК,,,,,,,,
1224,2009-10-31,75000000000,Челябинская область,р. Обь,Взвешенные вещества,0,1,17.0,17.0,ПДК,,,,,,,,
1229,2009-11-30,33000000000,Кировская область,р. Волга,Взвешенные вещества,0,4,10.0,34.0,ПДК,,,,,,,,
1230,2009-11-30,37000000000,Курганская область,р. Обь,Взвешенные вещества,0,3,11.0,13.0,ПДК,,,,,,,,
1232,2009-11-30,41000000000,Ленинградская область,"малые реки, озера, водохранилища",ХПК,0,1,11.0,11.0,ПДК,,,,,,,,
1235,2009-11-30,47000000000,Мурманская область,"малые реки, озера, водохранилища",АСПАВ,4,1,11.0,11.0,ПДК,,,,,,,,
1240,2009-11-30,22000000000,Нижегородская область,р. Волга,Взвешенные вещества,0,1,14.0,14.0,ПДК,,,,,,,,
1243,2009-11-30,50000000000,Новосибирская область,р. Обь,ХПК,0,1,13.0,13.0,ПДК,,,,,,,,
1246,2009-11-30,57000000000,Пермский край,р. Волга,Взвешенные вещества,0,3,15.0,35.0,ПДК,,,,,,,,
1251,2009-11-30,5000000000,Приморский край,р. Амур,БПК5,0,1,19.0,19.0,ПДК,,,,,,,,
1254,2009-11-30,90000000000,Республика Северная Осетия-Алания,р. Терек,БПК5,0,2,8.0,8.0,ПДК,,,,,,,,
1256,2009-11-30,65000000000,Свердловская область,р. Волга,Взвешенные вещества,0,2,13.0,15.0,ПДК,,,,,,,,
1258,2009-11-30,65000000000,Свердловская область,р. Обь,Взвешенные вещества,0,26,11.0,49.0,ПДК,,,,,,,,
1264,2009-11-30,94000000000,Удмуртская Республика,р. Волга,Взвешенные вещества,0,1,11.0,11.0,ПДК,,,,,,,,
1270,2009-12-31,33000000000,Кировская область,р. Волга,Взвешенные вещества,0,4,12.0,24.0,ПДК,,,,,,,,
1271,2009-12-31,37000000000,Курганская область,р. Обь,Взвешенные вещества,0,3,10.0,15.0,ПДК,,,,,,,,
1276,2009-12-31,22000000000,Нижегородская область,р. Волга,Взвешенные вещества,0,9,12.0,28.0,ПДК,,,,,,,,
1281,2009-12-31,57000000000,Пермский край,р. Волга,Взвешенные вещества,0,3,13.0,18.0,ПДК,,,,,,,,
1284,2009-12-31,57000000000,Пермский край,р. Кама,Взвешенные вещества,0,2,14.0,22.0,ПДК,,,,,,,,
1288,2009-12-31,5000000000,Приморский край,р. Амур,БПК5,0,1,20.0,20.0,ПДК,,,,,,,,
1294,2009-12-31,65000000000,Свердловская область,р. Волга,Взвешенные вещества,0,3,10.0,23.0,ПДК,,,,,,,,
1299,2009-12-31,65000000000,Свердловская область,р. Обь,Взвешенные вещества,0,34,10.0,37.0,ПДК,,,,,,,,
1309,2010-01-31,19000000000,Вологодская область,р. Северная Двина,БПК5,0,1,12.0,12.0,ПДК,,,,,,,,
1316,2010-01-31,37000000000,Курганская область,р. Обь,Взвешенные вещества,0,1,23.0,23.0,ПДК,,,,,,,,
1317,2010-01-31,41000000000,Ленинградская область,"малые реки, озера, водохранилища",ХПК,0,1,10.0,10.0,ПДК,,,,,,,,
1324,2010-01-31,22000000000,Нижегородская область,р. Волга,Взвешенные вещества,0,3,10.0,12.0,ПДК,,,,,,,,
1330,2010-01-31,57000000000,Пермский край,р. Волга,Взвешенные вещества,0,4,11.0,14.0,ПДК,,,,,,,,
1331,2010-01-31,57000000000,Пермский край,р. Кама,Взвешенные вещества,0,2,15.0,27.0,ПДК,,,,,,,,
1335,2010-01-31,5000000000,Приморский край,р. Амур,БПК5,0,1,15.0,15.0,ПДК,,,,,,,,
1338,2010-01-31,90000000000,Республика Северная Осетия-Алания,р. Терек,БПК5,0,1,9.0,9.0,ПДК,,,,,,,,
1343,2010-01-31,65000000000,Свердловская область,р. Обь,Взвешенные вещества,0,30,11.0,43.0,ПДК,,,,,,,,
1350,2010-01-31,94000000000,Удмуртская Республика,р. Волга,Взвешенные вещества,0,1,20.0,20.0,ПДК,,,,,,,,
1351,2010-01-31,75000000000,Челябинская область,р. Обь,Взвешенные вещества,0,3,11.0,28.0,ПДК,,,,,,,,
1355,2010-02-28,19000000000,Вологодская область,р. Северная Двина,БПК5,0,1,15.0,15.0,ПДК,,,,,,,,
1358,2010-02-28,19000000000,Вологодская область,р. Северная Двина,ХПК,0,1,21.0,21.0,ПДК,,,,,,,,
1359,2010-02-28,33000000000,Кировская область,р. Волга,Взвешенные вещества,0,5,10.0,38.0,ПДК,,,,,,,,
1372,2010-02-28,47000000000,Мурманская область,"малые реки, озера, водохранилища",АСПАВ,4,1,25.0,25.0,ПДК,,,,,,,,
1375,2010-02-28,22000000000,Нижегородская область,р. Волга,Взвешенные вещества,0,4,12.0,47.0,ПДК,,,,,,,,
1380,2010-02-28,57000000000,Пермский край,р. Волга,Взвешенные вещества,0,3,18.0,25.0,ПДК,,,,,,,,
1392,2010-02-28,88000000000,Республика Марий Эл,р. Волга,Взвешенные вещества,0,2,16.0,21.0,ПДК,,,,,,,,
1393,2010-02-28,90000000000,Республика Северная Осетия-Алания,р. Терек,БПК5,0,4,6.0,20.0,ПДК,,,,,,,,
1401,2010-02-28,65000000000,Свердловская область,р. Волга,Взвешенные вещества,0,3,11.0,41.0,ПДК,,,,,,,,
1404,2010-02-28,65000000000,Свердловская область,р. Обь,Взвешенные вещества,0,6,10.0,29.0,ПДК,,,,,,,,
1408,2010-02-28,66000000000,Смоленская область,р. Днепр,БПК5,0,1,5.0,5.0,ПДК,,,,,,,,
1410,2010-02-28,70000000000,Тульская область,р. Волга,БПК5,0,1,6.0,6.0,ПДК,,,,,,,,
1416,2010-02-28,94000000000,Удмуртская Республика,р. Волга,Взвешенные вещества,0,3,13.0,29.0,ПДК,,,,,,,,
1421,2010-02-28,75000000000,Челябинская область,р. Обь,Взвешенные вещества,0,5,11.0,20.0,ПДК,,,,,,,,
1431,2010-03-31,19000000000,Вологодская область,р. Северная Двина,ХПК,0,1,24.0,24.0,ПДК,,,,,,,,
1436,2010-03-31,33000000000,Кировская область,р. Волга,Взвешенные вещества,0,2,12.0,32.0,ПДК,,,,,,,,
1437,2010-03-31,37000000000,Курганская область,р. Обь,Взвешенные вещества,0,2,15.0,48.0,ПДК,,,,,,,,
1444,2010-03-31,46000000000,Московская область,р. Волга,БПК5,0,1,8.0,8.0,ПДК,,,,,,,,
1450,2010-03-31,22000000000,Нижегородская область,р. Волга,Взвешенные вещества,0,7,12.0,33.0,ПДК,,,,,,,,
1456,2010-03-31,57000000000,Пермский край,р. Волга,Взвешенные вещества,0,3,10.0,17.0,ПДК,,,,,,,,
1457,2010-03-31,57000000000,Пермский край,р. Кама,Взвешенные вещества,0,1,11.0,11.0,ПДК,,,,,,,,
1463,2010-03-31,5000000000,Приморский край,р. Амур,БПК5,0,1,7.0,7.0,ПДК,,,,,,,,
1467,2010-03-31,5000000000,Приморский край,"малые реки, озера, водохранилища",БПК5,0,1,5.0,5.0,ПДК,,,,,,,,
1471,2010-03-31,36000000000,Самарская область,р. Волга,БПК5,0,1,7.0,7.0,ПДК,,,,,,,,
1474,2010-03-31,36000000000,Самарская область,"малые реки, озера, водохранилища",БПК5,0,1,7.0,7.0,ПДК,,,,,,,,
1475,2010-03-31,36000000000,Самарская область,"малые реки, озера, водохранилища",ХПК,0,1,17.0,17.0,ПДК,,,,,,,,
1477,2010-03-31,65000000000,Свердловская область,р. Волга,Взвешенные вещества,0,1,11.0,11.0,ПДК,,,,,,,,
1482,2010-03-31,65000000000,Свердловская область,р. Обь,Взвешенные вещества,0,11,10.0,42.0,ПДК,,,,,,,,
1493,2010-03-31,94000000000,Удмуртская Республика,р. Волга,Взвешенные вещества,0,2,11.0,43.0,ПДК,,,,,,,,
1495,2010-03-31,75000000000,Челябинская область,р. Волга,Взвешенные вещества,0,2,11.0,16.0,ПДК,,,,,,,,
1496,2010-03-31,75000000000,Челябинская область,р. Обь,Взвешенные вещества,0,6,10.0,26.0,ПДК,,,,,,,,
1513,2010-04-30,33000000000,Кировская область,р. Волга,Взвешенные вещества,0,7,11.0,36.0,ПДК,,,,,,,,
1518,2010-04-30,37000000000,Курганская область,р. Обь,Взвешенные вещества,0,8,11.0,35.0,ПДК,,,,,,,,
1520,2010-04-30,46000000000,Московская область,р. Волга,БПК5,0,2,6.0,8.0,ПДК,,,,,,,,
1526,2010-04-30,22000000000,Нижегородская область,р. Волга,Взвешенные вещества,0,13,13.0,44.0,ПДК,,,,,,,,
1539,2010-04-30,57000000000,Пермский край,р. Волга,Взвешенные вещества,0,11,10.0,41.0,ПДК,,,,,,,,
1541,2010-04-30,57000000000,Пермский край,р. Кама,Взвешенные вещества,0,1,13.0,13.0,ПДК,,,,,,,,
1549,2010-04-30,88000000000,Республика Марий Эл,р. Волга,Взвешенные вещества,0,2,11.0,20.0,ПДК,,,,,,,,
1550,2010-04-30,98000000000,Республика Саха (Якутия),"малые реки, озера, водохранилища",ХПК,0,1,15.0,15.0,ПДК,,,,,,,,
1555,2010-04-30,65000000000,Свердловская область,р. Волга,Взвешенные вещества,0,10,11.0,44.0,ПДК,,,,,,,,
1556,2010-04-30,65000000000,Свердловская область,р. Кама,Взвешенные вещества,0,1,14.0,14.0,ПДК,,,,,,,,
1559,2010-04-30,65000000000,Свердловская область,р. Обь,Взвешенные вещества,0,31,10.0,46.0,ПДК,,,,,,,,
1567,2010-04-30,94000000000,Удмуртская Республика,р. Волга,Взвешенные вещества,0,5,27.0,48.0,ПДК,,,,,,,,
1568,2010-04-30,94000000000,Удмуртская Республика,р. Северная Двина,Взвешенные вещества,0,1,40.0,40.0,ПДК,,,,,,,,
1570,2010-04-30,75000000000,Челябинская область,р. Волга,Взвешенные вещества,0,2,15.0,18.0,ПДК,,,,,,,,
1572,2010-04-30,75000000000,Челябинская область,р. Обь,Взвешенные вещества,0,13,11.0,26.0,ПДК,,,,,,,,
1575,2010-04-30,75000000000,Челябинская область,р. Урал,Взвешенные вещества,0,8,14.0,37.0,ПДК,,,,,,,,
1576,2010-05-31,10000000000,Амурская область,р. Амур,БПК5,0,1,9.0,9.0,ПДК,,,,,,,,
1588,2010-05-31,33000000000,Кировская область,р. Волга,Взвешенные вещества,0,3,11.0,21.0,ПДК,,,,,,,,
1594,2010-05-31,37000000000,Курганская область,р. Тобол,Взвешенные вещества,0,4,12.0,49.0,ПДК,,,,,,,,
1600,2010-05-31,46000000000,Московская область,р. Волга,БПК5,0,4,7.0,8.0,ПДК,,,,,,,,
1604,2010-05-31,47000000000,Мурманская область,"малые реки, озера, водохранилища",АСПАВ,4,1,14.0,14.0,ПДК,,,,,,,,
1608,2010-05-31,22000000000,Нижегородская область,р. Волга,Взвешенные вещества,0,16,10.0,28.0,ПДК,,,,,,,,
1610,2010-05-31,50000000000,Новосибирская область,"малые реки, озера, водохранилища",ХПК,0,1,13.0,13.0,ПДК,,,,,,,,
1612,2010-05-31,57000000000,Пермский край,р. Волга,Взвешенные вещества,0,6,12.0,22.0,ПДК,,,,,,,,
1614,2010-05-31,57000000000,Пермский край,р. Кама,Взвешенные вещества,0,4,13.0,26.0,ПДК,,,,,,,,
1618,2010-05-31,65000000000,Свердловская область,р. Кама,Взвешенные вещества,0,9,15.0,33.0,ПДК,,,,,,,,
1621,2010-05-31,65000000000,Свердловская область,р. Тобол,Взвешенные вещества,0,21,11.0,49.0,ПДК,,,,,,,,
1627,2010-05-31,94000000000,Удмуртская Республика,р. Волга,Взвешенные вещества,0,4,22.0,33.0,ПДК,,,,,,,,
1628,2010-05-31,94000000000,Удмуртская Республика,р. Северная Двина,Взвешенные вещества,0,1,20.0,20.0,ПДК,,,,,,,,
1633,2010-05-31,75000000000,Челябинская область,р. Кама,Взвешенные вещества,0,5,10.0,15.0,ПДК,,,,,,,,
1636,2010-05-31,75000000000,Челябинская область,р. Тобол,Взвешенные вещества,0,14,10.0,28.0,ПДК,,,,,,,,
1639,2010-05-31,75000000000,Челябинская область,р. Урал,Взвешенные вещества,0,8,10.0,30.0,ПДК,,,,,,,,
1651,2010-06-30,33000000000,Кировская область,р. Волга,Взвешенные вещества,0,2,12.0,26.0,ПДК,,,,,,,,
1654,2010-06-30,37000000000,Курганская область,р. Тобол,Взвешенные вещества,0,3,15.0,33.0,ПДК,,,,,,,,
1662,2010-06-30,22000000000,Нижегородская область,р. Волга,Взвешенные вещества,0,11,10.0,21.0,ПДК,,,,,,,,
1663,2010-06-30,22000000000,Нижегородская область,р. Ока,Взвешенные вещества,0,1,11.0,11.0,ПДК,,,,,,,,
1669,2010-06-30,57000000000,Пермский край,р. Волга,Взвешенные вещества,0,8,12.0,36.0,ПДК,,,,,,,,
1670,2010-06-30,57000000000,Пермский край,р. Кама,Взвешенные вещества,0,9,11.0,21.0,ПДК,,,,,,,,
1685,2010-06-30,65000000000,Свердловская область,р. Кама,Взвешенные вещества,0,3,13.0,20.0,ПДК,,,,,,,,
1688,2010-06-30,65000000000,Свердловская область,р. Тобол,Взвешенные вещества,0,23,10.0,41.0,ПДК,,,,,,,,
1692,2010-06-30,94000000000,Удмуртская Республика,р. Волга,Взвешенные вещества,0,1,19.0,19.0,ПДК,,,,,,,,
1697,2010-06-30,75000000000,Челябинская область,р. Кама,Взвешенные вещества,0,3,10.0,15.0,ПДК,,,,,,,,
1698,2010-06-30,75000000000,Челябинская область,р. Тобол,Взвешенные вещества,0,10,10.0,28.67,ПДК,,,,,,,,
1705,2010-06-30,75000000000,Челябинская область,р. Урал,Взвешенные вещества,0,7,10.0,28.0,ПДК,,,,,,,,
1718,2010-07-31,33000000000,Кировская область,р. Волга,Взвешенные вещества,0,4,10.93,15.47,ПДК,,,,,,,,
1721,2010-07-31,37000000000,Курганская область,р. Тобол,Взвешенные вещества,0,4,12.8,41.07,ПДК,,,,,,,,
1730,2010-07-31,22000000000,Нижегородская область,р. Волга,Взвешенные вещества,0,15,10.67,28.0,ПДК,,,,,,,,
1735,2010-07-31,57000000000,Пермский край,р. Волга,Взвешенные вещества,0,2,14.67,14.93,ПДК,,,,,,,,
1739,2010-07-31,57000000000,Пермский край,р. Кама,Взвешенные вещества,0,2,12.53,14.13,ПДК,,,,,,,,
1746,2010-07-31,65000000000,Свердловская область,р. Кама,Взвешенные вещества,0,5,11.2,38.93,ПДК,,,,,,,,
1749,2010-07-31,65000000000,Свердловская область,р. Тобол,Взвешенные вещества,0,9,11.73,46.93,ПДК,,,,,,,,
1757,2010-07-31,94000000000,Удмуртская Республика,р. Волга,Взвешенные вещества,0,2,16.4,17.33,ПДК,,,,,,,,
1766,2010-07-31,75000000000,Челябинская область,р. Кама,Взвешенные вещества,0,1,12.0,12.0,ПДК,,,,,,,,
1769,2010-07-31,75000000000,Челябинская область,р. Тобол,Взвешенные вещества,0,7,10.67,18.0,ПДК,,,,,,,,
1771,2010-07-31,75000000000,Челябинская область,р. Урал,Взвешенные вещества,0,3,10.0,10.67,ПДК,,,,,,,,
1805,2010-08-31,22000000000,Нижегородская область,р. Волга,Взвешенные вещества,0,15,10.0,39.0,ПДК,,,,,,,,
1813,2010-08-31,57000000000,Пермский край,р. Волга,Взвешенные вещества,0,1,12.0,12.0,ПДК,,,,,,,,
1817,2010-08-31,57000000000,Пермский край,р. Кама,Взвешенные вещества,0,3,11.0,18.0,ПДК,,,,,,,,
1829,2010-08-31,65000000000,Свердловская область,р. Кама,Взвешенные вещества,0,3,11.0,24.0,ПДК,,,,,,,,
1830,2010-08-31,65000000000,Свердловская область,р. Обь,Взвешенные вещества,0,1,23.0,23.0,ПДК,,,,,,,,
1831,2010-08-31,65000000000,Свердловская область,р. Тобол,Взвешенные вещества,0,30,10.0,49.0,ПДК,,,,,,,,
1843,2010-08-31,75000000000,Челябинская область,р. Кама,Взвешенные вещества,0,2,14.0,16.0,ПДК,,,,,,,,
1844,2010-08-31,75000000000,Челябинская область,р. Тобол,Взвешенные вещества,0,7,10.0,16.0,ПДК,,,,,,,,
1849,2010-08-31,75000000000,Челябинская область,р. Урал,Взвешенные вещества,0,5,10.0,16.0,ПДК,,,,,,,,
1850,2010-09-30,10000000000,Амурская область,р. Амур,БПК5,0,1,7.0,7.0,ПДК,,,,,,,,
1856,2010-09-30,19000000000,Вологодская область,р. Северная Двина,ХПК,0,1,19.0,19.0,ПДК,,,,,,,,
1862,2010-09-30,32000000000,Кемеровская область - Кузбасс,р. Обь,ХПК,0,2,12.0,12.0,ПДК,,,,,,,,
1865,2010-09-30,33000000000,Кировская область,р. Волга,Взвешенные вещества,0,5,10.0,16.0,ПДК,,,,,,,,
1866,2010-09-30,37000000000,Курганская область,р. Обь,Взвешенные вещества,0,2,25.0,35.0,ПДК,,,,,,,,
1867,2010-09-30,44000000000,Магаданская область,р. Колыма,Взвешенные вещества,0,1,33.0,33.0,ПДК,,,,,,,,
1874,2010-09-30,22000000000,Нижегородская область,р. Волга,Взвешенные вещества,0,15,11.0,46.0,ПДК,,,,,,,,
1878,2010-09-30,57000000000,Пермский край,р. Волга,Взвешенные вещества,0,4,10.0,29.0,ПДК,,,,,,,,
1879,2010-09-30,57000000000,Пермский край,р. Кама,Взвешенные вещества,0,1,11.0,11.0,ПДК,,,,,,,,
1888,2010-09-30,65000000000,Свердловская область,р. Кама,Взвешенные вещества,0,1,18.0,18.0,ПДК,,,,,,,,
1889,2010-09-30,65000000000,Свердловская область,р. Обь,ХПК,0,1,13.0,13.0,ПДК,,,,,,,,
1891,2010-09-30,65000000000,Свердловская область,р. Обь,Взвешенные вещества,0,38,10.0,32.0,ПДК,,,,,,,,
1897,2010-09-30,94000000000,Удмуртская Республика,р. Волга,Взвешенные вещества,0,1,19.0,19.0,ПДК,,,,,,,,
1901,2010-09-30,8000000000,Хабаровский край,р. Амур,БПК5,0,1,11.0,11.0,ПДК,,,,,,,,
1903,2010-09-30,75000000000,Челябинская область,р. Кама,Взвешенные вещества,0,2,15.0,20.0,ПДК,,,,,,,,
1905,2010-09-30,75000000000,Челябинская область,р. Обь,Взвешенные вещества,0,12,10.0,28.0,ПДК,,,,,,,,
1908,2010-09-30,75000000000,Челябинская область,р. Урал,Взвешенные вещества,0,5,11.0,14.0,ПДК,,,,,,,,
1912,2010-10-31,19000000000,Вологодская область,р. Северная Двина,БПК5,0,1,19.0,19.0,ПДК,,,,,,,,
1913,2010-10-31,19000000000,Вологодская область,р. Северная Двина,ХПК,0,1,19.0,19.0,ПДК,,,,,,,,
1918,2010-10-31,33000000000,Кировская область,р. Волга,Взвешенные вещества,0,4,16.0,25.0,ПДК,,,,,,,,
1920,2010-10-31,37000000000,Курганская область,р. Обь,Взвешенные вещества,0,2,50.0,50.0,ПДК,,,,,,,,
1928,2010-10-31,22000000000,Нижегородская область,р. Волга,Взвешенные вещества,0,1,17.0,17.0,ПДК,,,,,,,,
1930,2010-10-31,57000000000,Пермский край,р. Волга,Взвешенные вещества,0,2,11.0,11.0,ПДК,,,,,,,,
1936,2010-10-31,90000000000,Республика Северная Осетия-Алания,р. Терек,БПК5,0,1,8.0,8.0,ПДК,,,,,,,,
1940,2010-10-31,65000000000,Свердловская область,р. Кама,Взвешенные вещества,0,3,12.0,21.0,ПДК,,,,,,,,
1942,2010-10-31,65000000000,Свердловская область,р. Обь,Взвешенные вещества,0,23,11.0,49.0,ПДК,,,,,,,,
1943,2010-10-31,65000000000,Свердловская область,р. Обь,ХПК,0,1,12.0,12.0,ПДК,,,,,,,,
1949,2010-10-31,94000000000,Удмуртская Республика,р. Волга,Взвешенные вещества,0,4,11.0,39.0,ПДК,,,,,,,,
1953,2010-10-31,8000000000,Хабаровский край,р. Амур,БПК5,0,1,7.0,7.0,ПДК,,,,,,,,
1957,2010-10-31,75000000000,Челябинская область,р. Кама,Взвешенные вещества,0,2,10.0,11.0,ПДК,,,,,,,,
1961,2010-10-31,75000000000,Челябинская область,р. Обь,Взвешенные вещества,0,9,10.0,29.0,ПДК,,,,,,,,
1963,2010-10-31,75000000000,Челябинская область,р. Урал,Взвешенные вещества,0,5,10.0,29.0,ПДК,,,,,,,,
1971,2010-11-30,19000000000,Вологодская область,р. Северная Двина,БПК5,0,1,6.0,6.0,ПДК,,,,,,,,
1979,2010-11-30,37000000000,Курганская область,р. Обь,Взвешенные вещества,0,5,12.0,47.0,ПДК,,,,,,,,
1984,2010-11-30,47000000000,Мурманская область,"малые реки, озера, водохранилища",АСПАВ,4,1,16.0,16.0,ПДК,,,,,,,,
1989,2010-11-30,22000000000,Нижегородская область,р. Волга,Взвешенные вещества,0,2,22.0,22.0,ПДК,,,,,,,,
1992,2010-11-30,57000000000,Пермский край,р. Волга,Взвешенные вещества,0,9,12.0,49.0,ПДК,,,,,,,,
1995,2010-11-30,57000000000,Пермский край,р. Кама,Взвешенные вещества,0,5,11.0,16.0,ПДК,,,,,,,,
2002,2010-11-30,90000000000,Республика Северная Осетия-Алания,р. Терек,БПК5,0,1,7.0,7.0,ПДК,,,,,,,,
2006,2010-11-30,65000000000,Свердловская область,р. Волга,Взвешенные вещества,0,1,34.0,34.0,ПДК,,,,,,,,
2007,2010-11-30,65000000000,Свердловская область,р. Кама,Взвешенные вещества,0,1,10.0,10.0,ПДК,,,,,,,,
2008,2010-11-30,65000000000,Свердловская область,р. Обь,Взвешенные вещества,0,27,10.0,27.0,ПДК,,,,,,,,
2017,2010-11-30,94000000000,Удмуртская Республика,р. Волга,Взвешенные вещества,0,2,14.0,20.0,ПДК,,,,,,,,
2018,2010-11-30,75000000000,Челябинская область,р. Кама,Взвешенные вещества,0,3,11.0,11.0,ПДК,,,,,,,,
2019,2010-11-30,75000000000,Челябинская область,р. Обь,Взвешенные вещества,0,10,10.0,17.0,ПДК,,,,,,,,
2022,2010-11-30,75000000000,Челябинская область,р. Урал,Взвешенные вещества,0,2,13.0,15.0,ПДК,,,,,,,,
2025,2010-12-31,19000000000,Вологодская область,р. Северная Двина,БПК5,0,1,17.0,17.0,ПДК,,,,,,,,
2028,2010-12-31,19000000000,Вологодская область,р. Северная Двина,ХПК,0,1,19.0,19.0,ПДК,,,,,,,,
2030,2010-12-31,33000000000,Кировская область,р. Волга,Взвешенные вещества,0,3,12.0,23.0,ПДК,,,,,,,,
2032,2010-12-31,37000000000,Курганская область,р. Обь,Взвешенные вещества,0,6,13.0,34.0,ПДК,,,,,,,,
2034,2010-12-31,46000000000,Московская область,р. Волга,БПК5,0,1,6.0,6.0,ПДК,,,,,,,,
2040,2010-12-31,22000000000,Нижегородская область,р. Волга,Взвешенные вещества,0,3,11.0,37.0,ПДК,,,,,,,,
2044,2010-12-31,57000000000,Пермский край,р. Кама,Взвешенные вещества,0,2,13.0,35.0,ПДК,,,,,,,,
2050,2010-12-31,5000000000,Приморский край,р. Амур,БПК5,0,1,18.0,18.0,ПДК,,,,,,,,
2054,2010-12-31,90000000000,Республика Северная Осетия-Алания,р. Терек,БПК5,0,2,8.0,18.0,ПДК,,,,,,,,
2056,2010-12-31,65000000000,Свердловская область,р. Волга,Взвешенные вещества,0,1,25.0,25.0,ПДК,,,,,,,,
2057,2010-12-31,65000000000,Свердловская область,р. Кама,Взвешенные вещества,0,1,14.0,14.0,ПДК,,,,,,,,
2059,2010-12-31,65000000000,Свердловская область,р. Обь,Взвешенные вещества,0,25,10.0,25.0,ПДК,,,,,,,,
2066,2010-12-31,94000000000,Удмуртская Республика,р. Волга,Взвешенные вещества,0,2,11.0,16.0,ПДК,,,,,,,,
2067,2010-12-31,75000000000,Челябинская область,р. Кама,Взвешенные вещества,0,1,15.0,15.0,ПДК,,,,,,,,
2069,2010-12-31,75000000000,Челябинская область,р. Обь,Взвешенные вещества,0,6,10.0,25.0,ПДК,,,,,,,,
2072,2010-12-31,75000000000,Челябинская область,р. Урал,Взвешенные вещества,0,2,11.0,13.0,ПДК,,,,,,,,
2077,2011-01-31,19000000000,Вологодская область,р. Северная Двина,ХПК,0,1,24.0,24.0,ПДК,,,,,,,,
2080,2011-01-31,33000000000,Кировская область,р. Волга,Взвешенные вещества,0,1,25.0,25.0,ПДК,,,,,,,,
2086,2011-01-31,37000000000,Курганская область,р. Обь,Взвешенные вещества,0,3,11.0,16.0,ПДК,,,,,,,,
2096,2011-01-31,22000000000,Нижегородская область,р. Волга,Взвешенные вещества,0,2,11.0,24.0,ПДК,,,,,,,,
2102,2011-01-31,5000000000,Приморский край,р. Амур,БПК5,0,1,9.0,9.0,ПДК,,,,,,,,
2105,2011-01-31,5000000000,Приморский край,"малые реки, озера, водохранилища",БПК5,0,1,8.0,8.0,ПДК,,,,,,,,
2107,2011-01-31,90000000000,Республика Северная Осетия-Алания,р. Терек,БПК5,0,2,14.0,20.0,ПДК,,,,,,,,
2111,2011-01-31,65000000000,Свердловская область,р. Кама,Взвешенные вещества,0,1,20.0,20.0,ПДК,,,,,,,,
2114,2011-01-31,65000000000,Свердловская область,р. Обь,Взвешенные вещества,0,6,10.0,43.0,ПДК,,,,,,,,
2118,2011-01-31,70000000000,Тульская область,р. Волга,БПК5,0,2,6.0,6.0,ПДК,,,,,,,,
2125,2011-01-31,94000000000,Удмуртская Республика,р. Волга,Взвешенные вещества,0,2,17.0,36.0,ПДК,,,,,,,,
2126,2011-01-31,75000000000,Челябинская область,р. Кама,Взвешенные вещества,0,1,23.0,23.0,ПДК,,,,,,,,
2131,2011-01-31,75000000000,Челябинская область,р. Обь,Взвешенные вещества,0,4,11.0,15.0,ПДК,,,,,,,,
2136,2011-02-28,19000000000,Вологодская область,р. Северная Двина,ХПК,0,1,20.0,20.0,ПДК,,,,,,,,
2142,2011-02-28,33000000000,Кировская область,р. Волга,Взвешенные вещества,0,4,11.0,38.0,ПДК,,,,,,,,
2143,2011-02-28,33000000000,Кировская область,р. Северная Двина,Взвешенные вещества,0,2,10.0,25.0,ПДК,,,,,,,,
2153,2011-02-28,47000000000,Мурманская область,"малые реки, озера, водохранилища",АСПАВ,4,1,25.0,25.0,ПДК,,,,,,,,
2154,2011-02-28,22000000000,Нижегородская область,р. Волга,Взвешенные вещества,0,2,10.0,11.0,ПДК,,,,,,,,
2159,2011-02-28,52000000000,Омская область,"малые реки, озера, водохранилища",ХПК,0,2,11.0,12.0,ПДК,,,,,,,,
2162,2011-02-28,57000000000,Пермский край,р. Волга,Взвешенные вещества,0,1,14.0,14.0,ПДК,,,,,,,,
2163,2011-02-28,57000000000,Пермский край,р. Кама,Взвешенные вещества,0,1,27.0,27.0,ПДК,,,,,,,,
2165,2011-02-28,5000000000,Приморский край,р. Амур,БПК5,0,1,20.0,20.0,ПДК,,,,,,,,
2170,2011-02-28,5000000000,Приморский край,"малые реки, озера, водохранилища",БПК5,0,1,6.0,6.0,ПДК,,,,,,,,
2173,2011-02-28,90000000000,Республика Северная Осетия-Алания,р. Терек,БПК5,0,3,9.0,19.0,ПДК,,,,,,,,
2179,2011-02-28,61000000000,Рязанская область,"малые реки, озера, водохранилища",ХПК,0,1,16.0,16.0,ПДК,,,,,,,,
2185,2011-02-28,36000000000,Самарская область,р. Волга,БПК5,0,3,11.0,13.0,ПДК,,,,,,,,
2190,2011-02-28,65000000000,Свердловская область,р. Обь,Взвешенные вещества,0,16,10.0,37.0,ПДК,,,,,,,,
2195,2011-02-28,70000000000,Тульская область,р. Волга,БПК5,0,1,6.0,6.0,ПДК,,,,,,,,
2201,2011-02-28,71000000000,Тюменская область,"малые реки, озера, водохранилища",ХПК,0,1,13.0,13.0,ПДК,,,,,,,,
2202,2011-02-28,94000000000,Удмуртская Республика,р. Волга,Взвешенные вещества,0,2,20.0,21.0,ПДК,,,,,,,,
2208,2011-02-28,75000000000,Челябинская область,р. Обь,Взвешенные вещества,0,5,11.0,28.0,ПДК,,,,,,,,
2214,2011-03-31,19000000000,Вологодская область,р. Северная Двина,БПК5,0,2,12.0,20.0,ПДК,,,,,,,,
2215,2011-03-31,19000000000,Вологодская область,р. Северная Двина,ХПК,0,1,24.0,24.0,ПДК,,,,,,,,
2225,2011-03-31,33000000000,Кировская область,р. Волга,Взвешенные вещества,0,5,12.0,31.0,ПДК,,,,,,,,
2234,2011-03-31,37000000000,Курганская область,р. Обь,Взвешенные вещества,0,4,15.0,34.0,ПДК,,,,,,,,
2237,2011-03-31,46000000000,Московская область,р. Волга,БПК5,0,5,5.0,16.0,ПДК,,,,,,,,
2246,2011-03-31,22000000000,Нижегородская область,р. Волга,Взвешенные вещества,0,5,10.0,24.0,ПДК,,,,,,,,
2257,2011-03-31,57000000000,Пермский край,р. Волга,Взвешенные вещества,0,1,39.0,39.0,ПДК,,,,,,,,
2259,2011-03-31,57000000000,Пермский край,р. Кама,Взвешенные вещества,0,2,15.0,35.0,ПДК,,,,,,,,
2261,2011-03-31,5000000000,Приморский край,р. Амур,БПК5,0,1,19.0,19.0,ПДК,,,,,,,,
2265,2011-03-31,5000000000,Приморский край,"малые реки, озера, водохранилища",БПК5,0,1,6.0,6.0,ПДК,,,,,,,,
2267,2011-03-31,88000000000,Республика Марий Эл,р. Волга,Взвешенные вещества,0,1,10.0,10.0,ПДК,,,,,,,,
2270,2011-03-31,90000000000,Республика Северная Осетия-Алания,р. Терек,БПК5,0,1,6.0,6.0,ПДК,,,,,,,,
2279,2011-03-31,65000000000,Свердловская область,р. Обь,Взвешенные вещества,0,6,12.0,45.0,ПДК,,,,,,,,
2287,2011-03-31,94000000000,Удмуртская Республика,р. Волга,Взвешенные вещества,0,1,33.0,33.0,ПДК,,,,,,,,
2288,2011-03-31,75000000000,Челябинская область,р. Кама,Взвешенные вещества,0,1,11.0,11.0,ПДК,,,,,,,,
2293,2011-03-31,75000000000,Челябинская область,р. Обь,Взвешенные вещества,0,5,10.0,19.0,ПДК,,,,,,,,
2295,2011-04-30,19000000000,Вологодская область,р. Северная Двина,БПК5,0,1,6.0,6.0,ПДК,,,,,,,,
2298,2011-04-30,25000000000,Иркутская область,р. Енисей,Взвешенные вещества,0,9,12.0,48.0,ПДК,,,,,,,,
2301,2011-04-30,33000000000,Кировская область,р. Волга,Взвешенные вещества,0,9,14.0,48.0,ПДК,,,,,,,,
2304,2011-04-30,37000000000,Курганская область,р. Обь,Взвешенные вещества,0,3,15.0,34.0,ПДК,,,,,,,,
2310,2011-04-30,46000000000,Московская область,р. Волга,БПК5,0,8,5.0,11.0,ПДК,,,,,,,,
2316,2011-04-30,22000000000,Нижегородская область,р. Волга,Взвешенные вещества,0,8,11.0,33.0,ПДК,,,,,,,,
2321,2011-04-30,52000000000,Омская область,р. Обь,Взвешенные вещества,0,1,553.0,553.0,ПДК,,,,,,,,
2324,2011-04-30,57000000000,Пермский край,р. Волга,Взвешенные вещества,0,1,16.0,16.0,ПДК,,,,,,,,
2327,2011-04-30,57000000000,Пермский край,р. Кама,Взвешенные вещества,0,3,12.0,22.0,ПДК,,,,,,,,
2329,2011-04-30,5000000000,Приморский край,р. Амур,БПК5,0,1,9.0,9.0,ПДК,,,,,,,,
2332,2011-04-30,88000000000,Республика Марий Эл,р. Волга,Взвешенные вещества,0,1,17.0,17.0,ПДК,,,,,,,,
2335,2011-04-30,90000000000,Республика Северная Осетия-Алания,р. Терек,БПК5,0,1,10.0,10.0,ПДК,,,,,,,,
2345,2011-04-30,36000000000,Самарская область,"малые реки, озера, водохранилища",ХПК,0,1,13.0,13.0,ПДК,,,,,,,,
2346,2011-04-30,36000000000,Самарская область,"малые реки, озера, водохранилища",АСПАВ,4,1,12.0,12.0,ПДК,,,,,,,,
2349,2011-04-30,65000000000,Свердловская область,р. Обь,Взвешенные вещества,0,24,11.0,48.0,ПДК,,,,,,,,
2350,2011-04-30,65000000000,Свердловская область,р. Обь,ХПК,0,1,14.0,14.0,ПДК,,,,,,,,
2356,2011-04-30,70000000000,Тульская область,р. Волга,БПК5,0,1,5.0,5.0,ПДК,,,,,,,,
2363,2011-04-30,75000000000,Челябинская область,р. Волга,Взвешенные вещества,0,1,11.0,11.0,ПДК,,,,,,,,
2364,2011-04-30,75000000000,Челябинская область,р. Кама,Взвешенные вещества,0,6,12.0,28.0,ПДК,,,,,,,,
2367,2011-04-30,75000000000,Челябинская область,р. Обь,Взвешенные вещества,0,12,11.0,34.0,ПДК,,,,,,,,
2369,2011-04-30,75000000000,Челябинская область,р. Урал,Взвешенные вещества,0,4,14.0,19.0,ПДК,,,,,,,,
2373,2011-05-31,19000000000,Вологодская область,р. Северная Двина,ХПК,0,1,11.0,11.0,ПДК,,,,,,,,
2374,2011-05-31,19000000000,Вологодская область,р. Северная Двина,БПК5,0,1,5.0,5.0,ПДК,,,,,,,,
2381,2011-05-31,25000000000,Иркутская область,р. Енисей,Взвешенные вещества,0,21,11.0,43.0,ПДК,,,,,,,,
2384,2011-05-31,33000000000,Кировская область,р. Волга,Взвешенные вещества,0,12,12.0,22.0,ПДК,,,,,,,,
2385,2011-05-31,33000000000,Кировская область,р. Северная Двина,Взвешенные вещества,0,2,15.0,26.0,ПДК,,,,,,,,
2387,2011-05-31,37000000000,Курганская область,р. Обь,Взвешенные вещества,0,5,20.0,47.0,ПДК,,,,,,,,
2390,2011-05-31,46000000000,Московская область,р. Волга,БПК5,0,5,6.0,11.0,ПДК,,,,,,,,
2393,2011-05-31,22000000000,Нижегородская область,р. Волга,Взвешенные вещества,0,19,10.0,34.0,ПДК,,,,,,,,
2400,2011-05-31,90000000000,Республика Северная Осетия-Алания,р. Терек,БПК5,0,3,15.0,20.0,ПДК,,,,,,,,
2403,2011-05-31,36000000000,Самарская область,"малые реки, озера, водохранилища",БПК5,0,1,6.0,6.0,ПДК,,,,,,,,
2404,2011-05-31,36000000000,Самарская область,"малые реки, озера, водохранилища",ХПК,0,1,25.0,25.0,ПДК,,,,,,,,
2406,2011-05-31,65000000000,Свердловская область,р. Кама,Взвешенные вещества,0,3,13.0,39.0,ПДК,,,,,,,,
2410,2011-05-31,65000000000,Свердловская область,р. Обь,Взвешенные вещества,0,35,11.0,45.0,ПДК,,,,,,,,
2417,2011-05-31,94000000000,Удмуртская Республика,р. Волга,Взвешенные вещества,0,6,11.0,32.0,ПДК,,,,,,,,
2420,2011-05-31,8000000000,Хабаровский край,р. Амур,БПК5,0,1,10.0,10.0,ПДК,,,,,,,,
2423,2011-05-31,96000000000,Чеченская Республика,р. Терек,Взвешенные вещества,0,4,1760.0,10576.0,ПДК,,,,,,,,
2425,2011-06-30,19000000000,Вологодская область,р. Северная Двина,БПК5,0,1,5.0,5.0,ПДК,,,,,,,,
2427,2011-06-30,19000000000,Вологодская область,р. Северная Двина,ХПК,0,1,14.0,14.0,ПДК,,,,,,,,
2431,2011-06-30,25000000000,Иркутская область,р. Енисей,Взвешенные вещества,0,4,11.0,13.0,ПДК,,,,,,,,
2432,2011-06-30,33000000000,Кировская область,р. Волга,Взвешенные вещества,0,10,11.0,29.0,ПДК,,,,,,,,
2433,2011-06-30,37000000000,Курганская область,р. Обь,Взвешенные вещества,0,6,11.0,46.0,ПДК,,,,,,,,
2443,2011-06-30,22000000000,Нижегородская область,р. Волга,Взвешенные вещества,0,16,10.0,41.0,ПДК,,,,,,,,
2449,2011-06-30,57000000000,Пермский край,р. Волга,Взвешенные вещества,0,2,14.0,15.0,ПДК,,,,,,,,
2451,2011-06-30,5000000000,Приморский край,р. Амур,БПК5,0,1,20.0,20.0,ПДК,,,,,,,,
2453,2011-06-30,98000000000,Республика Саха (Якутия),"малые реки, озера, водохранилища",ХПК,0,1,10.0,10.0,ПДК,,,,,,,,
2456,2011-06-30,65000000000,Свердловская область,р. Кама,Взвешенные вещества,0,7,13.0,30.0,ПДК,,,,,,,,
2458,2011-06-30,65000000000,Свердловская область,р. Обь,Взвешенные вещества,0,33,10.0,43.0,ПДК,,,,,,,,
2464,2011-06-30,94000000000,Удмуртская Республика,р. Волга,Взвешенные вещества,0,2,11.0,12.0,ПДК,,,,,,,,
2468,2011-06-30,75000000000,Челябинская область,р. Кама,Взвешенные вещества,0,1,11.0,11.0,ПДК,,,,,,,,
2470,2011-06-30,75000000000,Челябинская область,р. Обь,Взвешенные вещества,0,10,11.0,19.0,ПДК,,,,,,,,
2474,2011-06-30,75000000000,Челябинская область,р. Урал,Взвешенные вещества,0,8,10.0,30.0,ПДК,,,,,,,,
2477,2011-07-31,19000000000,Вологодская область,р. Северная Двина,БПК5,0,1,6.0,6.0,ПДК,,,,,,,,
2478,2011-07-31,19000000000,Вологодская область,р. Северная Двина,ХПК,0,1,14.0,14.0,ПДК,,,,,,,,
2481,2011-07-31,25000000000,Иркутская область,р. Енисей,Взвешенные вещества,0,8,10.0,36.0,ПДК,,,,,,,,
2482,2011-07-31,33000000000,Кировская область,р. Волга,Взвешенные вещества,0,4,11.0,16.0,ПДК,,,,,,,,
2484,2011-07-31,37000000000,Курганская область,р. Обь,Взвешенные вещества,0,6,10.0,43.0,ПДК,,,,,,,,
2486,2011-07-31,46000000000,Московская область,р. Волга,БПК5,0,2,6.0,10.0,ПДК,,,,,,,,
2496,2011-07-31,22000000000,Нижегородская область,р. Волга,Взвешенные вещества,0,7,10.0,16.0,ПДК,,,,,,,,
2501,2011-07-31,57000000000,Пермский край,р. Волга,Взвешенные вещества,0,5,15.0,21.0,ПДК,,,,,,,,
2504,2011-07-31,57000000000,Пермский край,р. Кама,Взвешенные вещества,0,6,14.0,47.0,ПДК,,,,,,,,
2511,2011-07-31,88000000000,Республика Марий Эл,р. Волга,Взвешенные вещества,0,1,11.0,11.0,ПДК,,,,,,,,
2514,2011-07-31,36000000000,Самарская область,р. Волга,БПК5,0,2,7.0,10.0,ПДК,,,,,,,,
2520,2011-07-31,65000000000,Свердловская область,р. Кама,Взвешенные вещества,0,3,10.0,37.0,ПДК,,,,,,,,
2525,2011-07-31,65000000000,Свердловская область,р. Обь,Взвешенные вещества,0,24,10.0,43.0,ПДК,,,,,,,,
2531,2011-07-31,94000000000,Удмуртская Республика,р. Волга,Взвешенные вещества,0,4,13.0,46.0,ПДК,,,,,,,,
2535,2011-07-31,8000000000,Хабаровский край,р. Амур,БПК5,0,2,5.0,5.0,ПДК,,,,,,,,
2538,2011-07-31,75000000000,Челябинская область,р. Кама,Взвешенные вещества,0,5,11.0,26.0,ПДК,,,,,,,,
2539,2011-07-31,75000000000,Челябинская область,р. Обь,Взвешенные вещества,0,8,11.0,21.0,ПДК,,,,,,,,
2544,2011-07-31,75000000000,Челябинская область,р. Урал,Взвешенные вещества,0,4,11.0,13.0,ПДК,,,,,,,,
2550,2011-08-31,19000000000,Вологодская область,р. Северная Двина,БПК5,0,2,8.0,15.0,ПДК,,,,,,,,
2552,2011-08-31,25000000000,Иркутская область,р. Енисей,Взвешенные вещества,0,2,15.0,18.0,ПДК,,,,,,,,
2554,2011-08-31,33000000000,Кировская область,р. Волга,Взвешенные вещества,0,6,11.0,29.0,ПДК,,,,,,,,
2555,2011-08-31,3000000000,Краснодарский край,реки Черноморского побережья Краснодарского края (бассейн Черного моря),АСПАВ,4,1,13.0,13.0,ПДК,,,,,,,,
2558,2011-08-31,37000000000,Курганская область,р. Обь,Взвешенные вещества,0,2,23.0,26.0,ПДК,,,,,,,,
2569,2011-08-31,22000000000,Нижегородская область,р. Волга,Взвешенные вещества,0,12,10.0,36.0,ПДК,,,,,,,,
2573,2011-08-31,57000000000,Пермский край,р. Волга,Взвешенные вещества,0,5,11.0,46.0,ПДК,,,,,,,,
2581,2011-08-31,88000000000,Республика Марий Эл,р. Волга,Взвешенные вещества,0,1,11.0,11.0,ПДК,,,,,,,,
2589,2011-08-31,65000000000,Свердловская область,р. Кама,Взвешенные вещества,0,3,15.0,15.0,ПДК,,,,,,,,
2593,2011-08-31,65000000000,Свердловская область,р. Обь,Взвешенные вещества,0,29,10.0,44.0,ПДК,,,,,,,,
2601,2011-08-31,70000000000,Тульская область,р. Волга,БПК5,0,1,5.0,5.0,ПДК,,,,,,,,
2604,2011-08-31,71000000000,Тюменская область,"малые реки, озера, водохранилища",ХПК,0,1,13.0,13.0,ПДК,,,,,,,,
2605,2011-08-31,94000000000,Удмуртская Республика,р. Волга,Взвешенные вещества,0,2,10.0,36.0,ПДК,,,,,,,,
2606,2011-08-31,8000000000,Хабаровский край,р. Амур,БПК5,0,1,7.0,7.0,ПДК,,,,,,,,
2608,2011-08-31,75000000000,Челябинская область,р. Кама,Взвешенные вещества,0,4,11.0,15.0,ПДК,,,,,,,,
2610,2011-08-31,75000000000,Челябинская область,р. Обь,Взвешенные вещества,0,11,10.0,18.0,ПДК,,,,,,,,
2612,2011-08-31,75000000000,Челябинская область,р. Урал,Взвешенные вещества,0,6,10.0,33.0,ПДК,,,,,,,,
2622,2011-09-30,25000000000,Иркутская область,р. Енисей,Взвешенные вещества,0,3,11.0,12.0,ПДК,,,,,,,,
2623,2011-09-30,33000000000,Кировская область,р. Волга,Взвешенные вещества,0,6,13.0,42.0,ПДК,,,,,,,,
2625,2011-09-30,37000000000,Курганская область,р. Обь,Взвешенные вещества,0,3,12.0,37.0,ПДК,,,,,,,,
2629,2011-09-30,46000000000,Московская область,р. Волга,БПК5,0,5,6.0,10.0,ПДК,,,,,,,,
2636,2011-09-30,22000000000,Нижегородская область,р. Волга,Взвешенные вещества,0,8,12.0,45.0,ПДК,,,,,,,,
2641,2011-09-30,57000000000,Пермский край,р. Волга,Взвешенные вещества,0,4,10.0,20.0,ПДК,,,,,,,,
2643,2011-09-30,57000000000,Пермский край,р. Кама,Взвешенные вещества,0,1,11.0,11.0,ПДК,,,,,,,,
2648,2011-09-30,5000000000,Приморский край,р. Амур,БПК5,0,1,19.0,19.0,ПДК,,,,,,,,
2650,2011-09-30,90000000000,Республика Северная Осетия-Алания,р. Терек,БПК5,0,1,14.0,14.0,ПДК,,,,,,,,
2653,2011-09-30,65000000000,Свердловская область,р. Обь,Взвешенные вещества,0,27,10.0,37.0,ПДК,,,,,,,,
2665,2011-09-30,8000000000,Хабаровский край,р. Амур,БПК5,0,1,10.0,10.0,ПДК,,,,,,,,
2667,2011-09-30,75000000000,Челябинская область,р. Кама,Взвешенные вещества,0,1,15.0,15.0,ПДК,,,,,,,,
2670,2011-09-30,75000000000,Челябинская область,р. Обь,Взвешенные вещества,0,9,11.0,35.0,ПДК,,,,,,,,
2672,2011-09-30,75000000000,Челябинская область,р. Урал,Взвешенные вещества,0,4,12.0,25.0,ПДК,,,,,,,,
2682,2011-10-31,19000000000,Вологодская область,р. Северная Двина,БПК5,0,1,6.0,6.0,ПДК,,,,,,,,
2684,2011-10-31,25000000000,Иркутская область,р. Енисей,Взвешенные вещества,0,2,11.0,37.0,ПДК,,,,,,,,
2685,2011-10-31,33000000000,Кировская область,р. Волга,Взвешенные вещества,0,1,17.0,17.0,ПДК,,,,,,,,
2688,2011-10-31,46000000000,Московская область,р. Волга,БПК5,0,1,6.0,6.0,ПДК,,,,,,,,
2695,2011-10-31,22000000000,Нижегородская область,р. Волга,Взвешенные вещества,0,3,14.0,20.0,ПДК,,,,,,,,
2696,2011-10-31,57000000000,Пермский край,р. Волга,Взвешенные вещества,0,6,11.0,34.0,ПДК,,,,,,,,
2698,2011-10-31,57000000000,Пермский край,р. Кама,Взвешенные вещества,0,3,13.0,25.0,ПДК,,,,,,,,
2700,2011-10-31,5000000000,Приморский край,р. Амур,БПК5,0,1,15.0,15.0,ПДК,,,,,,,,
2704,2011-10-31,88000000000,Республика Марий Эл,р. Волга,Взвешенные вещества,0,1,18.0,18.0,ПДК,,,,,,,,
2707,2011-10-31,36000000000,Самарская область,р. Волга,БПК5,0,4,6.0,8.0,ПДК,,,,,,,,
2711,2011-10-31,65000000000,Свердловская область,р. Обь,Взвешенные вещества,0,3,10.0,28.0,ПДК,,,,,,,,
2719,2011-10-31,94000000000,Удмуртская Республика,р. Волга,Взвешенные вещества,0,1,21.0,21.0,ПДК,,,,,,,,
2720,2011-10-31,8000000000,Хабаровский край,р. Амур,БПК5,0,1,6.0,6.0,ПДК,,,,,,,,
2725,2011-10-31,75000000000,Челябинская область,р. Кама,Взвешенные вещества,0,2,11.0,11.0,ПДК,,,,,,,,
2727,2011-10-31,75000000000,Челябинская область,р. Обь,Взвешенные вещества,0,11,10.0,43.0,ПДК,,,,,,,,
2732,2011-10-31,75000000000,Челябинская область,р. Урал,Взвешенные вещества,0,3,10.0,11.0,ПДК,,,,,,,,
2735,2011-11-30,19000000000,Вологодская область,р. Северная Двина,БПК5,0,1,8.0,8.0,ПДК,,,,,,,,
2738,2011-11-30,25000000000,Иркутская область,р. Енисей,Взвешенные вещества,0,2,26.0,37.0,ПДК,,,,,,,,
2740,2011-11-30,33000000000,Кировская область,р. Волга,Взвешенные вещества,0,4,17.0,41.0,ПДК,,,,,,,,
2741,2011-11-30,37000000000,Курганская область,р. Обь,Взвешенные вещества,0,6,12.0,19.0,ПДК,,,,,,,,
2744,2011-11-30,46000000000,Московская область,р. Волга,БПК5,0,2,6.0,12.0,ПДК,,,,,,,,
2746,2011-11-30,46000000000,Московская область,р. Волга,ХПК,0,1,11.0,11.0,ПДК,,,,,,,,
2752,2011-11-30,22000000000,Нижегородская область,р. Волга,Взвешенные вещества,0,2,39.0,47.0,ПДК,,,,,,,,
2758,2011-11-30,57000000000,Пермский край,р. Кама,Взвешенные вещества,0,1,20.0,20.0,ПДК,,,,,,,,
2764,2011-11-30,65000000000,Свердловская область,р. Кама,Взвешенные вещества,0,3,11.0,31.0,ПДК,,,,,,,,
2768,2011-11-30,65000000000,Свердловская область,р. Обь,Взвешенные вещества,0,5,10.0,37.0,ПДК,,,,,,,,
2769,2011-11-30,65000000000,Свердловская область,р. Обь,ХПК,0,1,20.0,20.0,ПДК,,,,,,,,
2771,2011-11-30,66000000000,Смоленская область,р. Днепр,БПК5,0,1,6.0,6.0,ПДК,,,,,,,,
2776,2011-11-30,94000000000,Удмуртская Республика,р. Волга,Взвешенные вещества,0,1,11.0,11.0,ПДК,,,,,,,,
2777,2011-11-30,75000000000,Челябинская область,р. Кама,Взвешенные вещества,0,2,17.0,19.0,ПДК,,,,,,,,
2778,2011-11-30,75000000000,Челябинская область,р. Обь,Взвешенные вещества,0,7,10.0,22.0,ПДК,,,,,,,,
2782,2011-11-30,75000000000,Челябинская область,р. Урал,Взвешенные вещества,0,1,10.0,10.0,ПДК,,,,,,,,
2787,2011-12-31,19000000000,Вологодская область,р. Северная Двина,БПК5,0,1,11.0,11.0,ПДК,,,,,,,,
2790,2011-12-31,33000000000,Кировская область,р. Волга,Взвешенные вещества,0,1,38.0,38.0,ПДК,,,,,,,,
2791,2011-12-31,37000000000,Курганская область,р. Обь,Взвешенные вещества,0,5,14.0,43.0,ПДК,,,,,,,,
2793,2011-12-31,46000000000,Московская область,р. Волга,БПК5,0,2,7.0,8.0,ПДК,,,,,,,,
2799,2011-12-31,22000000000,Нижегородская область,р. Волга,Взвешенные вещества,0,7,10.0,43.0,ПДК,,,,,,,,
2802,2011-12-31,57000000000,Пермский край,р. Волга,Взвешенные вещества,0,1,10.0,10.0,ПДК,,,,,,,,
2808,2011-12-31,5000000000,Приморский край,р. Амур,БПК5,0,1,17.0,17.0,ПДК,,,,,,,,
2814,2011-12-31,64000000000,Сахалинская область,"малые реки, озера, водохранилища",БПК5,0,1,5.0,5.0,ПДК,,,,,,,,
2816,2011-12-31,65000000000,Свердловская область,р. Кама,Взвешенные вещества,0,1,11.0,11.0,ПДК,,,,,,,,
2818,2011-12-31,65000000000,Свердловская область,р. Обь,Взвешенные вещества,0,8,12.0,41.0,ПДК,,,,,,,,
2825,2011-12-31,75000000000,Челябинская область,р. Кама,Взвешенные вещества,0,2,11.0,12.0,ПДК,,,,,,,,
2830,2011-12-31,75000000000,Челябинская область,р. Обь,Взвешенные вещества,0,2,14.0,17.0,ПДК,,,,,,,,
2833,2012-01-31,19000000000,Вологодская область,р. Северная Двина,БПК5,0,1,8.0,8.0,ПДК,,,,,,,,
2838,2012-01-31,33000000000,Кировская область,р. Волга,Взвешенные вещества,0,1,16.0,16.0,ПДК,,,,,,,,
2839,2012-01-31,33000000000,Кировская область,р. Северная Двина,Взвешенные вещества,0,1,17.0,17.0,ПДК,,,,,,,,
2841,2012-01-31,37000000000,Курганская область,р. Обь,Взвешенные вещества,0,2,18.0,26.0,ПДК,,,,,,,,
2843,2012-01-31,46000000000,Московская область,р. Волга,БПК5,0,4,5.0,6.0,ПДК,,,,,,,,
2851,2012-01-31,5000000000,Приморский край,р. Амур,БПК5,0,2,6.0,14.0,ПДК,,,,,,,,
2856,2012-01-31,88000000000,Республика Марий Эл,р. Волга,Взвешенные вещества,0,1,11.0,11.0,ПДК,,,,,,,,
2859,2012-01-31,65000000000,Свердловская область,р. Кама,Взвешенные вещества,0,1,13.0,13.0,ПДК,,,,,,,,
2866,2012-01-31,65000000000,Свердловская область,р. Обь,Взвешенные вещества,0,13,10.0,35.0,ПДК,,,,,,,,
2876,2012-02-29,25000000000,Иркутская область,р. Енисей,Взвешенные вещества,0,2,12.0,13.0,ПДК,,,,,,,,
2879,2012-02-29,33000000000,Кировская область,р. Волга,Взвешенные вещества,0,3,21.0,28.0,ПДК,,,,,,,,
2880,2012-02-29,37000000000,Курганская область,р. Обь,Взвешенные вещества,0,2,21.0,23.0,ПДК,,,,,,,,
2882,2012-02-29,41000000000,Ленинградская область,"малые реки, озера, водохранилища",ХПК,0,1,13.0,13.0,ПДК,,,,,,,,
2885,2012-02-29,46000000000,Московская область,р. Волга,БПК5,0,7,5.0,15.0,ПДК,,,,,,,,
2888,2012-02-29,47000000000,Мурманская область,"малые реки, озера, водохранилища",АСПАВ,4,1,17.3,17.3,ПДК,,,,,,,,
2889,2012-02-29,47000000000,Мурманская область,"малые реки, озера, водохранилища",ХПК,0,1,11.0,11.0,ПДК,,,,,,,,
2895,2012-02-29,22000000000,Нижегородская область,р. Волга,Взвешенные вещества,0,3,11.0,14.0,ПДК,,,,,,,,
2898,2012-02-29,52000000000,Омская область,р. Обь,ХПК,0,1,11.0,11.0,ПДК,,,,,,,,
2901,2012-02-29,52000000000,Омская область,"малые реки, озера, водохранилища",ХПК,0,3,11.0,13.0,ПДК,,,,,,,,
2903,2012-02-29,57000000000,Пермский край,р. Волга,Взвешенные вещества,0,5,10.0,49.0,ПДК,,,,,,,,
2905,2012-02-29,57000000000,Пермский край,р. Кама,Взвешенные вещества,0,3,11.0,28.0,ПДК,,,,,,,,
2913,2012-02-29,5000000000,Приморский край,р. Амур,ХПК,0,1,11.0,11.0,ПДК,,,,,,,,
2924,2012-02-29,36000000000,Самарская область,р. Волга,БПК5,0,1,7.0,7.0,ПДК,,,,,,,,
2929,2012-02-29,65000000000,Свердловская область,р. Обь,Взвешенные вещества,0,3,11.0,23.0,ПДК,,,,,,,,
2933,2012-02-29,66000000000,Смоленская область,р. Днепр,БПК5,0,1,5.0,5.0,ПДК,,,,,,,,
2940,2012-02-29,71000000000,Тюменская область,"малые реки, озера, водохранилища",ХПК,0,1,15.0,15.0,ПДК,,,,,,,,
2941,2012-02-29,94000000000,Удмуртская Республика,р. Волга,Взвешенные вещества,0,1,11.0,11.0,ПДК,,,,,,,,
2944,2012-02-29,75000000000,Челябинская область,р. Кама,Взвешенные вещества,0,1,13.0,13.0,ПДК,,,,,,,,
2948,2012-02-29,75000000000,Челябинская область,р. Обь,Взвешенные вещества,0,5,10.0,13.0,ПДК,,,,,,,,
2955,2012-03-31,19000000000,Вологодская область,р. Северная Двина,ХПК,0,1,19.0,19.0,ПДК,,,,,,,,
2964,2012-03-31,25000000000,Иркутская область,р. Енисей,Взвешенные вещества,0,1,16.0,16.0,ПДК,,,,,,,,
2968,2012-03-31,32000000000,Кемеровская область - Кузбасс,р. Обь,ХПК,0,1,11.0,11.0,ПДК,,,,,,,,
2970,2012-03-31,33000000000,Кировская область,р. Волга,Взвешенные вещества,0,3,11.0,16.0,ПДК,,,,,,,,
2971,2012-03-31,33000000000,Кировская область,р. Северная Двина,Взвешенные вещества,0,2,12.0,14.0,ПДК,,,,,,,,
2976,2012-03-31,37000000000,Курганская область,р. Обь,Взвешенные вещества,0,1,23.0,23.0,ПДК,,,,,,,,
2978,2012-03-31,46000000000,Московская область,р. Волга,ХПК,0,1,10.0,10.0,ПДК,,,,,,,,
2979,2012-03-31,46000000000,Московская область,р. Волга,БПК5,0,5,5.0,13.0,ПДК,,,,,,,,
2986,2012-03-31,47000000000,Мурманская область,"малые реки, озера, водохранилища",БПК5,0,1,7.0,7.0,ПДК,,,,,,,,
2988,2012-03-31,22000000000,Нижегородская область,р. Волга,Взвешенные вещества,0,4,12.0,43.0,ПДК,,,,,,,,
3001,2012-03-31,57000000000,Пермский край,р. Волга,Взвешенные вещества,0,3,11.0,12.0,ПДК,,,,,,,,
3007,2012-03-31,5000000000,Приморский край,р. Амур,БПК5,0,3,3.0,18.0,ПДК,,,,,,,,
3013,2012-03-31,5000000000,Приморский край,"малые реки, озера, водохранилища",БПК5,0,1,10.0,10.0,ПДК,,,,,,,,
3016,2012-03-31,90000000000,Республика Северная Осетия-Алания,р. Терек,БПК5,0,2,5.0,18.0,ПДК,,,,,,,,
3021,2012-03-31,64000000000,Сахалинская область,"малые реки, озера, водохранилища",БПК5,0,1,9.0,9.0,ПДК,,,,,,,,
3022,2012-03-31,65000000000,Свердловская область,р. Кама,Взвешенные вещества,0,3,12.0,20.0,ПДК,,,,,,,,
3031,2012-03-31,65000000000,Свердловская область,р. Обь,Взвешенные вещества,0,12,10.0,29.0,ПДК,,,,,,,,
3039,2012-03-31,75000000000,Челябинская область,р. Кама,Взвешенные вещества,0,1,10.0,10.0,ПДК,,,,,,,,
3041,2012-03-31,75000000000,Челябинская область,р. Обь,Взвешенные вещества,0,2,19.0,22.0,ПДК,,,,,,,,
3046,2012-04-30,19000000000,Вологодская область,р. Северная Двина,БПК5,0,1,10.0,10.0,ПДК,,,,,,,,
3051,2012-04-30,25000000000,Иркутская область,р. Енисей,Взвешенные вещества,0,8,14.0,47.0,ПДК,,,,,,,,
3053,2012-04-30,33000000000,Кировская область,р. Волга,Взвешенные вещества,0,15,10.0,48.0,ПДК,,,,,,,,
3062,2012-04-30,37000000000,Курганская область,р. Обь,Взвешенные вещества,0,4,10.0,29.0,ПДК,,,,,,,,
3066,2012-04-30,46000000000,Московская область,р. Волга,БПК5,0,4,6.0,8.0,ПДК,,,,,,,,
3072,2012-04-30,47000000000,Мурманская область,"малые реки, озера, водохранилища",БПК5,0,1,6.0,6.0,ПДК,,,,,,,,
3076,2012-04-30,22000000000,Нижегородская область,р. Волга,БПК5,0,1,5.0,5.0,ПДК,,,,,,,,
3077,2012-04-30,22000000000,Нижегородская область,р. Волга,Взвешенные вещества,0,14,11.0,23.0,ПДК,,,,,,,,
3078,2012-04-30,50000000000,Новосибирская область,"малые реки, озера, водохранилища",ХПК,0,3,10.0,17.0,ПДК,,,,,,,,
3082,2012-04-30,57000000000,Пермский край,р. Волга,Взвешенные вещества,0,8,11.0,39.0,ПДК,,,,,,,,
3083,2012-04-30,57000000000,Пермский край,р. Кама,Взвешенные вещества,0,4,12.0,29.0,ПДК,,,,,,,,
3087,2012-04-30,5000000000,Приморский край,р. Амур,БПК5,0,1,19.0,19.0,ПДК,,,,,,,,
3089,2012-04-30,5000000000,Приморский край,"малые реки, озера, водохранилища",БПК5,0,1,6.0,6.0,ПДК,,,,,,,,
3095,2012-04-30,88000000000,Республика Марий Эл,р. Волга,Взвешенные вещества,0,1,20.0,20.0,ПДК,,,,,,,,
3104,2012-04-30,65000000000,Свердловская область,р. Кама,Взвешенные вещества,0,8,11.0,49.0,ПДК,,,,,,,,
3107,2012-04-30,65000000000,Свердловская область,р. Обь,Взвешенные вещества,0,24,10.0,47.0,ПДК,,,,,,,,
3115,2012-04-30,94000000000,Удмуртская Республика,р. Волга,Взвешенные вещества,0,4,14.0,37.0,ПДК,,,,,,,,
3116,2012-04-30,94000000000,Удмуртская Республика,р. Северная Двина,Взвешенные вещества,0,1,27.0,27.0,ПДК,,,,,,,,
3119,2012-04-30,75000000000,Челябинская область,р. Кама,Взвешенные вещества,0,1,14.0,14.0,ПДК,,,,,,,,
3123,2012-04-30,75000000000,Челябинская область,р. Обь,Взвешенные вещества,0,21,10.0,45.0,ПДК,,,,,,,,
3125,2012-04-30,75000000000,Челябинская область,р. Урал,Взвешенные вещества,0,8,11.0,28.0,ПДК,,,,,,,,
3130,2012-05-31,19000000000,Вологодская область,р. Северная Двина,ХПК,0,1,12.0,12.0,ПДК,,,,,,,,
3133,2012-05-31,19000000000,Вологодская область,р. Северная Двина,БПК5,0,1,10.0,10.0,ПДК,,,,,,,,
3135,2012-05-31,25000000000,Иркутская область,р. Енисей,Взвешенные вещества,0,11,12.0,42.0,ПДК,,,,,,,,
3136,2012-05-31,25000000000,Иркутская область,р. Лена,Взвешенные вещества,0,3,15.0,23.0,ПДК,,,,,,,,
3138,2012-05-31,33000000000,Кировская область,р. Волга,Взвешенные вещества,0,20,10.0,49.0,ПДК,,,,,,,,
3139,2012-05-31,33000000000,Кировская область,р. Северная Двина,Взвешенные вещества,0,1,19.0,19.0,ПДК,,,,,,,,
3142,2012-05-31,37000000000,Курганская область,р. Обь,Взвешенные вещества,0,3,11.0,14.0,ПДК,,,,,,,,
3149,2012-05-31,46000000000,Московская область,р. Волга,БПК5,0,6,5.0,14.0,ПДК,,,,,,,,
3156,2012-05-31,22000000000,Нижегородская область,р. Волга,Взвешенные вещества,0,20,10.0,46.0,ПДК,,,,,,,,
3162,2012-05-31,57000000000,Пермский край,р. Волга,Взвешенные вещества,0,8,12.0,48.0,ПДК,,,,,,,,
3164,2012-05-31,57000000000,Пермский край,р. Кама,Взвешенные вещества,0,2,28.0,41.0,ПДК,,,,,,,,
3169,2012-05-31,5000000000,Приморский край,р. Амур,БПК5,0,1,15.0,15.0,ПДК,,,,,,,,
3172,2012-05-31,65000000000,Свердловская область,р. Волга,Взвешенные вещества,0,1,21.0,21.0,ПДК,,,,,,,,
3173,2012-05-31,65000000000,Свердловская область,р. Кама,Взвешенные вещества,0,6,10.0,18.0,ПДК,,,,,,,,
3177,2012-05-31,65000000000,Свердловская область,р. Обь,Взвешенные вещества,0,36,12.0,50.0,ПДК,,,,,,,,
3180,2012-05-31,94000000000,Удмуртская Республика,р. Волга,Взвешенные вещества,0,3,11.0,15.0,ПДК,,,,,,,,
3181,2012-05-31,8000000000,Хабаровский край,р. Амур,БПК5,0,2,6.0,8.0,ПДК,,,,,,,,
3182,2012-05-31,75000000000,Челябинская область,р. Кама,Взвешенные вещества,0,5,12.0,26.0,ПДК,,,,,,,,
3188,2012-05-31,75000000000,Челябинская область,р. Обь,Взвешенные вещества,0,14,11.0,25.0,ПДК,,,,,,,,
3189,2012-05-31,75000000000,Челябинская область,р. Урал,Взвешенные вещества,0,2,10.0,14.0,ПДК,,,,,,,,
3194,2012-06-30,19000000000,Вологодская область,р. Северная Двина,ХПК,0,1,16.0,16.0,ПДК,,,,,,,,
3197,2012-06-30,25000000000,Иркутская область,р. Енисей,Взвешенные вещества,0,13,11.0,43.0,ПДК,,,,,,,,
3198,2012-06-30,33000000000,Кировская область,р. Волга,Взвешенные вещества,0,7,10.0,15.0,ПДК,,,,,,,,
3199,2012-06-30,33000000000,Кировская область,р. Северная Двина,Взвешенные вещества,0,1,10.0,10.0,ПДК,,,,,,,,
3202,2012-06-30,37000000000,Курганская область,р. Обь,Взвешенные вещества,0,4,12.0,20.0,ПДК,,,,,,,,
3205,2012-06-30,46000000000,Московская область,р. Волга,БПК5,0,4,6.0,9.0,ПДК,,,,,,,,
3211,2012-06-30,22000000000,Нижегородская область,р. Волга,Взвешенные вещества,0,11,10.0,27.0,ПДК,,,,,,,,
3215,2012-06-30,57000000000,Пермский край,р. Волга,Взвешенные вещества,0,7,12.0,27.0,ПДК,,,,,,,,
3217,2012-06-30,5000000000,Приморский край,р. Амур,БПК5,0,1,11.0,11.0,ПДК,,,,,,,,
3218,2012-06-30,88000000000,Республика Марий Эл,р. Волга,Взвешенные вещества,0,1,25.0,25.0,ПДК,,,,,,,,
3223,2012-06-30,65000000000,Свердловская область,р. Волга,Взвешенные вещества,0,7,12.0,34.0,ПДК,,,,,,,,
3224,2012-06-30,65000000000,Свердловская область,р. Обь,Взвешенные вещества,0,33,11.0,48.0,ПДК,,,,,,,,
3228,2012-06-30,94000000000,Удмуртская Республика,р. Волга,Взвешенные вещества,0,6,11.0,37.0,ПДК,,,,,,,,
3229,2012-06-30,94000000000,Удмуртская Республика,р. Северная Двина,Взвешенные вещества,0,1,12.0,12.0,ПДК,,,,,,,,
3232,2012-06-30,8000000000,Хабаровский край,р. Амур,БПК5,0,2,5.0,6.0,ПДК,,,,,,,,
3234,2012-06-30,75000000000,Челябинская область,р. Волга,Взвешенные вещества,0,1,19.0,19.0,ПДК,,,,,,,,
3236,2012-06-30,75000000000,Челябинская область,р. Обь,Взвешенные вещества,0,9,11.0,47.0,ПДК,,,,,,,,
3239,2012-06-30,75000000000,Челябинская область,р. Урал,Взвешенные вещества,0,5,11.0,17.0,ПДК,,,,,,,,
3243,2012-07-31,19000000000,Вологодская область,р. Северная Двина,ХПК,0,1,11.0,11.0,ПДК,,,,,,,,
3244,2012-07-31,19000000000,Вологодская область,р. Северная Двина,БПК5,0,2,5.0,14.0,ПДК,,,,,,,,
3247,2012-07-31,25000000000,Иркутская область,р. Енисей,Взвешенные вещества,0,9,12.0,38.0,ПДК,,,,,,,,
3248,2012-07-31,25000000000,Иркутская область,р. Лена,Взвешенные вещества,0,1,14.0,14.0,ПДК,,,,,,,,
3250,2012-07-31,33000000000,Кировская область,р. Волга,Взвешенные вещества,0,15,10.0,25.0,ПДК,,,,,,,,
3251,2012-07-31,33000000000,Кировская область,р. Северная Двина,Взвешенные вещества,0,2,14.0,25.0,ПДК,,,,,,,,
3252,2012-07-31,37000000000,Курганская область,р. Обь,Взвешенные вещества,0,1,48.0,48.0,ПДК,,,,,,,,
3256,2012-07-31,46000000000,Московская область,р. Волга,БПК5,0,3,5.0,6.0,ПДК,,,,,,,,
3264,2012-07-31,47000000000,Мурманская область,"малые реки, озера, водохранилища",БПК5,0,1,10.0,10.0,ПДК,,,,,,,,
3265,2012-07-31,22000000000,Нижегородская область,р. Волга,Взвешенные вещества,0,13,10.0,19.0,ПДК,,,,,,,,
3272,2012-07-31,57000000000,Пермский край,р. Волга,Взвешенные вещества,0,6,10.0,19.0,ПДК,,,,,,,,
3273,2012-07-31,57000000000,Пермский край,р. Кама,Взвешенные вещества,0,2,30.0,34.0,ПДК,,,,,,,,
3277,2012-07-31,5000000000,Приморский край,р. Амур,БПК5,0,2,6.0,9.0,ПДК,,,,,,,,
3280,2012-07-31,88000000000,Республика Марий Эл,р. Волга,Взвешенные вещества,0,1,17.0,17.0,ПДК,,,,,,,,
3283,2012-07-31,65000000000,Свердловская область,р. Кама,Взвешенные вещества,0,4,13.0,28.0,ПДК,,,,,,,,
3286,2012-07-31,65000000000,Свердловская область,р. Обь,Взвешенные вещества,0,29,11.0,46.0,ПДК,,,,,,,,
3289,2012-07-31,66000000000,Смоленская область,р. Днепр,БПК5,0,1,6.0,6.0,ПДК,,,,,,,,
3293,2012-07-31,94000000000,Удмуртская Республика,р. Волга,Взвешенные вещества,0,8,11.0,35.0,ПДК,,,,,,,,
3294,2012-07-31,94000000000,Удмуртская Республика,р. Северная Двина,Взвешенные вещества,0,1,17.0,17.0,ПДК,,,,,,,,
3295,2012-07-31,8000000000,Хабаровский край,р. Амур,БПК5,0,1,8.0,8.0,ПДК,,,,,,,,
3299,2012-07-31,75000000000,Челябинская область,р. Кама,Взвешенные вещества,0,3,12.0,15.0,ПДК,,,,,,,,
3300,2012-07-31,75000000000,Челябинская область,р. Обь,Взвешенные вещества,0,7,11.0,36.0,ПДК,,,,,,,,
3305,2012-07-31,75000000000,Челябинская область,р. Урал,Взвешенные вещества,0,2,11.0,12.0,ПДК,,,,,,,,
3306,2012-07-31,96000000000,Чеченская Республика,р. Терек,Взвешенные вещества,0,3,27.0,48.0,ПДК,,,,,,,,
3311,2012-08-31,19000000000,Вологодская область,р. Северная Двина,БПК5,0,2,6.0,8.0,ПДК,,,,,,,,
3314,2012-08-31,25000000000,Иркутская область,р. Енисей,Взвешенные вещества,0,5,11.0,27.0,ПДК,,,,,,,,
3316,2012-08-31,33000000000,Кировская область,р. Волга,Взвешенные вещества,0,7,10.0,16.0,ПДК,,,,,,,,
3318,2012-08-31,37000000000,Курганская область,р. Обь,Взвешенные вещества,0,4,10.0,50.0,ПДК,,,,,,,,
3328,2012-08-31,22000000000,Нижегородская область,р. Волга,Взвешенные вещества,0,17,10.0,39.0,ПДК,,,,,,,,
3333,2012-08-31,52000000000,Омская область,"малые реки, озера, водохранилища",ХПК,0,2,14.0,14.0,ПДК,,,,,,,,
3335,2012-08-31,57000000000,Пермский край,р. Волга,Взвешенные вещества,0,4,13.0,42.0,ПДК,,,,,,,,
3341,2012-08-31,5000000000,Приморский край,р. Амур,БПК5,0,1,12.0,12.0,ПДК,,,,,,,,
3344,2012-08-31,88000000000,Республика Марий Эл,р. Волга,Взвешенные вещества,0,1,22.0,22.0,ПДК,,,,,,,,
3347,2012-08-31,89000000000,Республика Мордовия,р. Волга,БПК5,0,1,18.0,18.0,ПДК,,,,,,,,
3351,2012-08-31,36000000000,Самарская область,р. Волга,БПК5,0,2,5.0,6.0,ПДК,,,,,,,,
3354,2012-08-31,65000000000,Свердловская область,р. Кама,Взвешенные вещества,0,2,11.0,12.0,ПДК,,,,,,,,
3355,2012-08-31,65000000000,Свердловская область,р. Обь,Взвешенные вещества,0,15,12.0,41.0,ПДК,,,,,,,,
3362,2012-08-31,94000000000,Удмуртская Республика,р. Северная Двина,Взвешенные вещества,0,1,11.0,11.0,ПДК,,,,,,,,
3364,2012-08-31,8000000000,Хабаровский край,р. Амур,БПК5,0,1,9.0,9.0,ПДК,,,,,,,,
3365,2012-08-31,75000000000,Челябинская область,р. Кама,Взвешенные вещества,0,4,10.0,13.0,ПДК,,,,,,,,
3367,2012-08-31,75000000000,Челябинская область,р. Обь,Взвешенные вещества,0,8,11.0,23.0,ПДК,,,,,,,,
3368,2012-08-31,75000000000,Челябинская область,р. Урал,Взвешенные вещества,0,3,10.0,11.0,ПДК,,,,,,,,
3370,2012-09-30,19000000000,Вологодская область,р. Северная Двина,ХПК,0,1,13.0,13.0,ПДК,,,,,,,,
3373,2012-09-30,25000000000,Иркутская область,р. Енисей,Взвешенные вещества,0,6,11.0,35.0,ПДК,,,,,,,,
3374,2012-09-30,33000000000,Кировская область,р. Волга,Взвешенные вещества,0,15,10.0,37.0,ПДК,,,,,,,,
3375,2012-09-30,33000000000,Кировская область,р. Кама,Взвешенные вещества,0,1,25.0,25.0,ПДК,,,,,,,,
3376,2012-09-30,33000000000,Кировская область,р. Северная Двина,Взвешенные вещества,0,3,14.0,14.0,ПДК,,,,,,,,
3378,2012-09-30,37000000000,Курганская область,р. Обь,Взвешенные вещества,0,2,17.0,26.0,ПДК,,,,,,,,
3387,2012-09-30,22000000000,Нижегородская область,р. Волга,Взвешенные вещества,0,12,11.0,24.0,ПДК,,,,,,,,
3391,2012-09-30,57000000000,Пермский край,р. Волга,Взвешенные вещества,0,4,16.0,39.0,ПДК,,,,,,,,
3393,2012-09-30,57000000000,Пермский край,р. Кама,Взвешенные вещества,0,1,14.0,14.0,ПДК,,,,,,,,
3396,2012-09-30,88000000000,Республика Марий Эл,р. Волга,Взвешенные вещества,0,1,16.0,16.0,ПДК,,,,,,,,
3397,2012-09-30,90000000000,Республика Северная Осетия-Алания,р. Терек,БПК5,0,3,8.0,9.0,ПДК,,,,,,,,
3401,2012-09-30,64000000000,Сахалинская область,"малые реки, озера, водохранилища",БПК5,0,1,6.0,6.0,ПДК,,,,,,,,
3402,2012-09-30,65000000000,Свердловская область,р. Обь,Взвешенные вещества,0,9,14.0,50.0,ПДК,,,,,,,,
3408,2012-09-30,94000000000,Удмуртская Республика,р. Волга,Взвешенные вещества,0,2,14.0,18.0,ПДК,,,,,,,,
3409,2012-09-30,8000000000,Хабаровский край,р. Амур,БПК5,0,2,6.0,8.0,ПДК,,,,,,,,
3413,2012-09-30,75000000000,Челябинская область,р. Кама,Взвешенные вещества,0,3,10.0,13.0,ПДК,,,,,,,,
3415,2012-09-30,75000000000,Челябинская область,р. Обь,Взвешенные вещества,0,7,10.0,29.0,ПДК,,,,,,,,
3416,2012-09-30,75000000000,Челябинская область,р. Урал,Взвешенные вещества,0,5,11.0,19.0,ПДК,,,,,,,,
3419,2012-10-31,19000000000,Вологодская область,р. Северная Двина,БПК5,0,1,5.0,5.0,ПДК,,,,,,,,
3420,2012-10-31,25000000000,Иркутская область,р. Енисей,Взвешенные вещества,0,4,12.0,45.0,ПДК,,,,,,,,
3421,2012-10-31,33000000000,Кировская область,р. Волга,Взвешенные вещества,0,2,11.0,11.0,ПДК,,,,,,,,
3422,2012-10-31,33000000000,Кировская область,р. Кама,ХПК,0,1,14.0,14.0,ПДК,,,,,,,,
3424,2012-10-31,33000000000,Кировская область,р. Кама,БПК5,0,1,10.0,10.0,ПДК,,,,,,,,
3426,2012-10-31,37000000000,Курганская область,р. Обь,Взвешенные вещества,0,4,10.0,44.0,ПДК,,,,,,,,
3428,2012-10-31,41000000000,Ленинградская область,"малые реки, озера, водохранилища",ХПК,0,1,11.0,11.0,ПДК,,,,,,,,
3437,2012-10-31,22000000000,Нижегородская область,р. Волга,Взвешенные вещества,0,5,11.0,33.0,ПДК,,,,,,,,
3439,2012-10-31,57000000000,Пермский край,р. Волга,Взвешенные вещества,0,3,14.0,18.0,ПДК,,,,,,,,
3440,2012-10-31,57000000000,Пермский край,р. Кама,Взвешенные вещества,0,4,13.0,22.0,ПДК,,,,,,,,
3443,2012-10-31,5000000000,Приморский край,р. Амур,БПК5,0,1,14.0,14.0,ПДК,,,,,,,,
3444,2012-10-31,88000000000,Республика Марий Эл,р. Волга,Взвешенные вещества,0,1,20.0,20.0,ПДК,,,,,,,,
3447,2012-10-31,65000000000,Свердловская область,р. Кама,Взвешенные вещества,0,3,10.0,30.0,ПДК,,,,,,,,
3449,2012-10-31,65000000000,Свердловская область,р. Обь,Взвешенные вещества,0,9,11.0,44.0,ПДК,,,,,,,,
3452,2012-10-31,70000000000,Тульская область,р. Волга,БПК5,0,1,7.0,7.0,ПДК,,,,,,,,
3455,2012-10-31,94000000000,Удмуртская Республика,р. Волга,Взвешенные вещества,0,1,20.0,20.0,ПДК,,,,,,,,
3458,2012-10-31,8000000000,Хабаровский край,р. Амур,БПК5,0,1,9.0,9.0,ПДК,,,,,,,,
3459,2012-10-31,75000000000,Челябинская область,р. Кама,Взвешенные вещества,0,2,10.0,22.0,ПДК,,,,,,,,
3460,2012-10-31,75000000000,Челябинская область,р. Обь,Взвешенные вещества,0,10,10.0,38.0,ПДК,,,,,,,,
3461,2012-10-31,75000000000,Челябинская область,р. Урал,Взвешенные вещества,0,4,11.0,18.0,ПДК,,,,,,,,
3465,2012-11-30,19000000000,Вологодская область,р. Северная Двина,БПК5,0,1,14.0,14.0,ПДК,,,,,,,,
3466,2012-11-30,25000000000,Иркутская область,р. Енисей,Взвешенные вещества,0,4,14.0,40.0,ПДК,,,,,,,,
3467,2012-11-30,33000000000,Кировская область,р. Волга,Взвешенные вещества,0,11,11.0,40.0,ПДК,,,,,,,,
3468,2012-11-30,33000000000,Кировская область,р. Кама,Взвешенные вещества,0,1,40.0,40.0,ПДК,,,,,,,,
3469,2012-11-30,37000000000,Курганская область,р. Обь,Взвешенные вещества,0,4,17.0,23.0,ПДК,,,,,,,,
3473,2012-11-30,46000000000,Московская область,р. Волга,БПК5,0,2,5.0,6.0,ПДК,,,,,,,,
3476,2012-11-30,47000000000,Мурманская область,"малые реки, озера, водохранилища",АСПАВ,4,1,13.0,13.0,ПДК,,,,,,,,
3479,2012-11-30,22000000000,Нижегородская область,р. Волга,Взвешенные вещества,0,8,11.0,16.0,ПДК,,,,,,,,
3483,2012-11-30,57000000000,Пермский край,р. Волга,Взвешенные вещества,0,6,12.0,46.0,ПДК,,,,,,,,
3485,2012-11-30,57000000000,Пермский край,р. Кама,Взвешенные вещества,0,2,10.0,13.0,ПДК,,,,,,,,
3488,2012-11-30,88000000000,Республика Марий Эл,р. Волга,Взвешенные вещества,0,2,12.0,27.0,ПДК,,,,,,,,
3490,2012-11-30,90000000000,Республика Северная Осетия-Алания,р. Терек,БПК5,0,1,12.0,12.0,ПДК,,,,,,,,
3491,2012-11-30,36000000000,Самарская область,р. Волга,БПК5,0,1,5.0,5.0,ПДК,,,,,,,,
3493,2012-11-30,65000000000,Свердловская область,р. Волга,Взвешенные вещества,0,1,25.0,25.0,ПДК,,,,,,,,
3494,2012-11-30,65000000000,Свердловская область,р. Кама,Взвешенные вещества,0,2,12.0,12.0,ПДК,,,,,,,,
3495,2012-11-30,65000000000,Свердловская область,р. Обь,Взвешенные вещества,0,16,11.0,36.0,ПДК,,,,,,,,
3499,2012-11-30,94000000000,Удмуртская Республика,р. Волга,Взвешенные вещества,0,3,23.0,39.0,ПДК,,,,,,,,
3500,2012-11-30,75000000000,Челябинская область,р. Кама,Взвешенные вещества,0,1,13.0,13.0,ПДК,,,,,,,,
3503,2012-11-30,75000000000,Челябинская область,р. Обь,Взвешенные вещества,0,5,11.0,29.0,ПДК,,,,,,,,
3505,2012-12-31,19000000000,Вологодская область,р. Северная Двина,ХПК,0,1,11.0,11.0,ПДК,,,,,,,,
3507,2012-12-31,25000000000,Иркутская область,р. Енисей,Взвешенные вещества,0,1,28.0,28.0,ПДК,,,,,,,,
3508,2012-12-31,33000000000,Кировская область,р. Волга,Взвешенные вещества,0,10,11.0,41.0,ПДК,,,,,,,,
3509,2012-12-31,33000000000,Кировская область,р. Северная Двина,Взвешенные вещества,0,1,19.0,19.0,ПДК,,,,,,,,
3510,2012-12-31,37000000000,Курганская область,р. Обь,Взвешенные вещества,0,2,11.0,17.0,ПДК,,,,,,,,
3513,2012-12-31,41000000000,Ленинградская область,"малые реки, озера, водохранилища",ХПК,0,1,11.0,11.0,ПДК,,,,,,,,
3514,2012-12-31,46000000000,Московская область,р. Волга,БПК5,0,4,6.0,7.0,ПДК,,,,,,,,
3520,2012-12-31,22000000000,Нижегородская область,р. Волга,Взвешенные вещества,0,16,10.0,33.0,ПДК,,,,,,,,
3525,2012-12-31,57000000000,Пермский край,р. Волга,Взвешенные вещества,0,2,10.0,37.0,ПДК,,,,,,,,
3526,2012-12-31,57000000000,Пермский край,р. Кама,Взвешенные вещества,0,4,11.0,38.0,ПДК,,,,,,,,
3532,2012-12-31,5000000000,Приморский край,р. Амур,БПК5,0,1,10.0,10.0,ПДК,,,,,,,,
3535,2012-12-31,88000000000,Республика Марий Эл,р. Волга,Взвешенные вещества,0,2,19.0,33.0,ПДК,,,,,,,,
3538,2012-12-31,65000000000,Свердловская область,р. Кама,Взвешенные вещества,0,2,12.0,14.0,ПДК,,,,,,,,
3544,2012-12-31,65000000000,Свердловская область,р. Обь,Взвешенные вещества,0,13,10.0,31.0,ПДК,,,,,,,,
3546,2012-12-31,94000000000,Удмуртская Республика,р. Волга,Взвешенные вещества,0,1,13.0,13.0,ПДК,,,,,,,,
3547,2012-12-31,75000000000,Челябинская область,р. Кама,Взвешенные вещества,0,2,14.0,28.0,ПДК,,,,,,,,
3551,2012-12-31,75000000000,Челябинская область,р. Обь,Взвешенные вещества,0,2,17.0,20.0,ПДК,,,,,,,,
3553,2013-01-31,19000000000,Вологодская область,р. Северная Двина,ХПК,0,1,28.0,28.0,ПДК,,,,,,,,
3556,2013-01-31,33000000000,Кировская область,р. Волга,Взвешенные вещества,0,3,12.0,13.0,ПДК,,,,,,,,
3557,2013-01-31,33000000000,Кировская область,р. Северная Двина,Взвешенные вещества,0,2,33.0,41.0,ПДК,,,,,,,,
3558,2013-01-31,37000000000,Курганская область,р. Обь,ХПК,0,2,10.0,13.0,ПДК,,,,,,,,
3562,2013-01-31,46000000000,Московская область,р. Волга,БПК5,0,3,5.0,8.0,ПДК,,,,,,,,
3569,2013-01-31,22000000000,Нижегородская область,р. Волга,Взвешенные вещества,0,5,13.0,21.0,ПДК,,,,,,,,
3580,2013-01-31,57000000000,Пермский край,р. Кама,Взвешенные вещества,0,1,32.0,32.0,ПДК,,,,,,,,
3582,2013-01-31,5000000000,Приморский край,р. Амур,БПК5,0,1,14.0,14.0,ПДК,,,,,,,,
3583,2013-01-31,88000000000,Республика Марий Эл,р. Волга,Взвешенные вещества,0,3,11.0,20.0,ПДК,,,,,,,,
3592,2013-01-31,65000000000,Свердловская область,р. Обь,Взвешенные вещества,0,2,21.0,37.0,ПДК,,,,,,,,
3595,2013-01-31,70000000000,Тульская область,р. Волга,БПК5,0,1,10.0,10.0,ПДК,,,,,,,,
3597,2013-01-31,94000000000,Удмуртская Республика,р. Волга,Взвешенные вещества,0,1,32.0,32.0,ПДК,,,,,,,,
3598,2013-01-31,75000000000,Челябинская область,р. Волга,Взвешенные вещества,0,1,15.0,15.0,ПДК,,,,,,,,
3601,2013-02-28,19000000000,Вологодская область,р. Северная Двина,ХПК,0,1,17.0,17.0,ПДК,,,,,,,,
3604,2013-02-28,33000000000,Кировская область,р. Северная Двина,Взвешенные вещества,0,1,10.0,10.0,ПДК,,,,,,,,
3607,2013-02-28,37000000000,Курганская область,р. Обь,Взвешенные вещества,0,3,11.0,20.0,ПДК,,,,,,,,
3611,2013-02-28,46000000000,Московская область,р. Волга,БПК5,0,1,6.0,6.0,ПДК,,,,,,,,
3614,2013-02-28,47000000000,Мурманская область,"малые реки, озера, водохранилища",ХПК,0,1,11.0,11.0,ПДК,,,,,,,,
3623,2013-02-28,22000000000,Нижегородская область,р. Волга,Взвешенные вещества,0,4,10.0,34.0,ПДК,,,,,,,,
3634,2013-02-28,5000000000,Приморский край,р. Амур,БПК5,0,2,9.0,20.0,ПДК,,,,,,,,
3639,2013-02-28,88000000000,Республика Марий Эл,р. Волга,Взвешенные вещества,0,2,17.0,23.0,ПДК,,,,,,,,
3645,2013-02-28,65000000000,Свердловская область,р. Обь,Взвешенные вещества,0,4,10.0,13.0,ПДК,,,,,,,,
3649,2013-02-28,70000000000,Тульская область,р. Волга,БПК5,0,1,6.0,6.0,ПДК,,,,,,,,
3653,2013-02-28,71000000000,Тюменская область,"малые реки, озера, водохранилища",ХПК,0,1,16.0,16.0,ПДК,,,,,,,,
3654,2013-02-28,75000000000,Челябинская область,р. Обь,Взвешенные вещества,0,4,12.0,17.0,ПДК,,,,,,,,
3662,2013-03-31,19000000000,Вологодская область,р. Северная Двина,ХПК,0,1,15.0,15.0,ПДК,,,,,,,,
3664,2013-03-31,25000000000,Иркутская область,р. Енисей,Взвешенные вещества,0,4,10.0,28.0,ПДК,,,,,,,,
3667,2013-03-31,33000000000,Кировская область,р. Северная Двина,Взвешенные вещества,0,1,15.0,15.0,ПДК,,,,,,,,
3668,2013-03-31,3000000000,Краснодарский край,"малые реки, озера, водохранилища",Взвешенные вещества,0,1,45.0,45.0,ПДК,,,,,,,,
3671,2013-03-31,37000000000,Курганская область,р. Обь,Взвешенные вещества,0,2,15.0,42.0,ПДК,,,,,,,,
3672,2013-03-31,46000000000,Московская область,р. Волга,БПК5,0,8,5.0,13.0,ПДК,,,,,,,,
3682,2013-03-31,22000000000,Нижегородская область,р. Волга,Взвешенные вещества,0,6,14.0,47.0,ПДК,,,,,,,,
3687,2013-03-31,50000000000,Новосибирская область,"малые реки, озера, водохранилища",Минерализация,0,2,10.0,11.0,ПДК,,,,,,,,
3693,2013-03-31,57000000000,Пермский край,р. Волга,Взвешенные вещества,0,4,10.0,18.0,ПДК,,,,,,,,
3695,2013-03-31,57000000000,Пермский край,р. Кама,Взвешенные вещества,0,3,10.0,18.0,ПДК,,,,,,,,
3697,2013-03-31,5000000000,Приморский край,р. Амур,БПК5,0,1,17.0,17.0,ПДК,,,,,,,,
3702,2013-03-31,88000000000,Республика Марий Эл,р. Волга,Взвешенные вещества,0,2,12.0,15.0,ПДК,,,,,,,,
3707,2013-03-31,65000000000,Свердловская область,р. Волга,Взвешенные вещества,0,1,23.0,23.0,ПДК,,,,,,,,
3710,2013-03-31,65000000000,Свердловская область,р. Кама,Взвешенные вещества,0,3,12.0,20.0,ПДК,,,,,,,,
3714,2013-03-31,65000000000,Свердловская область,р. Обь,Взвешенные вещества,0,22,10.0,49.0,ПДК,,,,,,,,
3716,2013-03-31,70000000000,Тульская область,р. Волга,БПК5,0,1,13.0,13.0,ПДК,,,,,,,,
3720,2013-03-31,70000000000,Тульская область,р. Дон,БПК5,0,1,6.0,6.0,ПДК,,,,,,,,
3724,2013-03-31,75000000000,Челябинская область,р. Кама,Взвешенные вещества,0,1,14.0,14.0,ПДК,,,,,,,,
3726,2013-03-31,75000000000,Челябинская область,р. Обь,Взвешенные вещества,0,5,11.0,38.0,ПДК,,,,,,,,
3728,2013-03-31,75000000000,Челябинская область,р. Урал,Взвешенные вещества,0,4,11.0,14.0,ПДК,,,,,,,,
3739,2013-04-30,25000000000,Иркутская область,р. Енисей,Взвешенные вещества,0,6,10.0,30.0,ПДК,,,,,,,,
3742,2013-04-30,33000000000,Кировская область,р. Волга,Взвешенные вещества,0,14,10.0,48.0,ПДК,,,,,,,,
3743,2013-04-30,33000000000,Кировская область,р. Северная Двина,Взвешенные вещества,0,1,10.0,10.0,ПДК,,,,,,,,
3749,2013-04-30,37000000000,Курганская область,р. Обь,Взвешенные вещества,0,3,14.0,41.0,ПДК,,,,,,,,
3750,2013-04-30,37000000000,Курганская область,р. Обь,ХПК,0,3,12.0,25.0,ПДК,,,,,,,,
3760,2013-04-30,47000000000,Мурманская область,"малые реки, озера, водохранилища",БПК5,0,1,11.0,11.0,ПДК,,,,,,,,
3761,2013-04-30,22000000000,Нижегородская область,р. Волга,Взвешенные вещества,0,9,10.0,49.0,ПДК,,,,,,,,
3768,2013-04-30,50000000000,Новосибирская область,"малые реки, озера, водохранилища",Минерализация,0,1,14.0,14.0,ПДК,,,,,,,,
3772,2013-04-30,57000000000,Пермский край,р. Волга,Взвешенные вещества,0,4,12.0,30.0,ПДК,,,,,,,,
3774,2013-04-30,5000000000,Приморский край,р. Амур,БПК5,0,1,8.0,8.0,ПДК,,,,,,,,
3775,2013-04-30,5000000000,Приморский край,"малые реки, озера, водохранилища",БПК5,0,1,7.0,7.0,ПДК,,,,,,,,
3781,2013-04-30,88000000000,Республика Марий Эл,р. Волга,Взвешенные вещества,0,5,11.0,33.0,ПДК,,,,,,,,
3783,2013-04-30,90000000000,Республика Северная Осетия-Алания,р. Терек,БПК5,0,2,5.0,5.0,ПДК,,,,,,,,
3787,2013-04-30,65000000000,Свердловская область,р. Волга,Взвешенные вещества,0,1,42.0,42.0,ПДК,,,,,,,,
3788,2013-04-30,65000000000,Свердловская область,р. Кама,Взвешенные вещества,0,9,12.0,47.0,ПДК,,,,,,,,
3790,2013-04-30,65000000000,Свердловская область,р. Обь,Взвешенные вещества,0,15,10.0,38.0,ПДК,,,,,,,,
3801,2013-04-30,94000000000,Удмуртская Республика,р. Волга,Взвешенные вещества,0,8,13.0,38.0,ПДК,,,,,,,,
3802,2013-04-30,94000000000,Удмуртская Республика,р. Северная Двина,Взвешенные вещества,0,1,35.0,35.0,ПДК,,,,,,,,
3804,2013-04-30,75000000000,Челябинская область,р. Кама,Взвешенные вещества,0,6,11.0,17.0,ПДК,,,,,,,,
3808,2013-04-30,75000000000,Челябинская область,р. Обь,Взвешенные вещества,0,16,11.0,23.0,ПДК,,,,,,,,
3810,2013-04-30,75000000000,Челябинская область,р. Урал,Взвешенные вещества,0,9,11.0,16.0,ПДК,,,,,,,,
3816,2013-05-31,25000000000,Иркутская область,р. Енисей,Взвешенные вещества,0,11,10.0,44.0,ПДК,,,,,,,,
3817,2013-05-31,33000000000,Кировская область,р. Волга,Взвешенные вещества,0,21,10.0,41.0,ПДК,,,,,,,,
3818,2013-05-31,33000000000,Кировская область,р. Северная Двина,Взвешенные вещества,0,3,12.0,28.0,ПДК,,,,,,,,
3823,2013-05-31,37000000000,Курганская область,р. Обь,Взвешенные вещества,0,7,10.0,46.0,ПДК,,,,,,,,
3828,2013-05-31,46000000000,Московская область,р. Волга,БПК5,0,2,6.0,6.0,ПДК,,,,,,,,
3830,2013-05-31,47000000000,Мурманская область,"малые реки, озера, водохранилища",БПК5,0,1,18.0,18.0,ПДК,,,,,,,,
3835,2013-05-31,22000000000,Нижегородская область,р. Волга,Взвешенные вещества,0,12,10.0,30.0,ПДК,,,,,,,,
3840,2013-05-31,57000000000,Пермский край,р. Волга,Взвешенные вещества,0,17,10.0,30.0,ПДК,,,,,,,,
3841,2013-05-31,57000000000,Пермский край,р. Кама,Взвешенные вещества,0,3,10.0,20.0,ПДК,,,,,,,,
3846,2013-05-31,88000000000,Республика Марий Эл,р. Волга,Взвешенные вещества,0,2,16.0,29.0,ПДК,,,,,,,,
3848,2013-05-31,65000000000,Свердловская область,р. Кама,Взвешенные вещества,0,1,11.0,11.0,ПДК,,,,,,,,
3849,2013-05-31,65000000000,Свердловская область,р. Обь,Взвешенные вещества,0,48,11.0,49.0,ПДК,,,,,,,,
3855,2013-05-31,94000000000,Удмуртская Республика,р. Волга,Взвешенные вещества,0,7,13.0,44.0,ПДК,,,,,,,,
3856,2013-05-31,94000000000,Удмуртская Республика,р. Северная Двина,Взвешенные вещества,0,1,43.0,43.0,ПДК,,,,,,,,
3859,2013-05-31,75000000000,Челябинская область,р. Волга,Взвешенные вещества,0,1,11.0,11.0,ПДК,,,,,,,,
3860,2013-05-31,75000000000,Челябинская область,р. Кама,Взвешенные вещества,0,3,13.0,21.0,ПДК,,,,,,,,
3862,2013-05-31,75000000000,Челябинская область,р. Обь,Взвешенные вещества,0,13,10.0,17.0,ПДК,,,,,,,,
3865,2013-05-31,75000000000,Челябинская область,р. Урал,Взвешенные вещества,0,9,10.0,13.0,ПДК,,,,,,,,
3870,2013-06-30,19000000000,Вологодская область,р. Северная Двина,БПК5,0,1,20.0,20.0,ПДК,,,,,,,,
3875,2013-06-30,25000000000,Иркутская область,р. Енисей,Взвешенные вещества,0,13,10.0,50.0,ПДК,,,,,,,,
3877,2013-06-30,25000000000,Иркутская область,р. Лена,Взвешенные вещества,0,2,19.0,33.0,ПДК,,,,,,,,
3879,2013-06-30,33000000000,Кировская область,р. Кама,БПК5,0,1,14.0,14.0,ПДК,,,,,,,,
3880,2013-06-30,33000000000,Кировская область,р. Кама,Взвешенные вещества,0,1,11.0,11.0,ПДК,,,,,,,,
3884,2013-06-30,37000000000,Курганская область,р. Обь,Взвешенные вещества,0,5,18.0,50.0,ПДК,,,,,,,,
3886,2013-06-30,46000000000,Московская область,р. Волга,БПК5,0,1,5.0,5.0,ПДК,,,,,,,,
3890,2013-06-30,47000000000,Мурманская область,"малые реки, озера, водохранилища",АСПАВ,4,1,17.0,17.0,ПДК,,,,,,,,
3891,2013-06-30,47000000000,Мурманская область,"малые реки, озера, водохранилища",БПК5,0,1,11.0,11.0,ПДК,,,,,,,,
3895,2013-06-30,22000000000,Нижегородская область,р. Волга,Взвешенные вещества,0,7,10.0,20.0,ПДК,,,,,,,,
3897,2013-06-30,57000000000,Пермский край,р. Волга,Взвешенные вещества,0,2,16.0,27.0,ПДК,,,,,,,,
3899,2013-06-30,57000000000,Пермский край,р. Кама,Взвешенные вещества,0,2,14.0,14.0,ПДК,,,,,,,,
3902,2013-06-30,5000000000,Приморский край,р. Амур,БПК5,0,1,18.0,18.0,ПДК,,,,,,,,
3905,2013-06-30,5000000000,Приморский край,"малые реки, озера, водохранилища",БПК5,0,1,6.0,6.0,ПДК,,,,,,,,
3907,2013-06-30,87000000000,Республика Коми,р. Печора,ХПК,0,1,13.0,13.0,ПДК,,,,,,,,
3910,2013-06-30,88000000000,Республика Марий Эл,р. Волга,Взвешенные вещества,0,2,17.0,26.0,ПДК,,,,,,,,
3915,2013-06-30,65000000000,Свердловская область,р. Волга,Взвешенные вещества,0,1,29.0,29.0,ПДК,,,,,,,,
3916,2013-06-30,65000000000,Свердловская область,р. Кама,Взвешенные вещества,0,8,31.0,31.0,ПДК,,,,,,,,
3920,2013-06-30,65000000000,Свердловская область,р. Обь,Взвешенные вещества,0,23,10.0,47.0,ПДК,,,,,,,,
3922,2013-06-30,94000000000,Удмуртская Республика,р. Волга,Взвешенные вещества,0,5,11.0,23.0,ПДК,,,,,,,,
3923,2013-06-30,94000000000,Удмуртская Республика,р. Северная Двина,Взвешенные вещества,0,1,11.0,11.0,ПДК,,,,,,,,
3925,2013-06-30,8000000000,Хабаровский край,р. Амур,БПК5,0,1,15.0,15.0,ПДК,,,,,,,,
3927,2013-06-30,75000000000,Челябинская область,р. Кама,Взвешенные вещества,0,2,13.0,13.0,ПДК,,,,,,,,
3928,2013-06-30,75000000000,Челябинская область,р. Обь,Взвешенные вещества,0,10,10.0,21.0,ПДК,,,,,,,,
3931,2013-07-31,19000000000,Вологодская область,р. Северная Двина,ХПК,0,1,15.0,15.0,ПДК,,,,,,,,
3936,2013-07-31,33000000000,Кировская область,р. Волга,Взвешенные вещества,0,8,10.0,39.0,ПДК,,,,,,,,
3939,2013-07-31,37000000000,Курганская область,р. Обь,Взвешенные вещества,0,4,18.0,47.0,ПДК,,,,,,,,
3943,2013-07-31,46000000000,Московская область,р. Волга,БПК5,0,1,7.0,7.0,ПДК,,,,,,,,
3951,2013-07-31,47000000000,Мурманская область,"малые реки, озера, водохранилища",БПК5,0,1,9.0,9.0,ПДК,,,,,,,,
3954,2013-07-31,22000000000,Нижегородская область,р. Волга,Взвешенные вещества,0,14,11.0,31.0,ПДК,,,,,,,,
3960,2013-07-31,57000000000,Пермский край,р. Волга,Взвешенные вещества,0,2,12.0,20.0,ПДК,,,,,,,,
3961,2013-07-31,57000000000,Пермский край,р. Кама,Взвешенные вещества,0,3,10.0,23.0,ПДК,,,,,,,,
3969,2013-07-31,5000000000,Приморский край,р. Амур,БПК5,0,1,20.0,20.0,ПДК,,,,,,,,
3972,2013-07-31,88000000000,Республика Марий Эл,р. Волга,Взвешенные вещества,0,3,15.0,18.0,ПДК,,,,,,,,
3978,2013-07-31,36000000000,Самарская область,р. Волга,БПК5,0,2,5.0,6.0,ПДК,,,,,,,,
3980,2013-07-31,65000000000,Свердловская область,р. Волга,Взвешенные вещества,0,1,10.0,10.0,ПДК,,,,,,,,
3981,2013-07-31,65000000000,Свердловская область,р. Кама,Взвешенные вещества,0,4,10.0,36.0,ПДК,,,,,,,,
3983,2013-07-31,65000000000,Свердловская область,р. Обь,Взвешенные вещества,0,34,12.0,46.0,ПДК,,,,,,,,
3992,2013-07-31,94000000000,Удмуртская Республика,р. Волга,Взвешенные вещества,0,1,10.0,10.0,ПДК,,,,,,,,
3994,2013-07-31,8000000000,Хабаровский край,р. Амур,БПК5,0,1,19.0,19.0,ПДК,,,,,,,,
3997,2013-07-31,75000000000,Челябинская область,р. Кама,Взвешенные вещества,0,4,10.0,11.0,ПДК,,,,,,,,
4000,2013-07-31,75000000000,Челябинская область,р. Обь,Взвешенные вещества,0,2,11.0,12.0,ПДК,,,,,,,,
4007,2013-08-31,19000000000,Вологодская область,р. Северная Двина,БПК5,0,1,6.0,6.0,ПДК,,,,,,,,
4008,2013-08-31,19000000000,Вологодская область,р. Северная Двина,ХПК,0,1,11.0,11.0,ПДК,,,,,,,,
4013,2013-08-31,25000000000,Иркутская область,р. Енисей,Взвешенные вещества,0,12,11.0,27.0,ПДК,,,,,,,,
4016,2013-08-31,37000000000,Курганская область,р. Обь,Взвешенные вещества,0,4,12.0,46.0,ПДК,,,,,,,,
4021,2013-08-31,46000000000,Московская область,р. Волга,БПК5,0,1,5.0,5.0,ПДК,,,,,,,,
4023,2013-08-31,47000000000,Мурманская область,"малые реки, озера, водохранилища",АСПАВ,4,1,20.0,20.0,ПДК,,,,,,,,
4030,2013-08-31,22000000000,Нижегородская область,р. Волга,Взвешенные вещества,0,21,11.0,49.0,ПДК,,,,,,,,
4032,2013-08-31,57000000000,Пермский край,р. Волга,Взвешенные вещества,0,3,13.0,25.0,ПДК,,,,,,,,
4037,2013-08-31,5000000000,Приморский край,р. Амур,БПК5,0,1,19.0,19.0,ПДК,,,,,,,,
4039,2013-08-31,88000000000,Республика Марий Эл,р. Волга,Взвешенные вещества,0,2,14.0,21.0,ПДК,,,,,,,,
4042,2013-08-31,65000000000,Свердловская область,р. Кама,Взвешенные вещества,0,2,13.0,44.0,ПДК,,,,,,,,
4045,2013-08-31,65000000000,Свердловская область,р. Обь,Взвешенные вещества,0,33,10.0,48.0,ПДК,,,,,,,,
4049,2013-08-31,94000000000,Удмуртская Республика,р. Волга,Взвешенные вещества,0,7,11.0,27.0,ПДК,,,,,,,,
4052,2013-08-31,75000000000,Челябинская область,р. Кама,Взвешенные вещества,0,5,10.0,13.0,ПДК,,,,,,,,
4053,2013-08-31,75000000000,Челябинская область,р. Обь,Взвешенные вещества,0,3,10.0,11.0,ПДК,,,,,,,,
4054,2013-08-31,75000000000,Челябинская область,р. Урал,Взвешенные вещества,0,6,10.0,16.0,ПДК,,,,,,,,
4057,2013-09-30,19000000000,Вологодская область,р. Северная Двина,БПК5,0,1,15.0,15.0,ПДК,,,,,,,,
4061,2013-09-30,25000000000,Иркутская область,р. Енисей,Взвешенные вещества,0,1,23.0,23.0,ПДК,,,,,,,,
4062,2013-09-30,33000000000,Кировская область,р. Волга,Взвешенные вещества,0,1,12.0,12.0,ПДК,,,,,,,,
4063,2013-09-30,33000000000,Кировская область,р. Кама,Взвешенные вещества,0,1,41.0,41.0,ПДК,,,,,,,,
4064,2013-09-30,37000000000,Курганская область,р. Обь,Взвешенные вещества,0,1,36.0,36.0,ПДК,,,,,,,,
4067,2013-09-30,46000000000,Московская область,р. Волга,БПК5,0,11,5.0,11.0,ПДК,,,,,,,,
4074,2013-09-30,22000000000,Нижегородская область,р. Волга,Взвешенные вещества,0,12,12.0,36.0,ПДК,,,,,,,,
4076,2013-09-30,57000000000,Пермский край,р. Волга,Взвешенные вещества,0,4,10.0,18.0,ПДК,,,,,,,,
4079,2013-09-30,57000000000,Пермский край,р. Кама,Взвешенные вещества,0,1,11.0,11.0,ПДК,,,,,,,,
4080,2013-09-30,5000000000,Приморский край,р. Амур,БПК5,0,1,14.0,14.0,ПДК,,,,,,,,
4084,2013-09-30,65000000000,Свердловская область,р. Кама,Взвешенные вещества,0,4,12.0,38.0,ПДК,,,,,,,,
4088,2013-09-30,65000000000,Свердловская область,р. Обь,Взвешенные вещества,0,21,10.0,35.0,ПДК,,,,,,,,
4094,2013-09-30,71000000000,Тюменская область,"малые реки, озера, водохранилища",ХПК,0,1,15.0,15.0,ПДК,,,,,,,,
4095,2013-09-30,94000000000,Удмуртская Республика,р. Волга,Взвешенные вещества,0,4,10.0,24.0,ПДК,,,,,,,,
4096,2013-09-30,75000000000,Челябинская область,р. Обь,Взвешенные вещества,0,10,11.0,26.0,ПДК,,,,,,,,
4097,2013-09-30,75000000000,Челябинская область,р. Урал,Взвешенные вещества,0,6,10.0,12.0,ПДК,,,,,,,,
4103,2013-10-31,33000000000,Кировская область,р. Волга,Взвешенные вещества,0,2,180.0,27.0,ПДК,,,,,,,,
4107,2013-10-31,37000000000,Курганская область,р. Обь,Взвешенные вещества,0,2,13.0,16.0,ПДК,,,,,,,,
4109,2013-10-31,46000000000,Московская область,р. Волга,БПК5,0,1,7.0,7.0,ПДК,,,,,,,,
4116,2013-10-31,22000000000,Нижегородская область,р. Волга,Взвешенные вещества,0,1,12.0,12.0,ПДК,,,,,,,,
4119,2013-10-31,57000000000,Пермский край,р. Волга,Взвешенные вещества,0,1,22.0,22.0,ПДК,,,,,,,,
4120,2013-10-31,57000000000,Пермский край,р. Кама,Взвешенные вещества,0,2,21.0,38.0,ПДК,,,,,,,,
4123,2013-10-31,5000000000,Приморский край,р. Амур,БПК5,0,1,14.0,14.0,ПДК,,,,,,,,
4124,2013-10-31,88000000000,Республика Марий Эл,р. Волга,Взвешенные вещества,0,1,17.0,17.0,ПДК,,,,,,,,
4128,2013-10-31,36000000000,Самарская область,р. Волга,БПК5,0,4,5.0,6.0,ПДК,,,,,,,,
4130,2013-10-31,65000000000,Свердловская область,р. Кама,Взвешенные вещества,0,4,11.0,23.0,ПДК,,,,,,,,
4131,2013-10-31,65000000000,Свердловская область,р. Обь,Взвешенные вещества,0,13,10.0,43.0,ПДК,,,,,,,,
4135,2013-10-31,75000000000,Челябинская область,р. Волга,Взвешенные вещества,0,3,10.0,10.0,ПДК,,,,,,,,
4136,2013-10-31,75000000000,Челябинская область,р. Кама,Взвешенные вещества,0,3,11.0,11.0,ПДК,,,,,,,,
4137,2013-10-31,75000000000,Челябинская область,р. Обь,Взвешенные вещества,0,13,10.0,19.0,ПДК,,,,,,,,
4138,2013-10-31,75000000000,Челябинская область,р. Урал,Взвешенные вещества,0,9,10.0,17.0,ПДК,,,,,,,,
4141,2013-11-30,25000000000,Иркутская область,р. Енисей,Взвешенные вещества,0,3,16.0,21.0,ПДК,,,,,,,,
4144,2013-11-30,33000000000,Кировская область,р. Волга,Взвешенные вещества,0,6,13.0,33.0,ПДК,,,,,,,,
4145,2013-11-30,33000000000,Кировская область,р. Кама,Взвешенные вещества,0,1,12.0,12.0,ПДК,,,,,,,,
4146,2013-11-30,33000000000,Кировская область,р. Северная Двина,Взвешенные вещества,0,1,15.0,15.0,ПДК,,,,,,,,
4147,2013-11-30,37000000000,Курганская область,р. Обь,Взвешенные вещества,0,4,13.0,23.0,ПДК,,,,,,,,
4148,2013-11-30,41000000000,Ленинградская область,"малые реки, озера, водохранилища",ХПК,0,1,10.0,10.0,ПДК,,,,,,,,
4150,2013-11-30,46000000000,Московская область,р. Волга,БПК5,0,4,5.0,8.0,ПДК,,,,,,,,
4151,2013-11-30,46000000000,Московская область,р. Волга,ХПК,0,1,10.0,10.0,ПДК,,,,,,,,
4154,2013-11-30,47000000000,Мурманская область,"малые реки, озера, водохранилища",БПК5,0,1,18.0,18.0,ПДК,,,,,,,,
4158,2013-11-30,22000000000,Нижегородская область,р. Волга,Взвешенные вещества,0,1,10.0,10.0,ПДК,,,,,,,,
4160,2013-11-30,57000000000,Пермский край,р. Волга,Взвешенные вещества,0,3,12.0,29.0,ПДК,,,,,,,,
4162,2013-11-30,57000000000,Пермский край,р. Кама,Взвешенные вещества,0,1,10.0,10.0,ПДК,,,,,,,,
4163,2013-11-30,5000000000,Приморский край,р. Амур,БПК5,0,1,18.0,18.0,ПДК,,,,,,,,
4166,2013-11-30,65000000000,Свердловская область,р. Кама,Взвешенные вещества,0,2,12.0,29.0,ПДК,,,,,,,,
4168,2013-11-30,65000000000,Свердловская область,р. Обь,Взвешенные вещества,0,5,10.0,26.0,ПДК,,,,,,,,
4175,2013-11-30,94000000000,Удмуртская Республика,р. Волга,Взвешенные вещества,0,2,11.0,13.0,ПДК,,,,,,,,
4176,2013-11-30,75000000000,Челябинская область,р. Кама,Взвешенные вещества,0,1,11.0,11.0,ПДК,,,,,,,,
4178,2013-11-30,75000000000,Челябинская область,р. Обь,Взвешенные вещества,0,4,10.0,21.0,ПДК,,,,,,,,
4181,2013-11-30,75000000000,Челябинская область,р. Урал,Взвешенные вещества,0,1,10.0,10.0,ПДК,,,,,,,,
4185,2013-12-31,25000000000,Иркутская область,р. Енисей,Взвешенные вещества,0,1,28.0,28.0,ПДК,,,,,,,,
4187,2013-12-31,33000000000,Кировская область,р. Волга,Взвешенные вещества,0,3,10.0,30.0,ПДК,,,,,,,,
4188,2013-12-31,33000000000,Кировская область,р. Северная Двина,Взвешенные вещества,0,1,22.0,22.0,ПДК,,,,,,,,
4189,2013-12-31,37000000000,Курганская область,р. Обь,Взвешенные вещества,0,3,11.0,31.0,ПДК,,,,,,,,
4197,2013-12-31,57000000000,Пермский край,р. Кама,Взвешенные вещества,0,2,22.0,31.0,ПДК,,,,,,,,
4206,2013-12-31,88000000000,Республика Марий Эл,р. Волга,Взвешенные вещества,0,3,23.0,30.0,ПДК,,,,,,,,
4212,2013-12-31,65000000000,Свердловская область,р. Кама,Взвешенные вещества,0,3,13.0,14.0,ПДК,,,,,,,,
4213,2013-12-31,65000000000,Свердловская область,р. Обь,Взвешенные вещества,0,7,11.0,21.0,ПДК,,,,,,,,
4223,2013-12-31,94000000000,Удмуртская Республика,р. Волга,Взвешенные вещества,0,2,13.0,42.0,ПДК,,,,,,,,
4224,2013-12-31,75000000000,Челябинская область,р. Кама,Взвешенные вещества,0,2,10.0,11.0,ПДК,,,,,,,,
4225,2013-12-31,75000000000,Челябинская область,р. Обь,Взвешенные вещества,0,7,10.0,13.0,ПДК,,,,,,,,
4227,2013-12-31,75000000000,Челябинская область,р. Урал,Взвешенные вещества,0,3,10.0,11.0,ПДК,,,,,,,,
4230,2014-01-31,33000000000,Кировская область,р. Волга,Взвешенные вещества,0,1,20.0,20.0,ПДК,,,,,,,,
4231,2014-01-31,37000000000,Курганская область,р. Обь,Взвешенные вещества,0,2,20.0,20.0,ПДК,,,,,,,,
4234,2014-01-31,46000000000,Московская область,р. Волга,ХПК,0,2,11.0,12.0,ПДК,,,,,,,,
4235,2014-01-31,46000000000,Московская область,р. Волга,БПК5,0,4,5.0,11.0,ПДК,,,,,,,,
4241,2014-01-31,22000000000,Нижегородская область,р. Волга,Взвешенные вещества,0,11,11.0,34.0,ПДК,,,,,,,,
4244,2014-01-31,57000000000,Пермский край,р. Кама,Взвешенные вещества,0,5,10.0,14.0,ПДК,,,,,,,,
4248,2014-01-31,88000000000,Республика Марий Эл,р. Волга,Взвешенные вещества,0,3,25.0,37.0,ПДК,,,,,,,,
4252,2014-01-31,36000000000,Самарская область,р. Волга,БПК5,0,1,7.0,7.0,ПДК,,,,,,,,
4258,2014-01-31,65000000000,Свердловская область,р. Обь,Взвешенные вещества,0,6,10.0,26.0,ПДК,,,,,,,,
4263,2014-01-31,94000000000,Удмуртская Республика,р. Волга,Взвешенные вещества,0,2,21.0,25.0,ПДК,,,,,,,,
4264,2014-01-31,94000000000,Удмуртская Республика,р. Северная Двина,Взвешенные вещества,0,1,11.0,11.0,ПДК,,,,,,,,
4265,2014-01-31,75000000000,Челябинская область,р. Волга,Взвешенные вещества,0,1,10.0,10.0,ПДК,,,,,,,,
4267,2014-01-31,75000000000,Челябинская область,р. Кама,Взвешенные вещества,0,3,10.0,12.0,ПДК,,,,,,,,
4270,2014-01-31,75000000000,Челябинская область,р. Обь,Взвешенные вещества,0,9,10.0,15.0,ПДК,,,,,,,,
4275,2014-02-28,25000000000,Иркутская область,р. Енисей,Взвешенные вещества,0,2,11.0,19.0,ПДК,,,,,,,,
4276,2014-02-28,33000000000,Кировская область,р. Волга,Взвешенные вещества,0,1,18.0,18.0,ПДК,,,,,,,,
4280,2014-02-28,37000000000,Курганская область,р. Обь,Взвешенные вещества,0,4,10.0,18.0,ПДК,,,,,,,,
4282,2014-02-28,41000000000,Ленинградская область,"малые реки, озера, водохранилища",БПК5,0,1,5.0,5.0,ПДК,,,,,,,,
4284,2014-02-28,46000000000,Московская область,р. Волга,БПК5,0,9,5.0,14.0,ПДК,,,,,,,,
4291,2014-02-28,47000000000,Мурманская область,"малые реки, озера, водохранилища",БПК5,0,1,5.0,5.0,ПДК,,,,,,,,
4295,2014-02-28,22000000000,Нижегородская область,р. Волга,Взвешенные вещества,0,1,16.0,16.0,ПДК,,,,,,,,
4305,2014-02-28,57000000000,Пермский край,р. Кама,Взвешенные вещества,0,3,10.0,26.0,ПДК,,,,,,,,
4307,2014-02-28,5000000000,Приморский край,р. Амур,БПК5,0,2,6.0,9.0,ПДК,,,,,,,,
4319,2014-02-28,65000000000,Свердловская область,р. Кама,Взвешенные вещества,0,2,10.0,44.0,ПДК,,,,,,,,
4320,2014-02-28,65000000000,Свердловская область,р. Обь,Взвешенные вещества,0,9,11.0,18.0,ПДК,,,,,,,,
4331,2014-02-28,94000000000,Удмуртская Республика,р. Волга,Взвешенные вещества,0,3,11.0,21.0,ПДК,,,,,,,,
4332,2014-02-28,75000000000,Челябинская область,р. Кама,Взвешенные вещества,0,1,10.0,10.0,ПДК,,,,,,,,
4334,2014-02-28,75000000000,Челябинская область,р. Обь,Взвешенные вещества,0,2,15.0,19.0,ПДК,,,,,,,,
4342,2014-03-31,25000000000,Иркутская область,р. Енисей,Взвешенные вещества,0,1,32.0,32.0,ПДК,,,,,,,,
4344,2014-03-31,33000000000,Кировская область,р. Волга,Взвешенные вещества,0,3,10.0,26.0,ПДК,,,,,,,,
4348,2014-03-31,37000000000,Курганская область,р. Обь,Взвешенные вещества,0,1,15.0,15.0,ПДК,,,,,,,,
4357,2014-03-31,22000000000,Нижегородская область,р. Волга,Взвешенные вещества,0,5,11.0,48.0,ПДК,,,,,,,,
4364,2014-03-31,57000000000,Пермский край,р. Волга,Взвешенные вещества,0,1,16.0,16.0,ПДК,,,,,,,,
4365,2014-03-31,57000000000,Пермский край,р. Кама,Взвешенные вещества,0,2,10.0,13.0,ПДК,,,,,,,,
4370,2014-03-31,5000000000,Приморский край,р. Амур,БПК5,0,1,10.0,10.0,ПДК,,,,,,,,
4376,2014-03-31,65000000000,Свердловская область,р. Обь,Взвешенные вещества,0,6,10.0,24.0,ПДК,,,,,,,,
4388,2014-03-31,94000000000,Удмуртская Республика,р. Волга,Взвешенные вещества,0,4,10.0,25.0,ПДК,,,,,,,,
4390,2014-03-31,75000000000,Челябинская область,р. Кама,Взвешенные вещества,0,1,11.0,11.0,ПДК,,,,,,,,
4393,2014-03-31,75000000000,Челябинская область,р. Обь,Взвешенные вещества,0,4,10.0,15.0,ПДК,,,,,,,,
4399,2014-04-30,25000000000,Иркутская область,р. Енисей,Взвешенные вещества,0,3,11.0,20.0,ПДК,,,,,,,,
4408,2014-04-30,37000000000,Курганская область,р. Обь,Взвешенные вещества,0,6,19.0,47.0,ПДК,,,,,,,,
4409,2014-04-30,46000000000,Московская область,р. Волга,ХПК,0,4,11.0,12.0,ПДК,,,,,,,,
4410,2014-04-30,46000000000,Московская область,р. Волга,БПК5,0,3,6.0,8.0,ПДК,,,,,,,,
4417,2014-04-30,22000000000,Нижегородская область,р. Волга,Взвешенные вещества,0,10,14.0,26.0,ПДК,,,,,,,,
4423,2014-04-30,57000000000,Пермский край,р. Волга,Взвешенные вещества,0,2,13.0,18.0,ПДК,,,,,,,,
4427,2014-04-30,57000000000,Пермский край,р. Кама,Взвешенные вещества,0,4,22.0,31.0,ПДК,,,,,,,,
4430,2014-04-30,88000000000,Республика Марий Эл,р. Волга,Взвешенные вещества,0,3,14.0,26.0,ПДК,,,,,,,,
4432,2014-04-30,90000000000,Республика Северная Осетия-Алания,р. Терек,БПК5,0,4,13.0,20.0,ПДК,,,,,,,,
4433,2014-04-30,90000000000,Республика Северная Осетия-Алания,р. Терек,ХПК,0,4,12.0,19.0,ПДК,,,,,,,,
4437,2014-04-30,65000000000,Свердловская область,р. Кама,Взвешенные вещества,0,6,11.0,39.0,ПДК,,,,,,,,
4442,2014-04-30,65000000000,Свердловская область,р. Обь,Взвешенные вещества,0,16,11.0,46.0,ПДК,,,,,,,,
4448,2014-04-30,94000000000,Удмуртская Республика,р. Волга,Взвешенные вещества,0,6,12.0,47.0,ПДК,,,,,,,,
4449,2014-04-30,94000000000,Удмуртская Республика,р. Северная Двина,Взвешенные вещества,0,1,14.0,14.0,ПДК,,,,,,,,
4450,2014-04-30,8000000000,Хабаровский край,р. Амур,БПК5,0,1,6.0,6.0,ПДК,,,,,,,,
4455,2014-04-30,75000000000,Челябинская область,р. Кама,Взвешенные вещества,0,6,11.0,23.0,ПДК,,,,,,,,
4456,2014-04-30,75000000000,Челябинская область,р. Обь,Взвешенные вещества,0,16,11.0,28.0,ПДК,,,,,,,,
4460,2014-04-30,75000000000,Челябинская область,р. Урал,Взвешенные вещества,0,6,11.0,26.0,ПДК,,,,,,,,
4462,2014-05-31,19000000000,Вологодская область,р. Северная Двина,БПК5,0,1,8.0,8.0,ПДК,,,,,,,,
4468,2014-05-31,25000000000,Иркутская область,р. Енисей,Взвешенные вещества,0,2,24.0,49.0,ПДК,,,,,,,,
4469,2014-05-31,25000000000,Иркутская область,р. Лена,Взвешенные вещества,0,1,25.0,25.0,ПДК,,,,,,,,
4470,2014-05-31,33000000000,Кировская область,р. Волга,Взвешенные вещества,0,14,10.0,38.0,ПДК,,,,,,,,
4471,2014-05-31,33000000000,Кировская область,р. Северная Двина,Взвешенные вещества,0,1,40.0,40.0,ПДК,,,,,,,,
4477,2014-05-31,37000000000,Курганская область,р. Обь,Взвешенные вещества,0,3,18.0,39.0,ПДК,,,,,,,,
4479,2014-05-31,46000000000,Московская область,р. Волга,БПК5,0,5,5.0,8.0,ПДК,,,,,,,,
4480,2014-05-31,46000000000,Московская область,р. Волга,ХПК,0,1,10.0,10.0,ПДК,,,,,,,,
4486,2014-05-31,47000000000,Мурманская область,"малые реки, озера, водохранилища",БПК5,0,1,7.0,7.0,ПДК,,,,,,,,
4492,2014-05-31,22000000000,Нижегородская область,р. Волга,Взвешенные вещества,0,13,11.0,43.0,ПДК,,,,,,,,
4499,2014-05-31,57000000000,Пермский край,р. Волга,Взвешенные вещества,0,18,10.0,45.0,ПДК,,,,,,,,
4500,2014-05-31,57000000000,Пермский край,р. Кама,Взвешенные вещества,0,8,11.0,27.0,ПДК,,,,,,,,
4502,2014-05-31,5000000000,Приморский край,р. Амур,БПК5,0,1,10.0,10.0,ПДК,,,,,,,,
4504,2014-05-31,88000000000,Республика Марий Эл,р. Волга,Взвешенные вещества,0,3,14.0,23.0,ПДК,,,,,,,,
4505,2014-05-31,90000000000,Республика Северная Осетия-Алания,р. Терек,БПК5,0,2,5.0,10.0,ПДК,,,,,,,,
4507,2014-05-31,65000000000,Свердловская область,р. Кама,Взвешенные вещества,0,10,10.0,21.0,ПДК,,,,,,,,
4508,2014-05-31,65000000000,Свердловская область,р. Обь,Взвешенные вещества,0,33,10.0,45.0,ПДК,,,,,,,,
4514,2014-05-31,94000000000,Удмуртская Республика,р. Волга,Взвешенные вещества,0,4,14.0,23.0,ПДК,,,,,,,,
4515,2014-05-31,94000000000,Удмуртская Республика,р. Северная Двина,Взвешенные вещества,0,1,11.0,11.0,ПДК,,,,,,,,
4516,2014-05-31,8000000000,Хабаровский край,р. Амур,БПК5,0,2,7.0,8.0,ПДК,,,,,,,,
4519,2014-05-31,75000000000,Челябинская область,р. Кама,Взвешенные вещества,0,8,12.0,25.0,ПДК,,,,,,,,
4521,2014-05-31,75000000000,Челябинская область,р. Обь,Взвешенные вещества,0,18,10.0,25.0,ПДК,,,,,,,,
4523,2014-05-31,75000000000,Челябинская область,р. Урал,Взвешенные вещества,0,3,10.0,11.0,ПДК,,,,,,,,
4529,2014-06-30,19000000000,Вологодская область,р. Северная Двина,БПК5,0,1,6.0,6.0,ПДК,,,,,,,,
4532,2014-06-30,25000000000,Иркутская область,р. Енисей,Взвешенные вещества,0,8,11.0,34.0,ПДК,,,,,,,,
4533,2014-06-30,33000000000,Кировская область,р. Волга,Взвешенные вещества,0,4,13.0,21.0,ПДК,,,,,,,,
4534,2014-06-30,37000000000,Курганская область,р. Обь,Взвешенные вещества,0,5,20.0,50.0,ПДК,,,,,,,,
4538,2014-06-30,46000000000,Московская область,р. Волга,БПК5,0,3,5.0,11.0,ПДК,,,,,,,,
4540,2014-06-30,47000000000,Мурманская область,"малые реки, озера, водохранилища",БПК5,0,1,12.0,12.0,ПДК,,,,,,,,
4545,2014-06-30,22000000000,Нижегородская область,р. Волга,Взвешенные вещества,0,16,10.0,40.0,ПДК,,,,,,,,
4548,2014-06-30,57000000000,Пермский край,р. Волга,Взвешенные вещества,0,3,11.0,19.0,ПДК,,,,,,,,
4550,2014-06-30,57000000000,Пермский край,р. Кама,Взвешенные вещества,0,10,11.0,39.0,ПДК,,,,,,,,
4554,2014-06-30,88000000000,Республика Марий Эл,р. Волга,Взвешенные вещества,0,3,11.0,20.0,ПДК,,,,,,,,
4558,2014-06-30,65000000000,Свердловская область,р. Кама,Взвешенные вещества,0,6,11.0,43.0,ПДК,,,,,,,,
4561,2014-06-30,65000000000,Свердловская область,р. Обь,Взвешенные вещества,0,29,11.0,49.0,ПДК,,,,,,,,
4568,2014-06-30,94000000000,Удмуртская Республика,р. Волга,Взвешенные вещества,0,4,11.0,39.0,ПДК,,,,,,,,
4572,2014-06-30,75000000000,Челябинская область,р. Кама,Взвешенные вещества,0,1,11.0,11.0,ПДК,,,,,,,,
4574,2014-06-30,75000000000,Челябинская область,р. Обь,Взвешенные вещества,0,3,13.0,14.0,ПДК,,,,,,,,
4576,2014-06-30,75000000000,Челябинская область,р. Урал,Взвешенные вещества,0,3,11.0,12.0,ПДК,,,,,,,,
4580,2014-07-31,19000000000,Вологодская область,р. Северная Двина,БПК5,0,1,6.0,6.0,ПДК,,,,,,,,
4582,2014-07-31,19000000000,Вологодская область,р. Северная Двина,ХПК,0,2,25.0,36.0,ПДК,,,,,,,,
4584,2014-07-31,25000000000,Иркутская область,р. Енисей,Взвешенные вещества,0,7,11.0,23.0,ПДК,,,,,,,,
4586,2014-07-31,25000000000,Иркутская область,р. Лена,Взвешенные вещества,0,2,19.0,21.0,ПДК,,,,,,,,
4587,2014-07-31,33000000000,Кировская область,р. Волга,Взвешенные вещества,0,12,10.0,26.0,ПДК,,,,,,,,
4589,2014-07-31,37000000000,Курганская область,р. Обь,Взвешенные вещества,0,1,12.0,12.0,ПДК,,,,,,,,
4592,2014-07-31,46000000000,Московская область,р. Волга,БПК5,0,3,5.0,8.0,ПДК,,,,,,,,
4599,2014-07-31,47000000000,Мурманская область,"малые реки, озера, водохранилища",БПК5,0,1,16.0,16.0,ПДК,,,,,,,,
4604,2014-07-31,22000000000,Нижегородская область,р. Волга,Взвешенные вещества,0,11,10.0,42.0,ПДК,,,,,,,,
4606,2014-07-31,22000000000,Нижегородская область,р. Волга,ХПК,0,1,11.0,11.0,ПДК,,,,,,,,
4610,2014-07-31,57000000000,Пермский край,р. Кама,Взвешенные вещества,0,14,10.0,37.0,ПДК,,,,,,,,
4613,2014-07-31,5000000000,Приморский край,р. Амур,БПК5,0,1,20.0,20.0,ПДК,,,,,,,,
4618,2014-07-31,88000000000,Республика Марий Эл,р. Волга,Взвешенные вещества,0,2,14.0,20.0,ПДК,,,,,,,,
4620,2014-07-31,90000000000,Республика Северная Осетия-Алания,р. Терек,БПК5,0,2,7.0,10.0,ПДК,,,,,,,,
4623,2014-07-31,65000000000,Свердловская область,р. Кама,Взвешенные вещества,0,4,11.0,22.0,ПДК,,,,,,,,
4626,2014-07-31,65000000000,Свердловская область,р. Обь,Взвешенные вещества,0,27,10.0,41.0,ПДК,,,,,,,,
4628,2014-07-31,65000000000,Свердловская область,р. Обь,БПК5,0,1,19.0,19.0,ПДК,,,,,,,,
4632,2014-07-31,94000000000,Удмуртская Республика,р. Волга,Взвешенные вещества,0,4,11.0,22.0,ПДК,,,,,,,,
4635,2014-07-31,75000000000,Челябинская область,р. Кама,Взвешенные вещества,0,3,11.0,15.0,ПДК,,,,,,,,
4636,2014-07-31,75000000000,Челябинская область,р. Обь,Взвешенные вещества,0,4,10.0,17.0,ПДК,,,,,,,,
4639,2014-08-31,19000000000,Вологодская область,р. Северная Двина,ХПК,0,3,10.0,26.0,ПДК,,,,,,,,
4643,2014-08-31,25000000000,Иркутская область,р. Енисей,Взвешенные вещества,0,6,11.0,25.0,ПДК,,,,,,,,
4647,2014-08-31,37000000000,Курганская область,р. Обь,Взвешенные вещества,0,1,11.0,11.0,ПДК,,,,,,,,
4648,2014-08-31,46000000000,Московская область,р. Волга,БПК5,0,2,5.0,8.0,ПДК,,,,,,,,
4658,2014-08-31,47000000000,Мурманская область,"малые реки, озера, водохранилища",БПК5,0,1,9.0,9.0,ПДК,,,,,,,,
4659,2014-08-31,22000000000,Нижегородская область,р. Волга,Взвешенные вещества,0,10,14.0,24.0,ПДК,,,,,,,,
4665,2014-08-31,57000000000,Пермский край,р. Волга,Взвешенные вещества,0,3,12.0,41.0,ПДК,,,,,,,,
4667,2014-08-31,57000000000,Пермский край,р. Кама,Взвешенные вещества,0,1,10.0,10.0,ПДК,,,,,,,,
4672,2014-08-31,5000000000,Приморский край,р. Амур,БПК5,0,2,7.0,16.0,ПДК,,,,,,,,
4680,2014-08-31,36000000000,Самарская область,р. Волга,БПК5,0,4,17.0,18.0,ПДК,,,,,,,,
4682,2014-08-31,65000000000,Свердловская область,р. Кама,Взвешенные вещества,0,2,11.0,14.0,ПДК,,,,,,,,
4686,2014-08-31,65000000000,Свердловская область,р. Обь,Взвешенные вещества,0,25,11.0,47.0,ПДК,,,,,,,,
4691,2014-08-31,94000000000,Удмуртская Республика,р. Волга,Взвешенные вещества,0,1,17.0,17.0,ПДК,,,,,,,,
4693,2014-08-31,75000000000,Челябинская область,р. Кама,Взвешенные вещества,0,3,10.0,15.0,ПДК,,,,,,,,
4695,2014-08-31,75000000000,Челябинская область,р. Обь,Взвешенные вещества,0,5,10.0,13.0,ПДК,,,,,,,,
4696,2014-08-31,75000000000,Челябинская область,р. Урал,Взвешенные вещества,0,5,10.0,12.0,ПДК,,,,,,,,
4704,2014-09-30,25000000000,Иркутская область,р. Енисей,Взвешенные вещества,0,2,10.0,36.0,ПДК,,,,,,,,
4706,2014-09-30,33000000000,Кировская область,р. Волга,Взвешенные вещества,0,9,12.0,17.0,ПДК,,,,,,,,
4707,2014-09-30,33000000000,Кировская область,р. Северная Двина,Взвешенные вещества,0,1,12.0,12.0,ПДК,,,,,,,,
4708,2014-09-30,37000000000,Курганская область,р. Иртыш,Взвешенные вещества,0,1,22.0,22.0,ПДК,,,,,,,,
4709,2014-09-30,37000000000,Курганская область,р. Тобол,Взвешенные вещества,0,3,12.0,34.0,ПДК,,,,,,,,
4712,2014-09-30,46000000000,Московская область,р. Волга,БПК5,0,1,13.0,13.0,ПДК,,,,,,,,
4719,2014-09-30,22000000000,Нижегородская область,р. Волга,Взвешенные вещества,0,1,11.0,11.0,ПДК,,,,,,,,
4722,2014-09-30,57000000000,Пермский край,р. Волга,Взвешенные вещества,0,1,22.0,22.0,ПДК,,,,,,,,
4723,2014-09-30,57000000000,Пермский край,р. Кама,Взвешенные вещества,0,3,10.0,32.0,ПДК,,,,,,,,
4727,2014-09-30,5000000000,Приморский край,р. Амур,ХПК,0,1,12.0,12.0,ПДК,,,,,,,,
4730,2014-09-30,88000000000,Республика Марий Эл,р. Волга,Взвешенные вещества,0,2,10.0,11.0,ПДК,,,,,,,,
4735,2014-09-30,65000000000,Свердловская область,р. Кама,Взвешенные вещества,0,5,13.0,48.0,ПДК,,,,,,,,
4736,2014-09-30,65000000000,Свердловская область,р. Обь,Взвешенные вещества,0,1,12.0,12.0,ПДК,,,,,,,,
4738,2014-09-30,65000000000,Свердловская область,р. Тобол,Взвешенные вещества,0,25,11.0,29.0,ПДК,,,,,,,,
4744,2014-09-30,94000000000,Удмуртская Республика,р. Волга,Взвешенные вещества,0,1,13.0,13.0,ПДК,,,,,,,,
4747,2014-09-30,75000000000,Челябинская область,р. Кама,Взвешенные вещества,0,1,11.0,11.0,ПДК,,,,,,,,
4749,2014-09-30,75000000000,Челябинская область,р. Тобол,Взвешенные вещества,0,4,10.0,14.0,ПДК,,,,,,,,
4754,2014-09-30,75000000000,Челябинская область,р. Урал,Взвешенные вещества,0,3,10.0,13.0,ПДК,,,,,,,,
4759,2014-10-31,25000000000,Иркутская область,р. Енисей,Взвешенные вещества,0,3,24.0,26.0,ПДК,,,,,,,,
4760,2014-10-31,25000000000,Иркутская область,р. Лена,Взвешенные вещества,0,1,23.0,23.0,ПДК,,,,,,,,
4761,2014-10-31,33000000000,Кировская область,р. Волга,Взвешенные вещества,0,1,15.0,15.0,ПДК,,,,,,,,
4764,2014-10-31,37000000000,Курганская область,р. Тобол,Взвешенные вещества,0,4,14.0,38.0,ПДК,,,,,,,,
4766,2014-10-31,46000000000,Московская область,р. Волга,ХПК,0,2,13.0,16.0,ПДК,,,,,,,,
4768,2014-10-31,46000000000,Московская область,р. Волга,БПК5,0,2,9.0,18.0,ПДК,,,,,,,,
4770,2014-10-31,46000000000,Московская область,р. Волга,АСПАВ,4,1,12.0,12.0,ПДК,,,,,,,,
4778,2014-10-31,22000000000,Нижегородская область,р. Волга,Взвешенные вещества,0,7,10.0,19.0,ПДК,,,,,,,,
4785,2014-10-31,57000000000,Пермский край,р. Волга,Взвешенные вещества,0,2,19.0,23.0,ПДК,,,,,,,,
4786,2014-10-31,57000000000,Пермский край,р. Кама,Взвешенные вещества,0,2,14.0,18.0,ПДК,,,,,,,,
4791,2014-10-31,5000000000,Приморский край,р. Амур,БПК5,0,1,20.0,20.0,ПДК,,,,,,,,
4794,2014-10-31,88000000000,Республика Марий Эл,р. Волга,Взвешенные вещества,0,3,11.0,33.0,ПДК,,,,,,,,
4797,2014-10-31,36000000000,Самарская область,р. Волга,БПК5,0,4,14.0,18.0,ПДК,,,,,,,,
4802,2014-10-31,65000000000,Свердловская область,р. Тобол,Взвешенные вещества,0,26,10.0,28.0,ПДК,,,,,,,,
4808,2014-10-31,75000000000,Челябинская область,р. Кама,Взвешенные вещества,0,2,10.0,15.0,ПДК,,,,,,,,
4810,2014-10-31,75000000000,Челябинская область,р. Тобол,Взвешенные вещества,0,8,11.0,21.0,ПДК,,,,,,,,
4811,2014-10-31,75000000000,Челябинская область,р. Урал,Взвешенные вещества,0,2,10.0,10.0,ПДК,,,,,,,,
4821,2014-11-30,25000000000,Иркутская область,р. Енисей,Взвешенные вещества,0,2,11.0,12.0,ПДК,,,,,,,,
4823,2014-11-30,37000000000,Курганская область,р. Тобол,Взвешенные вещества,0,7,21.0,28.0,ПДК,,,,,,,,
4829,2014-11-30,46000000000,Московская область,р. Волга,ХПК,0,1,14.0,14.0,ПДК,,,,,,,,
4830,2014-11-30,46000000000,Московская область,р. Волга,БПК5,0,4,6.0,17.0,ПДК,,,,,,,,
4836,2014-11-30,22000000000,Нижегородская область,р. Волга,Взвешенные вещества,0,4,13.0,22.0,ПДК,,,,,,,,
4842,2014-11-30,57000000000,Пермский край,р. Кама,Взвешенные вещества,0,4,10.0,17.0,ПДК,,,,,,,,
4845,2014-11-30,5000000000,Приморский край,р. Амур,БПК5,0,1,20.0,20.0,ПДК,,,,,,,,
4852,2014-11-30,88000000000,Республика Марий Эл,р. Волга,Взвешенные вещества,0,1,11.0,11.0,ПДК,,,,,,,,
4853,2014-11-30,90000000000,Республика Северная Осетия-Алания,р. Терек,ХПК,0,3,13.0,16.0,ПДК,,,,,,,,
4854,2014-11-30,90000000000,Республика Северная Осетия-Алания,р. Терек,БПК5,0,4,10.0,18.0,ПДК,,,,,,,,
4857,2014-11-30,65000000000,Свердловская область,р. Кама,Взвешенные вещества,0,9,10.0,35.0,ПДК,,,,,,,,
4859,2014-11-30,65000000000,Свердловская область,р. Тобол,Взвешенные вещества,0,19,11.0,39.0,ПДК,,,,,,,,
4860,2014-11-30,66000000000,Смоленская область,р. Днепр,БПК5,0,1,8.0,8.0,ПДК,,,,,,,,
4864,2014-11-30,94000000000,Удмуртская Республика,р. Волга,Взвешенные вещества,0,3,10.0,22.0,ПДК,,,,,,,,
4865,2014-11-30,8000000000,Хабаровский край,р. Амур,БПК5,0,1,18.0,18.0,ПДК,,,,,,,,
4869,2014-11-30,75000000000,Челябинская область,р. Кама,Взвешенные вещества,0,4,10.0,16.0,ПДК,,,,,,,,
4872,2014-11-30,75000000000,Челябинская область,р. Тобол,Взвешенные вещества,0,5,11.0,16.0,ПДК,,,,,,,,
4873,2014-11-30,75000000000,Челябинская область,р. Урал,Взвешенные вещества,0,1,10.0,10.0,ПДК,,,,,,,,
4878,2014-12-31,37000000000,Курганская область,р. Тобол,Взвешенные вещества,0,7,13.0,49.0,ПДК,,,,,,,,
4884,2014-12-31,46000000000,Московская область,р. Волга,БПК5,0,4,5.0,12.0,ПДК,,,,,,,,
4888,2014-12-31,22000000000,Нижегородская область,р. Волга,Взвешенные вещества,0,8,11.0,30.0,ПДК,,,,,,,,
4894,2014-12-31,57000000000,Пермский край,р. Кама,Взвешенные вещества,0,4,11.0,26.0,ПДК,,,,,,,,
4899,2014-12-31,5000000000,Приморский край,р. Амур,БПК5,0,1,20.0,20.0,ПДК,,,,,,,,
4908,2014-12-31,65000000000,Свердловская область,р. Кама,Взвешенные вещества,0,1,36.0,36.0,ПДК,,,,,,,,
4909,2014-12-31,65000000000,Свердловская область,р. Кама,БПК5,0,1,8.0,8.0,ПДК,,,,,,,,
4915,2014-12-31,65000000000,Свердловская область,р. Тобол,Взвешенные вещества,0,31,12.0,47.0,ПДК,,,,,,,,
4922,2014-12-31,94000000000,Удмуртская Республика,р. Волга,Взвешенные вещества,0,1,11.0,11.0,ПДК,,,,,,,,
4924,2014-12-31,75000000000,Челябинская область,р. Тобол,Взвешенные вещества,0,2,14.0,16.0,ПДК,,,,,,,,
4927,2014-12-31,75000000000,Челябинская область,р. Урал,Взвешенные вещества,0,2,10.0,11.0,ПДК,,,,,,,,
4933,2015-01-31,19000000000,Вологодская область,р. Северная Двина,ХПК,0,1,33.0,33.0,ПДК,,,,,,,,
4936,2015-01-31,25000000000,Иркутская область,р. Енисей,Взвешенные вещества,0,1,48.0,48.0,ПДК,,,,,,,,
4939,2015-01-31,37000000000,Курганская область,р. Тобол,Взвешенные вещества,0,1,23.0,23.0,ПДК,,,,,,,,
4942,2015-01-31,46000000000,Московская область,р. Волга,ХПК,0,1,14.0,14.0,ПДК,,,,,,,,
4944,2015-01-31,46000000000,Московская область,р. Волга,БПК5,0,5,5.0,9.0,ПДК,,,,,,,,
4949,2015-01-31,22000000000,Нижегородская область,р. Волга,Взвешенные вещества,0,1,19.0,19.0,ПДК,,,,,,,,
4956,2015-01-31,57000000000,Пермский край,р. Кама,Взвешенные вещества,0,1,11.0,11.0,ПДК,,,,,,,,
4957,2015-01-31,5000000000,Приморский край,р. Амур,БПК5,0,1,13.0,13.0,ПДК,,,,,,,,
4966,2015-01-31,65000000000,Свердловская область,р. Кама,Взвешенные вещества,0,1,16.0,16.0,ПДК,,,,,,,,
4973,2015-01-31,65000000000,Свердловская область,р. Тобол,Взвешенные вещества,0,11,12.0,43.0,ПДК,,,,,,,,
4975,2015-01-31,70000000000,Тульская область,р. Волга,БПК5,0,1,9.0,9.0,ПДК,,,,,,,,
4982,2015-01-31,75000000000,Челябинская область,р. Тобол,Взвешенные вещества,0,4,10.0,18.0,ПДК,,,,,,,,
4989,2015-02-28,19000000000,Вологодская область,р. Северная Двина,ХПК,0,1,17.0,17.0,ПДК,,,,,,,,
4990,2015-02-28,19000000000,Вологодская область,р. Северная Двина,БПК5,0,1,6.0,6.0,ПДК,,,,,,,,
4995,2015-02-28,33000000000,Кировская область,р. Волга,Взвешенные вещества,0,2,16.0,25.0,ПДК,,,,,,,,
4998,2015-02-28,37000000000,Курганская область,р. Тобол,Взвешенные вещества,0,7,21.0,38.0,ПДК,,,,,,,,
5002,2015-02-28,46000000000,Московская область,р. Волга,ХПК,0,1,10.0,10.0,ПДК,,,,,,,,
5006,2015-02-28,46000000000,Московская область,р. Волга,БПК5,0,12,5.0,9.0,ПДК,,,,,,,,
5013,2015-02-28,47000000000,Мурманская область,"малые реки, озера, водохранилища",ХПК,0,1,15.0,15.0,ПДК,,,,,,,,
5015,2015-02-28,47000000000,Мурманская область,"малые реки, озера, водохранилища",БПК5,0,1,8.0,8.0,ПДК,,,,,,,,
5016,2015-02-28,22000000000,Нижегородская область,р. Волга,Взвешенные вещества,0,2,21.0,29.0,ПДК,,,,,,,,
5024,2015-02-28,57000000000,Пермский край,р. Кама,Взвешенные вещества,0,1,11.0,11.0,ПДК,,,,,,,,
5025,2015-02-28,5000000000,Приморский край,р. Амур,БПК5,0,1,18.0,18.0,ПДК,,,,,,,,
5037,2015-02-28,65000000000,Свердловская область,р. Кама,Взвешенные вещества,0,1,33.0,33.0,ПДК,,,,,,,,
5041,2015-02-28,65000000000,Свердловская область,р. Тобол,Взвешенные вещества,0,16,10.0,49.0,ПДК,,,,,,,,
5044,2015-02-28,65000000000,Свердловская область,р. Тобол,БПК5,0,5,6.0,13.0,ПДК,,,,,,,,
5046,2015-02-28,66000000000,Смоленская область,р. Днепр,БПК5,0,1,7.0,7.0,ПДК,,,,,,,,
5048,2015-02-28,70000000000,Тульская область,р. Волга,БПК5,0,1,16.0,16.0,ПДК,,,,,,,,
5050,2015-02-28,70000000000,Тульская область,р. Дон,БПК5,0,1,7.0,7.0,ПДК,,,,,,,,
5055,2015-02-28,94000000000,Удмуртская Республика,р. Волга,Взвешенные вещества,0,1,11.0,11.0,ПДК,,,,,,,,
5059,2015-02-28,75000000000,Челябинская область,р. Тобол,Взвешенные вещества,0,2,11.0,14.0,ПДК,,,,,,,,
5070,2015-03-31,19000000000,Вологодская область,р. Северная Двина,БПК5,0,2,7.0,7.0,ПДК,,,,,,,,
5076,2015-03-31,25000000000,Иркутская область,р. Енисей,Взвешенные вещества,0,1,13.0,13.0,ПДК,,,,,,,,
5078,2015-03-31,33000000000,Кировская область,р. Волга,Взвешенные вещества,0,1,25.0,25.0,ПДК,,,,,,,,
5084,2015-03-31,37000000000,Курганская область,р. Тобол,Взвешенные вещества,0,4,12.0,48.0,ПДК,,,,,,,,
5089,2015-03-31,46000000000,Московская область,р. Волга,БПК5,0,2,5.0,7.0,ПДК,,,,,,,,
5094,2015-03-31,22000000000,Нижегородская область,р. Волга,Взвешенные вещества,0,3,15.0,18.0,ПДК,,,,,,,,
5102,2015-03-31,57000000000,Пермский край,р. Кама,Взвешенные вещества,0,2,11.0,14.0,ПДК,,,,,,,,
5103,2015-03-31,5000000000,Приморский край,р. Амур,БПК5,0,1,19.0,19.0,ПДК,,,,,,,,
5113,2015-03-31,90000000000,Республика Северная Осетия-Алания,р. Терек,ХПК,0,6,12.0,20.0,ПДК,,,,,,,,
5114,2015-03-31,90000000000,Республика Северная Осетия-Алания,р. Терек,БПК5,0,6,12.0,20.0,ПДК,,,,,,,,
5120,2015-03-31,65000000000,Свердловская область,р. Кама,Взвешенные вещества,0,4,16.0,48.0,ПДК,,,,,,,,
5127,2015-03-31,65000000000,Свердловская область,р. Тобол,БПК5,0,3,6.0,8.0,ПДК,,,,,,,,
5128,2015-03-31,65000000000,Свердловская область,р. Тобол,Взвешенные вещества,0,12,11.0,39.0,ПДК,,,,,,,,
5133,2015-03-31,94000000000,Удмуртская Республика,р. Волга,Взвешенные вещества,0,1,15.0,15.0,ПДК,,,,,,,,
5138,2015-03-31,75000000000,Челябинская область,р. Тобол,Взвешенные вещества,0,3,10.0,30.0,ПДК,,,,,,,,
5141,2015-03-31,75000000000,Челябинская область,р. Урал,Взвешенные вещества,0,1,10.0,10.0,ПДК,,,,,,,,
5147,2015-04-30,19000000000,Вологодская область,р. Северная Двина,ХПК,0,1,11.0,11.0,ПДК,,,,,,,,
5149,2015-04-30,76000000000,Забайкальский край,р. Амур,БПК5,0,1,11.0,11.0,ПДК,,,,,,,,
5150,2015-04-30,25000000000,Иркутская область,р. Ангара,Взвешенные вещества,0,10,10.0,21.0,ПДК,,,,,,,,
5152,2015-04-30,33000000000,Кировская область,р. Кама,Взвешенные вещества,0,3,11.0,24.0,ПДК,,,,,,,,
5157,2015-04-30,37000000000,Курганская область,р. Тобол,Взвешенные вещества,0,4,12.0,44.0,ПДК,,,,,,,,
5160,2015-04-30,46000000000,Московская область,р. Волга,БПК5,0,7,5.0,11.0,ПДК,,,,,,,,
5161,2015-04-30,46000000000,Московская область,р. Волга,ХПК,0,1,10.0,10.0,ПДК,,,,,,,,
5169,2015-04-30,22000000000,Нижегородская область,р. Волга,Взвешенные вещества,0,4,21.0,48.0,ПДК,,,,,,,,
5177,2015-04-30,57000000000,Пермский край,р. Кама,Взвешенные вещества,0,7,12.0,19.0,ПДК,,,,,,,,
5178,2015-04-30,5000000000,Приморский край,р. Амур,БПК5,0,1,19.0,19.0,ПДК,,,,,,,,
5183,2015-04-30,98000000000,Республика Саха (Якутия),р. Лена,ХПК,0,1,14.0,14.0,ПДК,,,,,,,,
5188,2015-04-30,65000000000,Свердловская область,р. Тобол,БПК5,0,5,6.0,8.0,ПДК,,,,,,,,
5190,2015-04-30,65000000000,Свердловская область,р. Тобол,Взвешенные вещества,0,37,11.0,42.0,ПДК,,,,,,,,
5195,2015-04-30,94000000000,Удмуртская Республика,р. Кама,Взвешенные вещества,0,9,13.0,47.0,ПДК,,,,,,,,
5199,2015-04-30,75000000000,Челябинская область,р. Кама,Взвешенные вещества,0,1,13.0,13.0,ПДК,,,,,,,,
5203,2015-04-30,75000000000,Челябинская область,р. Тобол,Взвешенные вещества,0,8,10.0,21.0,ПДК,,,,,,,,
5204,2015-04-30,75000000000,Челябинская область,р. Тобол,БПК5,0,2,7.0,11.0,ПДК,,,,,,,,
5206,2015-04-30,75000000000,Челябинская область,р. Урал,Взвешенные вещества,0,5,10.0,18.0,ПДК,,,,,,,,
5216,2015-05-31,25000000000,Иркутская область,р. Ангара,Взвешенные вещества,0,3,12.0,13.0,ПДК,,,,,,,,
5217,2015-05-31,25000000000,Иркутская область,р. Енисей,Взвешенные вещества,0,6,11.0,28.0,ПДК,,,,,,,,
5218,2015-05-31,25000000000,Иркутская область,р. Лена,Взвешенные вещества,0,1,15.0,15.0,ПДК,,,,,,,,
5220,2015-05-31,33000000000,Кировская область,р. Волга,Взвешенные вещества,0,26,10.0,26.0,ПДК,,,,,,,,
5221,2015-05-31,33000000000,Кировская область,р. Кама,Взвешенные вещества,0,8,20.0,26.0,ПДК,,,,,,,,
5222,2015-05-31,33000000000,Кировская область,р. Северная Двина,Взвешенные вещества,0,2,19.0,24.0,ПДК,,,,,,,,
5225,2015-05-31,37000000000,Курганская область,р. Тобол,Взвешенные вещества,0,5,11.0,44.0,ПДК,,,,,,,,
5231,2015-05-31,46000000000,Московская область,р. Волга,БПК5,0,4,5.0,9.0,ПДК,,,,,,,,
5232,2015-05-31,47000000000,Мурманская область,"малые реки, озера, водохранилища",БПК5,0,1,8.0,8.0,ПДК,,,,,,,,
5237,2015-05-31,22000000000,Нижегородская область,р. Волга,Взвешенные вещества,0,24,10.0,31.0,ПДК,,,,,,,,
5244,2015-05-31,57000000000,Пермский край,р. Кама,Взвешенные вещества,0,12,10.0,37.0,ПДК,,,,,,,,
5247,2015-05-31,5000000000,Приморский край,р. Амур,БПК5,0,1,11.0,11.0,ПДК,,,,,,,,
5255,2015-05-31,88000000000,Республика Марий Эл,р. Волга,Взвешенные вещества,0,3,10.0,16.0,ПДК,,,,,,,,
5257,2015-05-31,90000000000,Республика Северная Осетия-Алания,р. Терек,БПК5,0,4,16.0,20.0,ПДК,,,,,,,,
5258,2015-05-31,90000000000,Республика Северная Осетия-Алания,р. Терек,ХПК,0,1,11.0,11.0,ПДК,,,,,,,,
5259,2015-05-31,90000000000,Республика Северная Осетия-Алания,р. Терек,ХПК,0,4,16.0,23.0,ПДК,,,,,,,,
5260,2015-05-31,90000000000,Республика Северная Осетия-Алания,р. Терек,БПК5,0,2,6.0,11.0,ПДК,,,,,,,,
5263,2015-05-31,36000000000,Самарская область,р. Волга,БПК5,0,5,7.0,8.0,ПДК,,,,,,,,
5265,2015-05-31,65000000000,Свердловская область,р. Кама,Взвешенные вещества,0,4,21.0,44.0,ПДК,,,,,,,,
5267,2015-05-31,65000000000,Свердловская область,р. Тобол,БПК5,0,5,5.0,7.0,ПДК,,,,,,,,
5268,2015-05-31,65000000000,Свердловская область,р. Тобол,Взвешенные вещества,0,31,10.0,49.0,ПДК,,,,,,,,
5274,2015-05-31,94000000000,Удмуртская Республика,р. Волга,Взвешенные вещества,0,4,14.0,24.0,ПДК,,,,,,,,
5275,2015-05-31,94000000000,Удмуртская Республика,р. Кама,Взвешенные вещества,0,7,15.0,48.0,ПДК,,,,,,,,
5276,2015-05-31,8000000000,Хабаровский край,р. Амур,БПК5,0,3,5.0,8.0,ПДК,,,,,,,,
5280,2015-05-31,75000000000,Челябинская область,р. Кама,Взвешенные вещества,0,6,10.0,14.0,ПДК,,,,,,,,
5281,2015-05-31,75000000000,Челябинская область,р. Тобол,Взвешенные вещества,0,12,10.0,29.0,ПДК,,,,,,,,
5283,2015-05-31,75000000000,Челябинская область,р. Урал,Взвешенные вещества,0,8,11.0,19.0,ПДК,,,,,,,,
5287,2015-06-30,1000000000,Алтайский край,р. Обь,ХПК,0,2,14.0,24.0,ПДК,,,,,,,,
5298,2015-06-30,19000000000,Вологодская область,р. Северная Двина,ХПК,0,1,13.0,13.0,ПДК,,,,,,,,
5301,2015-06-30,25000000000,Иркутская область,р. Ангара,Взвешенные вещества,0,7,10.0,25.0,ПДК,,,,,,,,
5302,2015-06-30,25000000000,Иркутская область,р. Лена,Взвешенные вещества,0,2,11.0,15.0,ПДК,,,,,,,,
5303,2015-06-30,33000000000,Кировская область,р. Волга,Взвешенные вещества,0,3,11.0,31.0,ПДК,,,,,,,,
5304,2015-06-30,33000000000,Кировская область,р. Кама,Взвешенные вещества,0,3,11.0,17.0,ПДК,,,,,,,,
5309,2015-06-30,37000000000,Курганская область,р. Тобол,Взвешенные вещества,0,4,15.0,49.0,ПДК,,,,,,,,
5313,2015-06-30,44000000000,Магаданская область,"малые реки, озера, водохранилища",АСПАВ,4,1,2.0,2.0,ПДК,,,,,,,,
5314,2015-06-30,46000000000,Московская область,р. Волга,ХПК,0,1,12.0,12.0,ПДК,,,,,,,,
5315,2015-06-30,46000000000,Московская область,р. Волга,БПК5,0,1,5.0,5.0,ПДК,,,,,,,,
5318,2015-06-30,47000000000,Мурманская область,"малые реки, озера, водохранилища",БПК5,0,1,15.0,15.0,ПДК,,,,,,,,
5323,2015-06-30,22000000000,Нижегородская область,р. Волга,Взвешенные вещества,0,12,11.0,31.0,ПДК,,,,,,,,
5328,2015-06-30,57000000000,Пермский край,р. Кама,Взвешенные вещества,0,4,11.0,41.0,ПДК,,,,,,,,
5329,2015-06-30,5000000000,Приморский край,р. Амур,БПК5,0,1,18.0,18.0,ПДК,,,,,,,,
5338,2015-06-30,90000000000,Республика Северная Осетия-Алания,р. Терек,БПК5,0,1,13.0,13.0,ПДК,,,,,,,,
5339,2015-06-30,90000000000,Республика Северная Осетия-Алания,р. Терек,ХПК,0,1,13.0,13.0,ПДК,,,,,,,,
5342,2015-06-30,65000000000,Свердловская область,р. Тобол,Взвешенные вещества,0,19,13.0,49.0,ПДК,,,,,,,,
5345,2015-06-30,70000000000,Тульская область,р. Волга,БПК5,0,1,8.0,8.0,ПДК,,,,,,,,
5348,2015-06-30,94000000000,Удмуртская Республика,р. Волга,Взвешенные вещества,0,1,26.0,26.0,ПДК,,,,,,,,
5349,2015-06-30,94000000000,Удмуртская Республика,р. Кама,Взвешенные вещества,0,3,12.0,33.0,ПДК,,,,,,,,
5356,2015-06-30,8000000000,Хабаровский край,р. Амур,БПК5,0,1,5.0,5.0,ПДК,,,,,,,,
5361,2015-07-31,25000000000,Иркутская область,р. Ангара,Взвешенные вещества,0,6,11.0,41.0,ПДК,,,,,,,,
5362,2015-07-31,25000000000,Иркутская область,р. Енисей,Взвешенные вещества,0,4,17.0,37.0,ПДК,,,,,,,,
5363,2015-07-31,25000000000,Иркутская область,р. Лена,Взвешенные вещества,0,1,15.0,15.0,ПДК,,,,,,,,
5364,2015-07-31,33000000000,Кировская область,р. Волга,Взвешенные вещества,0,4,10.0,30.0,ПДК,,,,,,,,
5365,2015-07-31,33000000000,Кировская область,р. Кама,Взвешенные вещества,0,5,12.0,22.0,ПДК,,,,,,,,
5367,2015-07-31,37000000000,Курганская область,р. Тобол,Взвешенные вещества,0,4,12.0,42.0,ПДК,,,,,,,,
5371,2015-07-31,46000000000,Московская область,р. Волга,БПК5,0,2,5.0,9.0,ПДК,,,,,,,,
5375,2015-07-31,46000000000,Московская область,р. Волга,ХПК,0,2,14.0,17.0,ПДК,,,,,,,,
5382,2015-07-31,22000000000,Нижегородская область,р. Волга,Взвешенные вещества,0,8,10.0,37.0,ПДК,,,,,,,,
5383,2015-07-31,22000000000,Нижегородская область,р. Ока,Взвешенные вещества,0,1,16.0,16.0,ПДК,,,,,,,,
5389,2015-07-31,53000000000,Оренбургская область,р. Урал,БПК5,0,4,9.0,13.0,ПДК,,,,,,,,
5391,2015-07-31,57000000000,Пермский край,р. Кама,Взвешенные вещества,0,3,10.0,19.0,ПДК,,,,,,,,
5399,2015-07-31,88000000000,Республика Марий Эл,р. Волга,Взвешенные вещества,0,1,15.0,15.0,ПДК,,,,,,,,
5400,2015-07-31,90000000000,Республика Северная Осетия-Алания,р. Терек,БПК5,0,2,8.0,20.0,ПДК,,,,,,,,
5402,2015-07-31,90000000000,Республика Северная Осетия-Алания,р. Терек,ХПК,0,1,20.0,20.0,ПДК,,,,,,,,
5406,2015-07-31,65000000000,Свердловская область,р. Кама,Взвешенные вещества,0,6,12.0,26.0,ПДК,,,,,,,,
5410,2015-07-31,65000000000,Свердловская область,р. Тобол,Взвешенные вещества,0,31,10.0,49.0,ПДК,,,,,,,,
5414,2015-07-31,70000000000,Тульская область,р. Волга,БПК5,0,1,8.0,8.0,ПДК,,,,,,,,
5416,2015-07-31,94000000000,Удмуртская Республика,р. Кама,Взвешенные вещества,0,2,12.0,13.0,ПДК,,,,,,,,
5424,2015-07-31,75000000000,Челябинская область,р. Кама,Взвешенные вещества,0,2,10.0,11.0,ПДК,,,,,,,,
5425,2015-07-31,75000000000,Челябинская область,р. Тобол,Взвешенные вещества,0,6,10.0,23.0,ПДК,,,,,,,,
5428,2015-07-31,75000000000,Челябинская область,р. Урал,Взвешенные вещества,0,2,11.0,11.0,ПДК,,,,,,,,
5441,2015-08-31,25000000000,Иркутская область,р. Ангара,Взвешенные вещества,0,2,14.0,16.0,ПДК,,,,,,,,
5442,2015-08-31,25000000000,Иркутская область,р. Енисей,Взвешенные вещества,0,2,11.0,14.0,ПДК,,,,,,,,
5443,2015-08-31,25000000000,Иркутская область,р. Лена,Взвешенные вещества,0,3,14.0,25.0,ПДК,,,,,,,,
5445,2015-08-31,33000000000,Кировская область,р. Волга,Взвешенные вещества,0,1,13.0,13.0,ПДК,,,,,,,,
5446,2015-08-31,33000000000,Кировская область,р. Кама,Взвешенные вещества,0,7,11.0,19.0,ПДК,,,,,,,,
5448,2015-08-31,3000000000,Краснодарский край,"малые реки, озера, водохранилища",БПК5,0,1,5.0,5.0,ПДК,,,,,,,,
5452,2015-08-31,37000000000,Курганская область,р. Тобол,Взвешенные вещества,0,5,14.0,47.0,ПДК,,,,,,,,
5454,2015-08-31,46000000000,Московская область,р. Волга,ХПК,0,1,13.0,13.0,ПДК,,,,,,,,
5458,2015-08-31,46000000000,Московская область,р. Волга,БПК5,0,3,5.0,7.0,ПДК,,,,,,,,
5464,2015-08-31,47000000000,Мурманская область,"малые реки, озера, водохранилища",БПК5,0,1,14.0,14.0,ПДК,,,,,,,,
5467,2015-08-31,22000000000,Нижегородская область,р. Волга,Взвешенные вещества,0,10,10.8,44.0,ПДК,,,,,,,,
5471,2015-08-31,57000000000,Пермский край,р. Кама,Взвешенные вещества,0,2,11.0,22.0,ПДК,,,,,,,,
5476,2015-08-31,5000000000,Приморский край,р. Амур,БПК5,0,1,20.0,20.0,ПДК,,,,,,,,
5479,2015-08-31,58000000000,Псковская область,"малые реки, озера, водохранилища",БПК5,0,1,5.0,5.0,ПДК,,,,,,,,
5480,2015-08-31,88000000000,Республика Марий Эл,р. Волга,Взвешенные вещества,0,1,17.0,17.0,ПДК,,,,,,,,
5483,2015-08-31,65000000000,Свердловская область,р. Кама,Взвешенные вещества,0,3,10.0,17.0,ПДК,,,,,,,,
5485,2015-08-31,65000000000,Свердловская область,р. Тобол,Взвешенные вещества,0,24,10.0,46.0,ПДК,,,,,,,,
5493,2015-08-31,94000000000,Удмуртская Республика,р. Кама,Взвешенные вещества,0,2,15.0,19.0,ПДК,,,,,,,,
5495,2015-08-31,8000000000,Хабаровский край,р. Амур,БПК5,0,3,5.0,15.0,ПДК,,,,,,,,
5502,2015-08-31,75000000000,Челябинская область,р. Кама,Взвешенные вещества,0,1,10.0,10.0,ПДК,,,,,,,,
5504,2015-08-31,75000000000,Челябинская область,р. Тобол,Взвешенные вещества,0,6,10.0,19.0,ПДК,,,,,,,,
5505,2015-08-31,75000000000,Челябинская область,р. Урал,Взвешенные вещества,0,1,10.0,10.0,ПДК,,,,,,,,
5515,2015-09-30,25000000000,Иркутская область,р. Лена,Взвешенные вещества,0,1,13.0,13.0,ПДК,,,,,,,,
5516,2015-09-30,33000000000,Кировская область,р. Волга,Взвешенные вещества,0,7,10.0,16.0,ПДК,,,,,,,,
5517,2015-09-30,33000000000,Кировская область,р. Кама,Взвешенные вещества,0,6,10.0,13.0,ПДК,,,,,,,,
5518,2015-09-30,33000000000,Кировская область,р. Северная Двина,Взвешенные вещества,0,2,13.0,23.0,ПДК,,,,,,,,
5519,2015-09-30,37000000000,Курганская область,р. Тобол,Взвешенные вещества,0,9,10.0,46.0,ПДК,,,,,,,,
5524,2015-09-30,46000000000,Московская область,р. Волга,БПК5,0,2,7.0,7.0,ПДК,,,,,,,,
5525,2015-09-30,46000000000,Московская область,р. Волга,ХПК,0,1,19.0,19.0,ПДК,,,,,,,,
5531,2015-09-30,22000000000,Нижегородская область,р. Волга,Взвешенные вещества,0,15,10.0,46.0,ПДК,,,,,,,,
5533,2015-09-30,22000000000,Нижегородская область,р. Ока,Взвешенные вещества,0,1,12.0,12.0,ПДК,,,,,,,,
5536,2015-09-30,57000000000,Пермский край,р. Кама,Взвешенные вещества,0,2,20.0,22.0,ПДК,,,,,,,,
5544,2015-09-30,58000000000,Псковская область,"малые реки, озера, водохранилища",БПК5,0,1,6.0,6.0,ПДК,,,,,,,,
5545,2015-09-30,88000000000,Республика Марий Эл,р. Волга,Взвешенные вещества,0,2,18.0,27.0,ПДК,,,,,,,,
5546,2015-09-30,90000000000,Республика Северная Осетия-Алания,р. Терек,БПК5,0,4,9.0,19.0,ПДК,,,,,,,,
5547,2015-09-30,90000000000,Республика Северная Осетия-Алания,р. Терек,ХПК,0,3,18.0,19.0,ПДК,,,,,,,,
5549,2015-09-30,64000000000,Сахалинская область,"малые реки, озера, водохранилища",БПК5,0,1,5.0,5.0,ПДК,,,,,,,,
5551,2015-09-30,65000000000,Свердловская область,р. Кама,Взвешенные вещества,0,6,12.0,22.0,ПДК,,,,,,,,
5554,2015-09-30,65000000000,Свердловская область,р. Тобол,Взвешенные вещества,0,27,10.0,49.0,ПДК,,,,,,,,
5558,2015-09-30,94000000000,Удмуртская Республика,р. Волга,Взвешенные вещества,0,1,15.0,15.0,ПДК,,,,,,,,
5559,2015-09-30,94000000000,Удмуртская Республика,р. Кама,Взвешенные вещества,0,6,12.0,35.0,ПДК,,,,,,,,
5567,2015-09-30,75000000000,Челябинская область,р. Кама,Взвешенные вещества,0,2,11.0,11.0,ПДК,,,,,,,,
5570,2015-09-30,75000000000,Челябинская область,р. Тобол,Взвешенные вещества,0,8,10.0,39.0,ПДК,,,,,,,,
5571,2015-09-30,75000000000,Челябинская область,р. Урал,Взвешенные вещества,0,4,10.0,13.0,ПДК,,,,,,,,
5580,2015-10-31,25000000000,Иркутская область,р. Ангара,Взвешенные вещества,0,1,10.0,10.0,ПДК,,,,,,,,
5581,2015-10-31,25000000000,Иркутская область,р. Лена,Взвешенные вещества,0,2,14.0,19.0,ПДК,,,,,,,,
5582,2015-10-31,33000000000,Кировская область,р. Кама,Взвешенные вещества,0,4,12.0,20.0,ПДК,,,,,,,,
5587,2015-10-31,37000000000,Курганская область,р. Тобол,Взвешенные вещества,0,7,17.0,49.0,ПДК,,,,,,,,
5591,2015-10-31,46000000000,Московская область,р. Волга,БПК5,0,4,5.0,20.0,ПДК,,,,,,,,
5592,2015-10-31,46000000000,Московская область,р. Волга,ХПК,0,2,11.0,22.0,ПДК,,,,,,,,
5599,2015-10-31,22000000000,Нижегородская область,р. Волга,Взвешенные вещества,0,11,11.0,40.0,ПДК,,,,,,,,
5603,2015-10-31,57000000000,Пермский край,р. Кама,Взвешенные вещества,0,5,10.0,24.0,ПДК,,,,,,,,
5611,2015-10-31,88000000000,Республика Марий Эл,р. Волга,Взвешенные вещества,0,3,12.0,18.0,ПДК,,,,,,,,
5613,2015-10-31,36000000000,Самарская область,р. Волга,ХПК,0,1,14.0,14.0,ПДК,,,,,,,,
5616,2015-10-31,65000000000,Свердловская область,р. Кама,Взвешенные вещества,0,2,12.0,17.0,ПДК,,,,,,,,
5618,2015-10-31,65000000000,Свердловская область,р. Тобол,Взвешенные вещества,0,26,10.0,33.0,ПДК,,,,,,,,
5628,2015-10-31,8000000000,Хабаровский край,р. Амур,БПК5,0,2,8.0,16.0,ПДК,,,,,,,,
5639,2015-10-31,75000000000,Челябинская область,р. Кама,Взвешенные вещества,0,5,10.0,14.0,ПДК,,,,,,,,
5641,2015-10-31,75000000000,Челябинская область,р. Тобол,Взвешенные вещества,0,8,10.0,25.0,ПДК,,,,,,,,
5643,2015-10-31,75000000000,Челябинская область,р. Урал,Взвешенные вещества,0,4,10.0,11.0,ПДК,,,,,,,,
5644,2015-10-31,75000000000,Челябинская область,"малые реки, озера, водохранилища",Взвешенные вещества,0,2,10.0,11.0,ПДК,,,,,,,,
5650,2015-11-30,33000000000,Кировская область,р. Волга,Взвешенные вещества,0,2,10.0,10.0,ПДК,,,,,,,,
5651,2015-11-30,33000000000,Кировская область,р. Кама,Взвешенные вещества,0,3,10.0,11.0,ПДК,,,,,,,,
5653,2015-11-30,37000000000,Курганская область,р. Тобол,Взвешенные вещества,0,4,11.0,23.0,ПДК,,,,,,,,
5659,2015-11-30,46000000000,Московская область,р. Волга,БПК5,0,7,6.0,14.0,ПДК,,,,,,,,
5664,2015-11-30,47000000000,Мурманская область,"малые реки, озера, водохранилища",ХПК,0,1,10.0,10.0,ПДК,,,,,,,,
5666,2015-11-30,22000000000,Нижегородская область,р. Волга,Взвешенные вещества,0,5,15.0,41.0,ПДК,,,,,,,,
5675,2015-11-30,57000000000,Пермский край,р. Кама,Взвешенные вещества,0,6,11.0,32.0,ПДК,,,,,,,,
5676,2015-11-30,5000000000,Приморский край,р. Амур,БПК5,0,1,19.0,19.0,ПДК,,,,,,,,
5684,2015-11-30,90000000000,Республика Северная Осетия-Алания,р. Терек,ХПК,0,4,12.0,16.0,ПДК,,,,,,,,
5685,2015-11-30,90000000000,Республика Северная Осетия-Алания,р. Терек,БПК5,0,4,12.0,16.0,ПДК,,,,,,,,
5687,2015-11-30,36000000000,Самарская область,р. Волга,БПК5,0,5,11.0,15.0,ПДК,,,,,,,,
5689,2015-11-30,65000000000,Свердловская область,р. Кама,Взвешенные вещества,0,2,11.0,27.0,ПДК,,,,,,,,
5692,2015-11-30,65000000000,Свердловская область,р. Тобол,Взвешенные вещества,0,14,10.0,27.0,ПДК,,,,,,,,
5695,2015-11-30,65000000000,Свердловская область,р. Тобол,БПК5,0,1,7.0,7.0,ПДК,,,,,,,,
5697,2015-11-30,66000000000,Смоленская область,р. Днепр,БПК5,0,1,8.0,8.0,ПДК,,,,,,,,
5701,2015-11-30,94000000000,Удмуртская Республика,р. Кама,Взвешенные вещества,0,2,21.0,45.0,ПДК,,,,,,,,
5708,2015-11-30,75000000000,Челябинская область,р. Кама,Взвешенные вещества,0,3,10.0,13.0,ПДК,,,,,,,,
5710,2015-11-30,75000000000,Челябинская область,р. Тобол,Взвешенные вещества,0,6,10.0,11.0,ПДК,,,,,,,,
5711,2015-11-30,75000000000,Челябинская область,р. Урал,Взвешенные вещества,0,2,10.0,10.0,ПДК,,,,,,,,
5721,2015-12-31,33000000000,Кировская область,р. Волга,Взвешенные вещества,0,2,19.0,22.0,ПДК,,,,,,,,
5722,2015-12-31,33000000000,Кировская область,р. Кама,Взвешенные вещества,0,2,10.0,14.0,ПДК,,,,,,,,
5729,2015-12-31,46000000000,Московская область,р. Волга,БПК5,0,9,6.0,13.0,ПДК,,,,,,,,
5731,2015-12-31,22000000000,Нижегородская область,р. Волга,Взвешенные вещества,0,6,10.0,44.0,ПДК,,,,,,,,
5739,2015-12-31,5000000000,Приморский край,р. Амур,БПК5,0,1,13.0,13.0,ПДК,,,,,,,,
5743,2015-12-31,88000000000,Республика Марий Эл,р. Волга,Взвешенные вещества,0,3,10.0,15.0,ПДК,,,,,,,,
5744,2015-12-31,90000000000,Республика Северная Осетия-Алания,р. Терек,ХПК,0,2,17.0,18.0,ПДК,,,,,,,,
5745,2015-12-31,90000000000,Республика Северная Осетия-Алания,р. Терек,БПК5,0,2,17.0,18.0,ПДК,,,,,,,,
5747,2015-12-31,65000000000,Свердловская область,р. Кама,Взвешенные вещества,0,2,16.0,17.0,ПДК,,,,,,,,
5751,2015-12-31,65000000000,Свердловская область,р. Тобол,ХПК,0,1,12.0,12.0,ПДК,,,,,,,,
5755,2015-12-31,65000000000,Свердловская область,р. Тобол,Взвешенные вещества,0,2,16.0,34.0,ПДК,,,,,,,,
5756,2015-12-31,65000000000,Свердловская область,р. Тобол,БПК5,0,2,6.0,6.0,ПДК,,,,,,,,
5766,2015-12-31,75000000000,Челябинская область,р. Кама,Взвешенные вещества,0,3,10.0,15.0,ПДК,,,,,,,,
5767,2015-12-31,75000000000,Челябинская область,р. Тобол,Взвешенные вещества,0,3,10.0,15.0,ПДК,,,,,,,,
5769,2015-12-31,75000000000,Челябинская область,р. Урал,Взвешенные вещества,0,1,10.0,10.0,ПДК,,,,,,,,
5772,2016-01-31,25000000000,Иркутская область,р. Ангара,Взвешенные вещества,0,1,21.0,21.0,ПДК,,,,,,,,
5773,2016-01-31,37000000000,Курганская область,р. Тобол,Взвешенные вещества,0,5,12.0,21.0,ПДК,,,,,,,,
5777,2016-01-31,46000000000,Московская область,р. Волга,БПК5,0,4,6.0,7.0,ПДК,,,,,,,,
5778,2016-01-31,46000000000,Московская область,р. Волга,ХПК,0,1,10.0,10.0,ПДК,,,,,,,,
5783,2016-01-31,22000000000,Нижегородская область,р. Волга,Взвешенные вещества,0,2,11.0,18.0,ПДК,,,,,,,,
5794,2016-01-31,5000000000,Приморский край,р. Амур,БПК5,0,1,12.0,12.0,ПДК,,,,,,,,
5799,2016-01-31,79000000000,Республика Адыгея (Адыгея),р. Кубань,Взвешенные вещества,0,1,34.0,34.0,ПДК,,,,,,,,
5801,2016-01-31,64000000000,Сахалинская область,"малые реки, озера, водохранилища",БПК5,0,1,8.0,8.0,ПДК,,,,,,,,
5803,2016-01-31,65000000000,Свердловская область,р. Кама,Взвешенные вещества,0,4,10.0,29.0,ПДК,,,,,,,,
5804,2016-01-31,65000000000,Свердловская область,р. Тобол,БПК5,0,1,5.0,5.0,ПДК,,,,,,,,
5810,2016-01-31,65000000000,Свердловская область,р. Тобол,Взвешенные вещества,0,18,10.0,43.0,ПДК,,,,,,,,
5814,2016-01-31,75000000000,Челябинская область,р. Кама,Взвешенные вещества,0,2,10.0,11.0,ПДК,,,,,,,,
5815,2016-01-31,75000000000,Челябинская область,р. Тобол,Взвешенные вещества,0,4,10.0,15.0,ПДК,,,,,,,,
5823,2016-02-29,25000000000,Иркутская область,р. Ангара,Взвешенные вещества,0,1,15.0,15.0,ПДК,,,,,,,,
5825,2016-02-29,33000000000,Кировская область,р. Кама,Взвешенные вещества,0,1,10.0,10.0,ПДК,,,,,,,,
5827,2016-02-29,37000000000,Курганская область,р. Тобол,Взвешенные вещества,0,5,12.0,28.0,ПДК,,,,,,,,
5830,2016-02-29,41000000000,Ленинградская область,"малые реки, озера, водохранилища",БПК5,0,1,6.0,6.0,ПДК,,,,,,,,
5834,2016-02-29,46000000000,Московская область,р. Волга,БПК5,0,3,5.0,7.0,ПДК,,,,,,,,
5836,2016-02-29,47000000000,Мурманская область,"малые реки, озера, водохранилища",БПК5,0,1,9.0,9.0,ПДК,,,,,,,,
5844,2016-02-29,22000000000,Нижегородская область,р. Волга,Взвешенные вещества,0,3,18.0,23.0,ПДК,,,,,,,,
5853,2016-02-29,57000000000,Пермский край,р. Кама,Взвешенные вещества,0,2,12.0,13.0,ПДК,,,,,,,,
5856,2016-02-29,5000000000,Приморский край,р. Амур,БПК5,0,1,20.0,20.0,ПДК,,,,,,,,
5858,2016-02-29,90000000000,Республика Северная Осетия-Алания,р. Терек,ХПК,0,3,18.0,19.0,ПДК,,,,,,,,
5859,2016-02-29,90000000000,Республика Северная Осетия-Алания,р. Терек,БПК5,0,6,5.0,19.0,ПДК,,,,,,,,
5861,2016-02-29,64000000000,Сахалинская область,"малые реки, озера, водохранилища",БПК5,0,1,8.0,8.0,ПДК,,,,,,,,
5864,2016-02-29,65000000000,Свердловская область,р. Тобол,Взвешенные вещества,0,8,10.0,14.0,ПДК,,,,,,,,
5874,2016-02-29,94000000000,Удмуртская Республика,р. Кама,Взвешенные вещества,0,1,25.0,25.0,ПДК,,,,,,,,
5875,2016-02-29,75000000000,Челябинская область,р. Кама,Взвешенные вещества,0,1,10.0,10.0,ПДК,,,,,,,,
5878,2016-02-29,75000000000,Челябинская область,р. Тобол,Взвешенные вещества,0,3,10.0,23.0,ПДК,,,,,,,,
5879,2016-02-29,75000000000,Челябинская область,р. Урал,Взвешенные вещества,0,3,10.0,11.0,ПДК,,,,,,,,
5886,2016-03-31,25000000000,Иркутская область,р. Ангара,Взвешенные вещества,0,2,17.0,36.0,ПДК,,,,,,,,
5888,2016-03-31,33000000000,Кировская область,р. Волга,Взвешенные вещества,0,4,10.0,19.0,ПДК,,,,,,,,
5889,2016-03-31,33000000000,Кировская область,р. Кама,Взвешенные вещества,0,1,12.0,12.0,ПДК,,,,,,,,
5890,2016-03-31,3000000000,Краснодарский край,р. Кубань,Взвешенные вещества,0,2,12.0,40.0,ПДК,,,,,,,,
5895,2016-03-31,37000000000,Курганская область,р. Тобол,Взвешенные вещества,0,5,11.0,44.0,ПДК,,,,,,,,
5898,2016-03-31,46000000000,Московская область,р. Волга,БПК5,0,7,6.0,11.0,ПДК,,,,,,,,
5906,2016-03-31,47000000000,Мурманская область,"малые реки, озера, водохранилища",ХПК,0,1,11.0,11.0,ПДК,,,,,,,,
5908,2016-03-31,22000000000,Нижегородская область,р. Волга,Взвешенные вещества,0,6,12.0,45.0,ПДК,,,,,,,,
5918,2016-03-31,57000000000,Пермский край,р. Кама,Взвешенные вещества,0,1,40.0,40.0,ПДК,,,,,,,,
5920,2016-03-31,5000000000,Приморский край,р. Амур,БПК5,0,1,14.0,14.0,ПДК,,,,,,,,
5926,2016-03-31,88000000000,Республика Марий Эл,р. Волга,Взвешенные вещества,0,2,15.0,19.0,ПДК,,,,,,,,
5929,2016-03-31,65000000000,Свердловская область,р. Кама,Взвешенные вещества,0,4,11.0,35.0,ПДК,,,,,,,,
5936,2016-03-31,65000000000,Свердловская область,р. Тобол,Взвешенные вещества,0,10,11.0,37.0,ПДК,,,,,,,,
5939,2016-03-31,94000000000,Удмуртская Республика,р. Кама,Взвешенные вещества,0,2,11.0,15.0,ПДК,,,,,,,,
5943,2016-03-31,75000000000,Челябинская область,р. Кама,Взвешенные вещества,0,2,11.0,11.0,ПДК,,,,,,,,
5947,2016-03-31,75000000000,Челябинская область,р. Тобол,Взвешенные вещества,0,5,10.0,13.0,ПДК,,,,,,,,
5948,2016-03-31,75000000000,Челябинская область,р. Урал,Взвешенные вещества,0,3,10.0,11.0,ПДК,,,,,,,,
5954,2016-04-30,25000000000,Иркутская область,р. Ангара,Взвешенные вещества,0,4,11.0,14.0,ПДК,,,,,,,,
5955,2016-04-30,25000000000,Иркутская область,р. Енисей,Взвешенные вещества,0,4,11.0,14.0,ПДК,,,,,,,,
5956,2016-04-30,25000000000,Иркутская область,р. Лена,Взвешенные вещества,0,1,10.0,10.0,ПДК,,,,,,,,
5958,2016-04-30,33000000000,Кировская область,р. Волга,Взвешенные вещества,0,1,12.0,12.0,ПДК,,,,,,,,
5959,2016-04-30,33000000000,Кировская область,р. Кама,Взвешенные вещества,0,3,12.0,15.0,ПДК,,,,,,,,
5962,2016-04-30,37000000000,Курганская область,р. Тобол,Взвешенные вещества,0,10,10.0,47.0,ПДК,,,,,,,,
5970,2016-04-30,46000000000,Московская область,р. Волга,БПК5,0,3,6.0,14.0,ПДК,,,,,,,,
5977,2016-04-30,22000000000,Нижегородская область,р. Волга,Взвешенные вещества,0,27,10.0,44.0,ПДК,,,,,,,,
5983,2016-04-30,57000000000,Пермский край,р. Волга,Взвешенные вещества,0,1,40.0,40.0,ПДК,,,,,,,,
5984,2016-04-30,57000000000,Пермский край,р. Кама,Взвешенные вещества,0,19,12.0,43.0,ПДК,,,,,,,,
5992,2016-04-30,98000000000,Республика Саха (Якутия),"малые реки, озера, водохранилища",ХПК,0,1,16.0,16.0,ПДК,,,,,,,,
5993,2016-04-30,90000000000,Республика Северная Осетия-Алания,р. Терек,БПК5,0,1,10.0,10.0,ПДК,,,,,,,,
5997,2016-04-30,65000000000,Свердловская область,р. Тобол,Взвешенные вещества,0,38,10.0,38.0,ПДК,,,,,,,,
6007,2016-04-30,94000000000,Удмуртская Республика,р. Кама,Взвешенные вещества,0,13,10.0,40.0,ПДК,,,,,,,,
6013,2016-04-30,75000000000,Челябинская область,р. Кама,Взвешенные вещества,0,13,11.0,21.0,ПДК,,,,,,,,
6014,2016-04-30,75000000000,Челябинская область,р. Тобол,Взвешенные вещества,0,17,11.0,21.0,ПДК,,,,,,,,
6016,2016-04-30,75000000000,Челябинская область,р. Урал,Взвешенные вещества,0,9,10.0,23.0,ПДК,,,,,,,,
6024,2016-05-31,19000000000,Вологодская область,р. Северная Двина,БПК5,0,2,8.0,17.0,ПДК,,,,,,,,
6027,2016-05-31,25000000000,Иркутская область,р. Ангара,Взвешенные вещества,0,17,10.0,48.0,ПДК,,,,,,,,
6028,2016-05-31,25000000000,Иркутская область,р. Енисей,Взвешенные вещества,0,7,13.0,24.0,ПДК,,,,,,,,
6029,2016-05-31,33000000000,Кировская область,р. Волга,Взвешенные вещества,0,21,10.0,29.0,ПДК,,,,,,,,
6030,2016-05-31,33000000000,Кировская область,р. Кама,Взвешенные вещества,0,14,10.0,29.0,ПДК,,,,,,,,
6031,2016-05-31,33000000000,Кировская область,р. Северная Двина,Взвешенные вещества,0,2,11.0,16.0,ПДК,,,,,,,,
6032,2016-05-31,37000000000,Курганская область,р. Тобол,Взвешенные вещества,0,1,17.0,17.0,ПДК,,,,,,,,
6039,2016-05-31,46000000000,Московская область,р. Волга,БПК5,0,5,6.0,8.0,ПДК,,,,,,,,
6041,2016-05-31,46000000000,Московская область,р. Волга,ХПК,0,1,10.0,10.0,ПДК,,,,,,,,
6043,2016-05-31,47000000000,Мурманская область,"малые реки, озера, водохранилища",БПК5,0,1,17.0,17.0,ПДК,,,,,,,,
6047,2016-05-31,22000000000,Нижегородская область,р. Волга,Взвешенные вещества,0,33,10.0,46.0,ПДК,,,,,,,,
6049,2016-05-31,22000000000,Нижегородская область,р. Ока,Взвешенные вещества,0,1,13.0,13.0,ПДК,,,,,,,,
6057,2016-05-31,57000000000,Пермский край,р. Волга,Взвешенные вещества,0,2,11.0,17.0,ПДК,,,,,,,,
6058,2016-05-31,57000000000,Пермский край,р. Кама,Взвешенные вещества,0,16,12.0,34.0,ПДК,,,,,,,,
6062,2016-05-31,79000000000,Республика Адыгея (Адыгея),р. Кубань,Взвешенные вещества,0,1,40.0,40.0,ПДК,,,,,,,,
6063,2016-05-31,88000000000,Республика Марий Эл,р. Волга,Взвешенные вещества,0,2,10.0,12.0,ПДК,,,,,,,,
6064,2016-05-31,90000000000,Республика Северная Осетия-Алания,р. Терек,БПК5,0,8,7.0,20.0,ПДК,,,,,,,,
6065,2016-05-31,90000000000,Республика Северная Осетия-Алания,р. Терек,ХПК,0,5,12.0,20.0,ПДК,,,,,,,,
6068,2016-05-31,65000000000,Свердловская область,р. Кама,Взвешенные вещества,0,2,17.0,29.0,ПДК,,,,,,,,
6069,2016-05-31,65000000000,Свердловская область,р. Тобол,Взвешенные вещества,0,20,13.0,45.0,ПДК,,,,,,,,
6073,2016-05-31,94000000000,Удмуртская Республика,р. Волга,Взвешенные вещества,0,2,19.0,28.0,ПДК,,,,,,,,
6074,2016-05-31,94000000000,Удмуртская Республика,р. Кама,Взвешенные вещества,0,9,10.0,44.0,ПДК,,,,,,,,
6080,2016-05-31,8000000000,Хабаровский край,р. Амур,БПК5,0,1,6.0,6.0,ПДК,,,,,,,,
6081,2016-05-31,75000000000,Челябинская область,р. Кама,Взвешенные вещества,0,14,10.0,18.0,ПДК,,,,,,,,
6082,2016-05-31,75000000000,Челябинская область,р. Тобол,Взвешенные вещества,0,15,10.0,22.0,ПДК,,,,,,,,
6084,2016-05-31,75000000000,Челябинская область,р. Урал,Взвешенные вещества,0,3,11.0,13.0,ПДК,,,,,,,,
6094,2016-06-30,40000000000,г. Санкт-Петербург,"малые реки, озера, водохранилища",БПК5,0,1,7.0,7.0,ПДК,,,,,,,,
6096,2016-06-30,25000000000,Иркутская область,р. Ангара,Взвешенные вещества,0,7,11.0,44.0,ПДК,,,,,,,,
6097,2016-06-30,25000000000,Иркутская область,р. Енисей,Взвешенные вещества,0,8,11.0,44.0,ПДК,,,,,,,,
6098,2016-06-30,25000000000,Иркутская область,р. Лена,Взвешенные вещества,0,4,14.0,31.0,ПДК,,,,,,,,
6100,2016-06-30,33000000000,Кировская область,р. Волга,Взвешенные вещества,0,2,20.0,23.0,ПДК,,,,,,,,
6101,2016-06-30,33000000000,Кировская область,р. Кама,Взвешенные вещества,0,1,13.0,13.0,ПДК,,,,,,,,
6108,2016-06-30,46000000000,Московская область,р. Волга,ХПК,0,1,30.0,30.0,ПДК,,,,,,,,
6109,2016-06-30,46000000000,Московская область,р. Волга,БПК5,0,10,5.0,10.0,ПДК,,,,,,,,
6119,2016-06-30,22000000000,Нижегородская область,р. Волга,Взвешенные вещества,0,33,10.0,35.0,ПДК,,,,,,,,
6120,2016-06-30,22000000000,Нижегородская область,р. Ока,Взвешенные вещества,0,1,13.0,13.0,ПДК,,,,,,,,
6128,2016-06-30,57000000000,Пермский край,р. Кама,Взвешенные вещества,0,12,10.0,41.0,ПДК,,,,,,,,
6130,2016-06-30,5000000000,Приморский край,р. Амур,БПК5,0,1,8.0,8.0,ПДК,,,,,,,,
6139,2016-06-30,36000000000,Самарская область,р. Волга,БПК5,0,2,6.0,7.0,ПДК,,,,,,,,
6143,2016-06-30,65000000000,Свердловская область,р. Тобол,Взвешенные вещества,0,10,15.0,42.0,ПДК,,,,,,,,
6149,2016-06-30,94000000000,Удмуртская Республика,р. Кама,Взвешенные вещества,0,3,11.0,24.0,ПДК,,,,,,,,
6154,2016-06-30,75000000000,Челябинская область,р. Кама,Взвешенные вещества,0,4,10.0,13.0,ПДК,,,,,,,,
6155,2016-06-30,75000000000,Челябинская область,р. Тобол,Взвешенные вещества,0,7,10.0,20.0,ПДК,,,,,,,,
6157,2016-06-30,75000000000,Челябинская область,р. Урал,Взвешенные вещества,0,3,10.0,11.0,ПДК,,,,,,,,
6163,2016-07-31,17000000000,Владимирская область,р. Волга,БПК5,0,2,5.0,6.0,ПДК,,,,,,,,
6164,2016-07-31,17000000000,Владимирская область,р. Ока,БПК5,0,1,9.0,9.0,ПДК,,,,,,,,
6172,2016-07-31,25000000000,Иркутская область,р. Ангара,Взвешенные вещества,0,15,10.0,48.0,ПДК,,,,,,,,
6173,2016-07-31,25000000000,Иркутская область,р. Енисей,Взвешенные вещества,0,6,10.0,23.0,ПДК,,,,,,,,
6174,2016-07-31,25000000000,Иркутская область,р. Лена,Взвешенные вещества,0,3,12.0,13.0,ПДК,,,,,,,,
6175,2016-07-31,25000000000,Иркутская область,"малые реки, озера, водохранилища",Взвешенные вещества,0,1,22.0,22.0,ПДК,,,,,,,,
6177,2016-07-31,33000000000,Кировская область,р. Волга,Взвешенные вещества,0,6,11.0,19.0,ПДК,,,,,,,,
6178,2016-07-31,33000000000,Кировская область,р. Кама,Взвешенные вещества,0,2,13.0,13.0,ПДК,,,,,,,,
6182,2016-07-31,37000000000,Курганская область,р. Тобол,Взвешенные вещества,0,3,21.0,27.0,ПДК,,,,,,,,
6188,2016-07-31,46000000000,Московская область,р. Волга,ХПК,0,1,15.0,15.0,ПДК,,,,,,,,
6190,2016-07-31,46000000000,Московская область,р. Волга,БПК5,0,7,5.0,8.0,ПДК,,,,,,,,
6199,2016-07-31,47000000000,Мурманская область,"малые реки, озера, водохранилища",ХПК,0,1,11.0,11.0,ПДК,,,,,,,,
6203,2016-07-31,22000000000,Нижегородская область,р. Волга,Взвешенные вещества,0,25,10.0,49.0,ПДК,,,,,,,,
6208,2016-07-31,57000000000,Пермский край,р. Кама,Взвешенные вещества,0,15,10.0,22.0,ПДК,,,,,,,,
6212,2016-07-31,88000000000,Республика Марий Эл,р. Волга,Взвешенные вещества,0,2,12.0,13.0,ПДК,,,,,,,,
6214,2016-07-31,90000000000,Республика Северная Осетия-Алания,р. Терек,БПК5,0,1,7.0,7.0,ПДК,,,,,,,,
6216,2016-07-31,36000000000,Самарская область,р. Волга,БПК5,0,2,6.0,6.0,ПДК,,,,,,,,
6217,2016-07-31,65000000000,Свердловская область,р. Кама,Взвешенные вещества,0,3,12.0,24.0,ПДК,,,,,,,,
6221,2016-07-31,65000000000,Свердловская область,р. Тобол,Взвешенные вещества,0,11,12.0,38.0,ПДК,,,,,,,,
6222,2016-07-31,65000000000,Свердловская область,р. Тобол,БПК5,0,1,7.0,7.0,ПДК,,,,,,,,
6226,2016-07-31,94000000000,Удмуртская Республика,р. Волга,Взвешенные вещества,0,1,12.0,12.0,ПДК,,,,,,,,
6227,2016-07-31,94000000000,Удмуртская Республика,р. Кама,Взвешенные вещества,0,11,10.0,35.0,ПДК,,,,,,,,
6236,2016-07-31,75000000000,Челябинская область,р. Кама,Взвешенные вещества,0,2,10.0,12.0,ПДК,,,,,,,,
6238,2016-07-31,75000000000,Челябинская область,р. Тобол,Взвешенные вещества,0,6,10.0,19.0,ПДК,,,,,,,,
6239,2016-07-31,75000000000,Челябинская область,р. Урал,Взвешенные вещества,0,3,10.0,11.0,ПДК,,,,,,,,
6249,2016-08-31,19000000000,Вологодская область,р. Северная Двина,БПК5,0,1,10.0,10.0,ПДК,,,,,,,,
6254,2016-08-31,25000000000,Иркутская область,р. Ангара,Взвешенные вещества,0,5,15.0,34.0,ПДК,,,,,,,,
6255,2016-08-31,25000000000,Иркутская область,р. Енисей,Взвешенные вещества,0,3,11.0,29.0,ПДК,,,,,,,,
6256,2016-08-31,25000000000,Иркутская область,р. Лена,Взвешенные вещества,0,2,13.0,23.0,ПДК,,,,,,,,
6257,2016-08-31,33000000000,Кировская область,р. Волга,Взвешенные вещества,0,2,14.0,16.0,ПДК,,,,,,,,
6258,2016-08-31,33000000000,Кировская область,р. Кама,Взвешенные вещества,0,7,10.0,16.0,ПДК,,,,,,,,
6261,2016-08-31,37000000000,Курганская область,р. Тобол,Взвешенные вещества,0,3,10.0,29.0,ПДК,,,,,,,,
6267,2016-08-31,46000000000,Московская область,р. Волга,ХПК,0,1,14.0,14.0,ПДК,,,,,,,,
6268,2016-08-31,46000000000,Московская область,р. Волга,БПК5,0,6,5.0,8.0,ПДК,,,,,,,,
6275,2016-08-31,22000000000,Нижегородская область,р. Волга,Взвешенные вещества,0,19,10.0,43.0,ПДК,,,,,,,,
6276,2016-08-31,22000000000,Нижегородская область,р. Ока,Взвешенные вещества,0,1,17.0,17.0,ПДК,,,,,,,,
6281,2016-08-31,57000000000,Пермский край,р. Кама,Взвешенные вещества,0,5,12.0,38.0,ПДК,,,,,,,,
6282,2016-08-31,5000000000,Приморский край,р. Амур,БПК5,0,1,15.0,15.0,ПДК,,,,,,,,
6291,2016-08-31,36000000000,Самарская область,р. Волга,ХПК,0,1,15.0,15.0,ПДК,,,,,,,,
6293,2016-08-31,65000000000,Свердловская область,р. Кама,Взвешенные вещества,0,1,21.0,21.0,ПДК,,,,,,,,
6294,2016-08-31,65000000000,Свердловская область,р. Тобол,Взвешенные вещества,0,12,11.0,26.0,ПДК,,,,,,,,
6299,2016-08-31,66000000000,Смоленская область,р. Днепр,БПК5,0,1,6.0,6.0,ПДК,,,,,,,,
6301,2016-08-31,94000000000,Удмуртская Республика,р. Кама,Взвешенные вещества,0,7,11.0,16.0,ПДК,,,,,,,,
6305,2016-08-31,8000000000,Хабаровский край,р. Амур,БПК5,0,1,8.0,8.0,ПДК,,,,,,,,
6308,2016-08-31,75000000000,Челябинская область,р. Кама,Взвешенные вещества,0,3,10.0,13.0,ПДК,,,,,,,,
6310,2016-08-31,75000000000,Челябинская область,р. Тобол,Взвешенные вещества,0,4,10.0,11.0,ПДК,,,,,,,,
6311,2016-08-31,75000000000,Челябинская область,р. Урал,Взвешенные вещества,0,5,10.0,12.0,ПДК,,,,,,,,
6317,2016-09-30,25000000000,Иркутская область,р. Ангара,Взвешенные вещества,0,5,11.0,29.0,ПДК,,,,,,,,
6318,2016-09-30,33000000000,Кировская область,р. Волга,Взвешенные вещества,0,2,10.0,11.0,ПДК,,,,,,,,
6319,2016-09-30,37000000000,Курганская область,р. Тобол,Взвешенные вещества,0,6,12.0,32.0,ПДК,,,,,,,,
6321,2016-09-30,46000000000,Московская область,р. Волга,АСПАВ,4,1,10.0,10.0,ПДК,,,,,,,,
6322,2016-09-30,46000000000,Московская область,р. Волга,ХПК,0,1,11.0,11.0,ПДК,,,,,,,,
6323,2016-09-30,46000000000,Московская область,р. Волга,БПК5,0,3,7.0,8.0,ПДК,,,,,,,,
6329,2016-09-30,22000000000,Нижегородская область,р. Волга,Взвешенные вещества,0,19,10.0,37.0,ПДК,,,,,,,,
6330,2016-09-30,22000000000,Нижегородская область,р. Ока,Взвешенные вещества,0,1,15.0,15.0,ПДК,,,,,,,,
6336,2016-09-30,57000000000,Пермский край,р. Кама,Взвешенные вещества,0,3,12.0,23.0,ПДК,,,,,,,,
6340,2016-09-30,90000000000,Республика Северная Осетия-Алания,р. Терек,БПК5,0,2,18.0,19.0,ПДК,,,,,,,,
6341,2016-09-30,90000000000,Республика Северная Осетия-Алания,р. Терек,ХПК,0,2,18.0,19.0,ПДК,,,,,,,,
6342,2016-09-30,36000000000,Самарская область,р. Волга,БПК5,0,3,6.0,7.0,ПДК,,,,,,,,
6346,2016-09-30,65000000000,Свердловская область,р. Тобол,Взвешенные вещества,0,12,11.0,39.0,ПДК,,,,,,,,
6350,2016-09-30,94000000000,Удмуртская Республика,р. Кама,Взвешенные вещества,0,1,11.0,11.0,ПДК,,,,,,,,
6356,2016-09-30,75000000000,Челябинская область,р. Кама,Взвешенные вещества,0,5,10.0,13.0,ПДК,,,,,,,,
6357,2016-09-30,75000000000,Челябинская область,р. Тобол,Взвешенные вещества,0,7,10.0,25.0,ПДК,,,,,,,,
6360,2016-09-30,75000000000,Челябинская область,р. Урал,Взвешенные вещества,0,2,11.0,11.0,ПДК,,,,,,,,
6364,2016-10-31,17000000000,Владимирская область,р. Волга,БПК5,0,1,5.0,5.0,ПДК,,,,,,,,
6366,2016-10-31,17000000000,Владимирская область,р. Ока,БПК5,0,1,5.0,5.0,ПДК,,,,,,,,
6371,2016-10-31,25000000000,Иркутская область,р. Ангара,Взвешенные вещества,0,2,22.0,49.0,ПДК,,,,,,,,
6372,2016-10-31,25000000000,Иркутская область,р. Енисей,Взвешенные вещества,0,1,11.0,11.0,ПДК,,,,,,,,
6377,2016-10-31,37000000000,Курганская область,р. Тобол,Взвешенные вещества,0,2,12.0,13.0,ПДК,,,,,,,,
6381,2016-10-31,46000000000,Московская область,р. Волга,ХПК,0,1,12.0,12.0,ПДК,,,,,,,,
6385,2016-10-31,46000000000,Московская область,р. Волга,БПК5,0,4,6.0,8.0,ПДК,,,,,,,,
6390,2016-10-31,22000000000,Нижегородская область,р. Волга,Взвешенные вещества,0,4,11.0,16.0,ПДК,,,,,,,,
6392,2016-10-31,22000000000,Нижегородская область,р. Ока,Взвешенные вещества,0,1,13.0,13.0,ПДК,,,,,,,,
6400,2016-10-31,57000000000,Пермский край,р. Кама,Взвешенные вещества,0,5,11.0,34.0,ПДК,,,,,,,,
6409,2016-10-31,36000000000,Самарская область,р. Волга,БПК5,0,1,6.0,6.0,ПДК,,,,,,,,
6413,2016-10-31,65000000000,Свердловская область,р. Кама,Взвешенные вещества,0,2,21.0,24.0,ПДК,,,,,,,,
6414,2016-10-31,65000000000,Свердловская область,р. Тобол,Взвешенные вещества,0,15,11.0,39.0,ПДК,,,,,,,,
6420,2016-10-31,94000000000,Удмуртская Республика,р. Кама,Взвешенные вещества,0,1,37.0,37.0,ПДК,,,,,,,,
6427,2016-10-31,75000000000,Челябинская область,р. Кама,Взвешенные вещества,0,5,10.0,11.0,ПДК,,,,,,,,
6429,2016-10-31,75000000000,Челябинская область,р. Тобол,Взвешенные вещества,0,9,10.0,17.0,ПДК,,,,,,,,
6430,2016-10-31,75000000000,Челябинская область,р. Урал,Взвешенные вещества,0,4,10.0,11.0,ПДК,,,,,,,,
6431,2016-10-31,75000000000,Челябинская область,"малые реки, озера, водохранилища",Взвешенные вещества,0,3,10.0,12.0,ПДК,,,,,,,,
6434,2016-11-30,17000000000,Владимирская область,р. Волга,БПК5,0,1,6.0,6.0,ПДК,,,,,,,,
6435,2016-11-30,17000000000,Владимирская область,р. Ока,БПК5,0,1,6.0,6.0,ПДК,,,,,,,,
6441,2016-11-30,19000000000,Вологодская область,р. Северная Двина,БПК5,0,1,10.0,10.0,ПДК,,,,,,,,
6447,2016-11-30,25000000000,Иркутская область,р. Ангара,Взвешенные вещества,0,1,10.0,10.0,ПДК,,,,,,,,
6448,2016-11-30,25000000000,Иркутская область,р. Енисей,Взвешенные вещества,0,1,11.0,11.0,ПДК,,,,,,,,
6451,2016-11-30,33000000000,Кировская область,р. Волга,Взвешенные вещества,0,2,12.0,13.0,ПДК,,,,,,,,
6458,2016-11-30,46000000000,Московская область,р. Волга,БПК5,0,4,6.0,9.0,ПДК,,,,,,,,
6459,2016-11-30,46000000000,Московская область,р. Волга,ХПК,0,1,13.0,13.0,ПДК,,,,,,,,
6465,2016-11-30,47000000000,Мурманская область,"малые реки, озера, водохранилища",ХПК,0,1,12.0,12.0,ПДК,,,,,,,,
6467,2016-11-30,22000000000,Нижегородская область,р. Волга,Взвешенные вещества,0,6,15.0,29.0,ПДК,,,,,,,,
6476,2016-11-30,57000000000,Пермский край,р. Кама,Взвешенные вещества,0,4,16.0,31.0,ПДК,,,,,,,,
6477,2016-11-30,5000000000,Приморский край,р. Амур,БПК5,0,1,6.0,6.0,ПДК,,,,,,,,
6484,2016-11-30,90000000000,Республика Северная Осетия-Алания,р. Терек,БПК5,0,5,12.0,19.0,ПДК,,,,,,,,
6485,2016-11-30,90000000000,Республика Северная Осетия-Алания,р. Терек,ХПК,0,5,12.0,19.0,ПДК,,,,,,,,
6488,2016-11-30,65000000000,Свердловская область,р. Кама,Взвешенные вещества,0,2,15.0,19.0,ПДК,,,,,,,,
6492,2016-11-30,65000000000,Свердловская область,р. Тобол,Взвешенные вещества,0,20,10.0,21.0,ПДК,,,,,,,,
6493,2016-11-30,94000000000,Удмуртская Республика,р. Кама,Взвешенные вещества,0,2,12.0,16.0,ПДК,,,,,,,,
6495,2016-11-30,75000000000,Челябинская область,р. Кама,Взвешенные вещества,0,1,10.0,10.0,ПДК,,,,,,,,
6497,2016-11-30,75000000000,Челябинская область,р. Тобол,Взвешенные вещества,0,4,10.0,19.0,ПДК,,,,,,,,
6506,2016-12-31,19000000000,Вологодская область,р. Северная Двина,БПК5,0,1,20.0,20.0,ПДК,,,,,,,,
6508,2016-12-31,45000000000,г. Москва,р. Волга,БПК5,0,1,7.0,7.0,ПДК,,,,,,,,
6511,2016-12-31,25000000000,Иркутская область,р. Ангара,Взвешенные вещества,0,1,33.0,33.0,ПДК,,,,,,,,
6512,2016-12-31,37000000000,Курганская область,р. Тобол,Взвешенные вещества,0,3,11.0,18.0,ПДК,,,,,,,,
6515,2016-12-31,46000000000,Московская область,р. Волга,ХПК,0,1,12.0,12.0,ПДК,,,,,,,,
6517,2016-12-31,46000000000,Московская область,р. Волга,БПК5,0,3,7.0,8.0,ПДК,,,,,,,,
6521,2016-12-31,22000000000,Нижегородская область,р. Волга,Взвешенные вещества,0,2,19.0,48.0,ПДК,,,,,,,,
6535,2016-12-31,90000000000,Республика Северная Осетия-Алания,р. Терек,ХПК,0,2,14.0,18.0,ПДК,,,,,,,,
6536,2016-12-31,90000000000,Республика Северная Осетия-Алания,р. Терек,БПК5,0,2,15.0,19.0,ПДК,,,,,,,,
6542,2016-12-31,65000000000,Свердловская область,р. Тобол,Взвешенные вещества,0,4,11.0,20.0,ПДК,,,,,,,,
6543,2016-12-31,65000000000,Свердловская область,р. Тобол,БПК5,0,1,11.0,11.0,ПДК,,,,,,,,
6549,2016-12-31,75000000000,Челябинская область,р. Тобол,Взвешенные вещества,0,2,15.0,19.0,ПДК,,,,,,,,
6559,2017-01-31,25000000000,Иркутская область,р. Ангара,Взвешенные вещества,0,2,14.0,26.0,ПДК,,,,,,,,
6560,2017-01-31,37000000000,Курганская область,р. Тобол,Взвешенные вещества,0,3,13.0,34.0,ПДК,,,,,,,,
6562,2017-01-31,46000000000,Московская область,р. Волга,ХПК,0,1,11.0,11.0,ПДК,,,,,,,,
6565,2017-01-31,46000000000,Московская область,р. Волга,БПК5,0,5,7.0,10.0,ПДК,,,,,,,,
6569,2017-01-31,22000000000,Нижегородская область,р. Волга,Взвешенные вещества,0,3,12.0,21.0,ПДК,,,,,,,,
6578,2017-01-31,90000000000,Республика Северная Осетия-Алания,р. Терек,БПК5,0,1,10.0,10.0,ПДК,,,,,,,,
6583,2017-01-31,65000000000,Свердловская область,р. Кама,Взвешенные вещества,0,4,13.0,36.0,ПДК,,,,,,,,
6589,2017-01-31,65000000000,Свердловская область,р. Тобол,БПК5,0,2,6.0,18.0,ПДК,,,,,,,,
6590,2017-01-31,65000000000,Свердловская область,р. Тобол,Взвешенные вещества,0,10,10.0,21.0,ПДК,,,,,,,,
6593,2017-01-31,70000000000,Тульская область,р. Волга,БПК5,0,1,5.0,5.0,ПДК,,,,,,,,
6597,2017-01-31,94000000000,Удмуртская Республика,р. Кама,Взвешенные вещества,0,3,11.0,21.0,ПДК,,,,,,,,
6599,2017-01-31,75000000000,Челябинская область,р. Тобол,БПК5,0,1,7.0,7.0,ПДК,,,,,,,,
6600,2017-01-31,75000000000,Челябинская область,р. Тобол,Взвешенные вещества,0,3,12.0,22.0,ПДК,,,,,,,,
6604,2017-02-28,17000000000,Владимирская область,р. Волга,ХПК,0,1,16.0,16.0,ПДК,,,,,,,,
6607,2017-02-28,45000000000,г. Москва,р. Волга,БПК5,0,1,7.0,7.0,ПДК,,,,,,,,
6614,2017-02-28,46000000000,Московская область,р. Волга,ХПК,0,1,11.0,11.0,ПДК,,,,,,,,
6615,2017-02-28,46000000000,Московская область,р. Волга,БПК5,0,6,5.0,8.0,ПДК,,,,,,,,
6618,2017-02-28,47000000000,Мурманская область,"малые реки, озера, водохранилища",ХПК,0,1,12.0,12.0,ПДК,,,,,,,,
6622,2017-02-28,47000000000,Мурманская область,"малые реки, озера, водохранилища",БПК5,0,1,6.0,6.0,ПДК,,,,,,,,
6625,2017-02-28,22000000000,Нижегородская область,р. Волга,Взвешенные вещества,0,1,12.0,12.0,ПДК,,,,,,,,
6631,2017-02-28,57000000000,Пермский край,р. Кама,Взвешенные вещества,0,2,23.0,29.0,ПДК,,,,,,,,
6634,2017-02-28,5000000000,Приморский край,р. Амур,БПК5,0,2,5.0,6.0,ПДК,,,,,,,,
6642,2017-02-28,64000000000,Сахалинская область,"малые реки, озера, водохранилища",БПК5,0,1,5.0,5.0,ПДК,,,,,,,,
6647,2017-02-28,65000000000,Свердловская область,р. Тобол,Взвешенные вещества,0,7,10.0,43.0,ПДК,,,,,,,,
6648,2017-02-28,65000000000,Свердловская область,р. Тобол,БПК5,0,2,9.0,18.0,ПДК,,,,,,,,
6649,2017-02-28,65000000000,Свердловская область,р. Тобол,ХПК,0,1,11.0,11.0,ПДК,,,,,,,,
6657,2017-02-28,75000000000,Челябинская область,р. Кама,Взвешенные вещества,0,1,10.0,10.0,ПДК,,,,,,,,
6660,2017-02-28,75000000000,Челябинская область,р. Тобол,Взвешенные вещества,0,3,10.0,14.0,ПДК,,,,,,,,
6662,2017-02-28,71140000000,Ямало-Ненецкий автономный округ (Тюменская область),р. Обь,БПК5,0,2,9.0,10.0,ПДК,,,,,,,,
6671,2017-03-31,25000000000,Иркутская область,р. Ангара,Взвешенные вещества,0,2,10.0,18.0,ПДК,,,,,,,,
6678,2017-03-31,37000000000,Курганская область,р. Тобол,Взвешенные вещества,0,1,21.0,21.0,ПДК,,,,,,,,
6679,2017-03-31,41000000000,Ленинградская область,"малые реки, озера, водохранилища",ХПК,0,1,11.0,11.0,ПДК,,,,,,,,
6681,2017-03-31,46000000000,Московская область,р. Волга,БПК5,0,5,6.0,10.0,ПДК,,,,,,,,
6691,2017-03-31,22000000000,Нижегородская область,р. Волга,Взвешенные вещества,0,2,10.0,18.0,ПДК,,,,,,,,
6703,2017-03-31,57000000000,Пермский край,р. Кама,БПК5,0,1,10.0,10.0,ПДК,,,,,,,,
6705,2017-03-31,57000000000,Пермский край,р. Кама,Взвешенные вещества,0,9,10.0,47.0,ПДК,,,,,,,,
6706,2017-03-31,5000000000,Приморский край,р. Амур,БПК5,0,1,14.0,14.0,ПДК,,,,,,,,
6709,2017-03-31,5000000000,Приморский край,"малые реки, озера, водохранилища",БПК5,0,1,14.0,14.0,ПДК,,,,,,,,
6718,2017-03-31,90000000000,Республика Северная Осетия-Алания,р. Терек,ХПК,0,5,11.0,19.0,ПДК,,,,,,,,
6719,2017-03-31,90000000000,Республика Северная Осетия-Алания,р. Терек,БПК5,0,5,11.0,19.0,ПДК,,,,,,,,
6724,2017-03-31,65000000000,Свердловская область,р. Кама,Взвешенные вещества,0,3,11.0,16.0,ПДК,,,,,,,,
6729,2017-03-31,65000000000,Свердловская область,р. Тобол,БПК5,0,4,5.0,6.0,ПДК,,,,,,,,
6730,2017-03-31,65000000000,Свердловская область,р. Тобол,Взвешенные вещества,0,8,11.0,28.0,ПДК,,,,,,,,
6733,2017-03-31,70000000000,Тульская область,р. Волга,БПК5,0,2,5.0,11.0,ПДК,,,,,,,,
6735,2017-03-31,70000000000,Тульская область,р. Дон,БПК5,0,3,5.0,14.0,ПДК,,,,,,,,
6737,2017-03-31,94000000000,Удмуртская Республика,р. Кама,Взвешенные вещества,0,1,11.0,11.0,ПДК,,,,,,,,
6742,2017-03-31,75000000000,Челябинская область,р. Тобол,Взвешенные вещества,0,5,11.0,47.0,ПДК,,,,,,,,
6748,2017-04-30,1000000000,Алтайский край,р. Обь,ХПК,0,6,15.0,39.0,ПДК,,,,,,,,
6755,2017-04-30,25000000000,Иркутская область,р. Ангара,Взвешенные вещества,0,10,11.0,35.0,ПДК,,,,,,,,
6756,2017-04-30,25000000000,Иркутская область,р. Енисей,Взвешенные вещества,0,2,10.0,11.0,ПДК,,,,,,,,
6759,2017-04-30,37000000000,Курганская область,р. Тобол,Взвешенные вещества,0,11,10.0,40.0,ПДК,,,,,,,,
6763,2017-04-30,46000000000,Московская область,р. Волга,БПК5,0,3,6.0,8.0,ПДК,,,,,,,,
6769,2017-04-30,22000000000,Нижегородская область,р. Волга,Взвешенные вещества,0,15,11.0,32.0,ПДК,,,,,,,,
6777,2017-04-30,57000000000,Пермский край,р. Кама,Взвешенные вещества,0,8,11.0,41.0,ПДК,,,,,,,,
6779,2017-04-30,5000000000,Приморский край,р. Амур,БПК5,0,1,13.0,13.0,ПДК,,,,,,,,
6782,2017-04-30,90000000000,Республика Северная Осетия-Алания,р. Терек,БПК5,0,4,15.0,20.0,ПДК,,,,,,,,
6783,2017-04-30,90000000000,Республика Северная Осетия-Алания,р. Терек,ХПК,0,4,19.0,20.0,ПДК,,,,,,,,
6785,2017-04-30,36000000000,Самарская область,р. Волга,БПК5,0,2,7.0,8.0,ПДК,,,,,,,,
6789,2017-04-30,65000000000,Свердловская область,р. Кама,Взвешенные вещества,0,5,12.0,46.0,ПДК,,,,,,,,
6793,2017-04-30,65000000000,Свердловская область,р. Тобол,Взвешенные вещества,0,22,11.0,49.0,ПДК,,,,,,,,
6796,2017-04-30,65000000000,Свердловская область,р. Тобол,БПК5,0,1,6.0,6.0,ПДК,,,,,,,,
6798,2017-04-30,70000000000,Тульская область,р. Волга,БПК5,0,1,5.0,5.0,ПДК,,,,,,,,
6801,2017-04-30,94000000000,Удмуртская Республика,р. Кама,Взвешенные вещества,0,5,10.0,45.0,ПДК,,,,,,,,
6804,2017-04-30,75000000000,Челябинская область,р. Кама,Взвешенные вещества,0,6,10.0,15.0,ПДК,,,,,,,,
6807,2017-04-30,75000000000,Челябинская область,р. Тобол,Взвешенные вещества,0,11,10.0,20.0,ПДК,,,,,,,,
6810,2017-04-30,75000000000,Челябинская область,р. Урал,Взвешенные вещества,0,6,10.0,15.0,ПДК,,,,,,,,
6816,2017-05-31,17000000000,Владимирская область,р. Ока,ХПК,0,1,23.0,23.0,ПДК,,,,,,,,
6822,2017-05-31,45000000000,г. Москва,р. Волга,БПК5,0,1,7.0,7.0,ПДК,,,,,,,,
6827,2017-05-31,25000000000,Иркутская область,р. Ангара,Взвешенные вещества,0,13,10.0,49.0,ПДК,,,,,,,,
6828,2017-05-31,25000000000,Иркутская область,р. Енисей,Взвешенные вещества,0,4,10.0,17.0,ПДК,,,,,,,,
6831,2017-05-31,33000000000,Кировская область,р. Волга,Взвешенные вещества,0,14,10.0,31.0,ПДК,,,,,,,,
6832,2017-05-31,33000000000,Кировская область,р. Кама,Взвешенные вещества,0,10,11.0,29.0,ПДК,,,,,,,,
6833,2017-05-31,33000000000,Кировская область,р. Северная Двина,Взвешенные вещества,0,2,14.0,23.0,ПДК,,,,,,,,
6836,2017-05-31,37000000000,Курганская область,р. Тобол,Взвешенные вещества,0,4,11.0,29.0,ПДК,,,,,,,,
6838,2017-05-31,46000000000,Московская область,р. Волга,БПК5,0,2,7.0,8.0,ПДК,,,,,,,,
6844,2017-05-31,47000000000,Мурманская область,"малые реки, озера, водохранилища",БПК5,0,1,20.0,20.0,ПДК,,,,,,,,
6848,2017-05-31,22000000000,Нижегородская область,р. Волга,Взвешенные вещества,0,21,10.0,25.0,ПДК,,,,,,,,
6855,2017-05-31,57000000000,Пермский край,р. Волга,Взвешенные вещества,0,1,27.0,27.0,ПДК,,,,,,,,
6856,2017-05-31,57000000000,Пермский край,р. Кама,Взвешенные вещества,0,16,10.0,38.0,ПДК,,,,,,,,
6858,2017-05-31,5000000000,Приморский край,р. Амур,БПК5,0,1,15.0,15.0,ПДК,,,,,,,,
6862,2017-05-31,90000000000,Республика Северная Осетия-Алания,р. Терек,БПК5,0,4,11.0,17.0,ПДК,,,,,,,,
6863,2017-05-31,90000000000,Республика Северная Осетия-Алания,р. Терек,ХПК,0,4,11.0,17.0,ПДК,,,,,,,,
6867,2017-05-31,65000000000,Свердловская область,р. Кама,Взвешенные вещества,0,17,10.0,42.0,ПДК,,,,,,,,
6868,2017-05-31,65000000000,Свердловская область,р. Обь,БПК5,0,3,8.0,15.0,ПДК,,,,,,,,
6870,2017-05-31,65000000000,Свердловская область,р. Обь,Взвешенные вещества,0,3,34.0,45.0,ПДК,,,,,,,,
6872,2017-05-31,65000000000,Свердловская область,р. Тобол,Взвешенные вещества,0,34,10.0,47.0,ПДК,,,,,,,,
6877,2017-05-31,65000000000,Свердловская область,"малые реки, озера, водохранилища",БПК5,0,1,7.0,7.0,ПДК,,,,,,,,
6880,2017-05-31,94000000000,Удмуртская Республика,р. Волга,Взвешенные вещества,0,1,17.0,17.0,ПДК,,,,,,,,
6881,2017-05-31,94000000000,Удмуртская Республика,р. Кама,Взвешенные вещества,0,5,17.0,34.0,ПДК,,,,,,,,
6885,2017-05-31,75000000000,Челябинская область,р. Кама,Взвешенные вещества,0,6,10.0,19.0,ПДК,,,,,,,,
6888,2017-05-31,75000000000,Челябинская область,р. Тобол,Взвешенные вещества,0,7,10.0,16.0,ПДК,,,,,,,,
6890,2017-05-31,75000000000,Челябинская область,р. Урал,Взвешенные вещества,0,6,10.0,15.0,ПДК,,,,,,,,
6900,2017-06-30,45000000000,г. Москва,р. Волга,БПК5,0,1,6.0,6.0,ПДК,,,,,,,,
6904,2017-06-30,25000000000,Иркутская область,р. Ангара,Взвешенные вещества,0,2,20.0,37.0,ПДК,,,,,,,,
6905,2017-06-30,25000000000,Иркутская область,р. Енисей,Взвешенные вещества,0,4,10.0,21.0,ПДК,,,,,,,,
6906,2017-06-30,25000000000,Иркутская область,р. Лена,Взвешенные вещества,0,4,11.0,31.0,ПДК,,,,,,,,
6907,2017-06-30,33000000000,Кировская область,р. Волга,Взвешенные вещества,0,1,12.0,12.0,ПДК,,,,,,,,
6909,2017-06-30,37000000000,Курганская область,р. Тобол,Взвешенные вещества,0,2,30.0,44.0,ПДК,,,,,,,,
6911,2017-06-30,46000000000,Московская область,р. Волга,ХПК,0,2,10.0,16.0,ПДК,,,,,,,,
6915,2017-06-30,46000000000,Московская область,р. Волга,БПК5,0,3,5.0,8.0,ПДК,,,,,,,,
6918,2017-06-30,47000000000,Мурманская область,"малые реки, озера, водохранилища",БПК5,0,1,12.0,12.0,ПДК,,,,,,,,
6920,2017-06-30,22000000000,Нижегородская область,р. Волга,Взвешенные вещества,0,15,11.0,41.0,ПДК,,,,,,,,
6922,2017-06-30,50000000000,Новосибирская область,р. Обь,БПК5,0,1,6.0,6.0,ПДК,,,,,,,,
6926,2017-06-30,57000000000,Пермский край,р. Кама,Взвешенные вещества,0,6,12.0,48.0,ПДК,,,,,,,,
6934,2017-06-30,36000000000,Самарская область,р. Волга,БПК5,0,3,7.0,8.0,ПДК,,,,,,,,
6936,2017-06-30,65000000000,Свердловская область,р. Тобол,Взвешенные вещества,0,27,10.0,47.0,ПДК,,,,,,,,
6938,2017-06-30,70000000000,Тульская область,р. Волга,БПК5,0,1,12.0,12.0,ПДК,,,,,,,,
6940,2017-06-30,94000000000,Удмуртская Республика,р. Кама,Взвешенные вещества,0,4,10.0,27.0,ПДК,,,,,,,,
6946,2017-06-30,75000000000,Челябинская область,р. Кама,Взвешенные вещества,0,3,10.0,11.0,ПДК,,,,,,,,
6948,2017-06-30,75000000000,Челябинская область,р. Тобол,Взвешенные вещества,0,4,10.0,13.0,ПДК,,,,,,,,
6950,2017-06-30,75000000000,Челябинская область,р. Урал,Взвешенные вещества,0,1,10.0,10.0,ПДК,,,,,,,,
6955,2017-07-31,19000000000,Вологодская область,р. Северная Двина,БПК5,0,1,8.0,8.0,ПДК,,,,,,,,
6961,2017-07-31,45000000000,г. Москва,р. Волга,БПК5,0,1,9.0,9.0,ПДК,,,,,,,,
6963,2017-07-31,25000000000,Иркутская область,р. Ангара,Взвешенные вещества,0,13,10.0,49.0,ПДК,,,,,,,,
6966,2017-07-31,33000000000,Кировская область,р. Волга,Взвешенные вещества,0,7,10.0,22.0,ПДК,,,,,,,,
6967,2017-07-31,33000000000,Кировская область,р. Кама,Взвешенные вещества,0,3,13.0,19.0,ПДК,,,,,,,,
6968,2017-07-31,33000000000,Кировская область,р. Северная Двина,Взвешенные вещества,0,1,27.0,27.0,ПДК,,,,,,,,
6969,2017-07-31,3000000000,Краснодарский край,"малые реки, озера, водохранилища",БПК5,0,1,5.0,5.0,ПДК,,,,,,,,
6970,2017-07-31,37000000000,Курганская область,р. Тобол,Взвешенные вещества,0,5,12.0,30.0,ПДК,,,,,,,,
6973,2017-07-31,46000000000,Московская область,р. Волга,ХПК,0,2,17.0,20.0,ПДК,,,,,,,,
6983,2017-07-31,22000000000,Нижегородская область,р. Волга,Взвешенные вещества,0,22,13.0,49.0,ПДК,,,,,,,,
6988,2017-07-31,57000000000,Пермский край,р. Волга,Взвешенные вещества,0,2,14.0,16.0,ПДК,,,,,,,,
6989,2017-07-31,57000000000,Пермский край,р. Кама,Взвешенные вещества,0,17,11.0,38.0,ПДК,,,,,,,,
6993,2017-07-31,88000000000,Республика Марий Эл,р. Волга,Взвешенные вещества,0,1,11.0,11.0,ПДК,,,,,,,,
6994,2017-07-31,90000000000,Республика Северная Осетия-Алания,р. Терек,БПК5,0,2,5.0,8.0,ПДК,,,,,,,,
6997,2017-07-31,36000000000,Самарская область,р. Волга,БПК5,0,3,5.0,7.0,ПДК,,,,,,,,
6999,2017-07-31,65000000000,Свердловская область,р. Кама,Взвешенные вещества,0,7,10.0,28.0,ПДК,,,,,,,,
7000,2017-07-31,65000000000,Свердловская область,р. Тобол,БПК5,0,2,5.0,5.0,ПДК,,,,,,,,
7002,2017-07-31,65000000000,Свердловская область,р. Тобол,Взвешенные вещества,0,19,11.0,42.0,ПДК,,,,,,,,
7004,2017-07-31,70000000000,Тульская область,р. Волга,БПК5,0,2,7.0,11.0,ПДК,,,,,,,,
7006,2017-07-31,94000000000,Удмуртская Республика,р. Кама,Взвешенные вещества,0,8,12.0,35.0,ПДК,,,,,,,,
7012,2017-07-31,75000000000,Челябинская область,р. Кама,Взвешенные вещества,0,10,10.0,23.0,ПДК,,,,,,,,
7013,2017-07-31,75000000000,Челябинская область,р. Тобол,Взвешенные вещества,0,7,10.0,18.0,ПДК,,,,,,,,
7016,2017-07-31,75000000000,Челябинская область,р. Урал,Взвешенные вещества,0,1,10.0,10.0,ПДК,,,,,,,,
7023,2017-08-31,17000000000,Владимирская область,р. Волга,ХПК,0,1,13.0,13.0,ПДК,,,,,,,,
7028,2017-08-31,45000000000,г. Москва,р. Волга,БПК5,0,2,5.0,7.0,ПДК,,,,,,,,
7030,2017-08-31,25000000000,Иркутская область,р. Ангара,Взвешенные вещества,0,4,10.0,25.0,ПДК,,,,,,,,
7031,2017-08-31,25000000000,Иркутская область,р. Енисей,Взвешенные вещества,0,9,10.0,15.0,ПДК,,,,,,,,
7032,2017-08-31,25000000000,Иркутская область,р. Лена,Взвешенные вещества,0,7,11.0,15.0,ПДК,,,,,,,,
7034,2017-08-31,33000000000,Кировская область,р. Волга,Взвешенные вещества,0,2,10.0,11.0,ПДК,,,,,,,,
7035,2017-08-31,33000000000,Кировская область,р. Кама,Взвешенные вещества,0,1,11.0,11.0,ПДК,,,,,,,,
7037,2017-08-31,37000000000,Курганская область,р. Тобол,Взвешенные вещества,0,6,12.0,49.0,ПДК,,,,,,,,
7041,2017-08-31,46000000000,Московская область,р. Волга,ХПК,0,1,20.0,20.0,ПДК,,,,,,,,
7042,2017-08-31,46000000000,Московская область,р. Волга,БПК5,0,9,5.0,9.0,ПДК,,,,,,,,
7050,2017-08-31,47000000000,Мурманская область,"малые реки, озера, водохранилища",ХПК,0,1,10.0,10.0,ПДК,,,,,,,,
7052,2017-08-31,22000000000,Нижегородская область,р. Волга,Взвешенные вещества,0,32,11.0,49.0,ПДК,,,,,,,,
7053,2017-08-31,22000000000,Нижегородская область,р. Ока,Взвешенные вещества,0,1,12.0,12.0,ПДК,,,,,,,,
7059,2017-08-31,57000000000,Пермский край,р. Кама,Взвешенные вещества,0,1,41.0,41.0,ПДК,,,,,,,,
7061,2017-08-31,5000000000,Приморский край,р. Амур,БПК5,0,1,20.0,20.0,ПДК,,,,,,,,
7064,2017-08-31,90000000000,Республика Северная Осетия-Алания,р. Терек,БПК5,0,2,6.0,6.0,ПДК,,,,,,,,
7066,2017-08-31,36000000000,Самарская область,р. Волга,БПК5,0,4,6.0,7.0,ПДК,,,,,,,,
7068,2017-08-31,65000000000,Свердловская область,р. Тобол,Взвешенные вещества,0,29,10.0,49.0,ПДК,,,,,,,,
7076,2017-08-31,70000000000,Тульская область,р. Волга,БПК5,0,1,6.0,6.0,ПДК,,,,,,,,
7078,2017-08-31,94000000000,Удмуртская Республика,р. Кама,Взвешенные вещества,0,3,10.0,33.0,ПДК,,,,,,,,
7079,2017-08-31,73000000000,Ульяновская область,р. Волга,БПК5,0,1,11.0,11.0,ПДК,,,,,,,,
7080,2017-08-31,73000000000,Ульяновская область,р. Волга,ХПК,0,1,17.0,17.0,ПДК,,,,,,,,
7088,2017-08-31,75000000000,Челябинская область,р. Кама,Взвешенные вещества,0,2,10.0,11.0,ПДК,,,,,,,,
7089,2017-08-31,75000000000,Челябинская область,р. Тобол,Взвешенные вещества,0,6,10.0,13.0,ПДК,,,,,,,,
7098,2017-09-30,45000000000,г. Москва,р. Волга,БПК5,0,2,6.0,6.0,ПДК,,,,,,,,
7103,2017-09-30,25000000000,Иркутская область,р. Ангара,Взвешенные вещества,0,2,16.0,34.0,ПДК,,,,,,,,
7105,2017-09-30,25000000000,Иркутская область,р. Лена,Взвешенные вещества,0,2,23.0,37.0,ПДК,,,,,,,,
7107,2017-09-30,33000000000,Кировская область,р. Волга,Взвешенные вещества,0,2,11.0,11.0,ПДК,,,,,,,,
7108,2017-09-30,33000000000,Кировская область,р. Кама,Взвешенные вещества,0,1,10.0,10.0,ПДК,,,,,,,,
7109,2017-09-30,37000000000,Курганская область,р. Тобол,Взвешенные вещества,0,9,10.0,41.0,ПДК,,,,,,,,
7114,2017-09-30,46000000000,Московская область,р. Волга,БПК5,0,6,6.0,8.0,ПДК,,,,,,,,
7117,2017-09-30,46000000000,Московская область,р. Волга,ХПК,0,1,13.0,13.0,ПДК,,,,,,,,
7122,2017-09-30,22000000000,Нижегородская область,р. Волга,Взвешенные вещества,0,24,12.0,42.0,ПДК,,,,,,,,
7123,2017-09-30,22000000000,Нижегородская область,р. Ока,Взвешенные вещества,0,1,16.0,16.0,ПДК,,,,,,,,
7127,2017-09-30,57000000000,Пермский край,р. Кама,Взвешенные вещества,0,3,13.0,41.0,ПДК,,,,,,,,
7129,2017-09-30,5000000000,Приморский край,р. Амур,БПК5,0,1,8.0,8.0,ПДК,,,,,,,,
7134,2017-09-30,88000000000,Республика Марий Эл,р. Волга,Взвешенные вещества,0,1,11.0,11.0,ПДК,,,,,,,,
7135,2017-09-30,90000000000,Республика Северная Осетия-Алания,р. Терек,БПК5,0,3,10.0,12.0,ПДК,,,,,,,,
7136,2017-09-30,90000000000,Республика Северная Осетия-Алания,р. Терек,ХПК,0,3,10.0,12.0,ПДК,,,,,,,,
7138,2017-09-30,63000000000,Саратовская область,р. Волга,ХПК,0,1,15.0,15.0,ПДК,,,,,,,,
7144,2017-09-30,65000000000,Свердловская область,р. Тобол,Взвешенные вещества,0,10,11.0,36.0,ПДК,,,,,,,,
7152,2017-09-30,73000000000,Ульяновская область,р. Волга,ХПК,0,3,14.0,15.0,ПДК,,,,,,,,
7158,2017-09-30,75000000000,Челябинская область,р. Кама,Взвешенные вещества,0,3,10.0,13.0,ПДК,,,,,,,,
7160,2017-09-30,75000000000,Челябинская область,р. Тобол,Взвешенные вещества,0,5,10.0,19.0,ПДК,,,,,,,,
7161,2017-09-30,75000000000,Челябинская область,р. Урал,Взвешенные вещества,0,1,10.0,10.0,ПДК,,,,,,,,
7168,2017-10-31,17000000000,Владимирская область,р. Ока,ХПК,0,1,17.0,17.0,ПДК,,,,,,,,
7173,2017-10-31,76000000000,Забайкальский край,р. Амур,ХПК,0,1,13.0,13.0,ПДК,,,,,,,,
7174,2017-10-31,25000000000,Иркутская область,р. Ангара,Взвешенные вещества,0,1,12.0,12.0,ПДК,,,,,,,,
7175,2017-10-31,3000000000,Краснодарский край,р. Кубань,БПК5,0,1,5.0,5.0,ПДК,,,,,,,,
7177,2017-10-31,37000000000,Курганская область,р. Тобол,Взвешенные вещества,0,4,11.0,20.0,ПДК,,,,,,,,
7179,2017-10-31,46000000000,Московская область,р. Волга,БПК5,0,7,6.0,10.0,ПДК,,,,,,,,
7181,2017-10-31,46000000000,Московская область,р. Волга,ХПК,0,1,10.0,10.0,ПДК,,,,,,,,
7189,2017-10-31,22000000000,Нижегородская область,р. Волга,Взвешенные вещества,0,8,11.0,21.0,ПДК,,,,,,,,
7190,2017-10-31,22000000000,Нижегородская область,р. Ока,Взвешенные вещества,0,1,13.0,13.0,ПДК,,,,,,,,
7192,2017-10-31,50000000000,Новосибирская область,р. Обь,БПК5,0,1,5.0,5.0,ПДК,,,,,,,,
7200,2017-10-31,57000000000,Пермский край,р. Кама,Взвешенные вещества,0,8,10.0,49.0,ПДК,,,,,,,,
7202,2017-10-31,90000000000,Республика Северная Осетия-Алания,р. Терек,БПК5,0,2,7.0,10.0,ПДК,,,,,,,,
7203,2017-10-31,90000000000,Республика Северная Осетия-Алания,р. Терек,ХПК,0,1,10.0,10.0,ПДК,,,,,,,,
7204,2017-10-31,95000000000,Республика Хакасия,р. Обь,Взвешенные вещества,0,1,24.0,24.0,ПДК,,,,,,,,
7209,2017-10-31,65000000000,Свердловская область,р. Кама,Взвешенные вещества,0,4,14.0,33.0,ПДК,,,,,,,,
7212,2017-10-31,65000000000,Свердловская область,р. Тобол,Взвешенные вещества,0,16,11.0,37.0,ПДК,,,,,,,,
7217,2017-10-31,94000000000,Удмуртская Республика,р. Кама,Взвешенные вещества,0,1,11.0,11.0,ПДК,,,,,,,,
7218,2017-10-31,8000000000,Хабаровский край,р. Амур,БПК5,0,1,6.0,6.0,ПДК,,,,,,,,
7223,2017-10-31,75000000000,Челябинская область,р. Тобол,Взвешенные вещества,0,4,11.0,19.0,ПДК,,,,,,,,
7231,2017-11-30,45000000000,г. Москва,р. Волга,БПК5,0,2,7.0,7.0,ПДК,,,,,,,,
7234,2017-11-30,76000000000,Забайкальский край,р. Амур,ХПК,0,1,13.0,13.0,ПДК,,,,,,,,
7235,2017-11-30,25000000000,Иркутская область,р. Ангара,Взвешенные вещества,0,3,12.0,18.0,ПДК,,,,,,,,
7237,2017-11-30,25000000000,Иркутская область,р. Енисей,Взвешенные вещества,0,1,11.0,11.0,ПДК,,,,,,,,
7238,2017-11-30,37000000000,Курганская область,р. Тобол,Взвешенные вещества,0,8,12.0,23.0,ПДК,,,,,,,,
7241,2017-11-30,41000000000,Ленинградская область,"малые реки, озера, водохранилища",ХПК,0,1,11.0,11.0,ПДК,,,,,,,,
7242,2017-11-30,46000000000,Московская область,р. Волга,БПК5,0,3,5.0,7.0,ПДК,,,,,,,,
7243,2017-11-30,46000000000,Московская область,р. Волга,ХПК,0,1,10.0,10.0,ПДК,,,,,,,,
7248,2017-11-30,47000000000,Мурманская область,"малые реки, озера, водохранилища",ХПК,0,1,11.0,11.0,ПДК,,,,,,,,
7250,2017-11-30,22000000000,Нижегородская область,р. Волга,Взвешенные вещества,0,2,11.0,13.0,ПДК,,,,,,,,
7258,2017-11-30,57000000000,Пермский край,р. Кама,Взвешенные вещества,0,9,10.0,25.0,ПДК,,,,,,,,
7262,2017-11-30,5000000000,Приморский край,р. Амур,БПК5,0,1,11.0,11.0,ПДК,,,,,,,,
7265,2017-11-30,90000000000,Республика Северная Осетия-Алания,р. Терек,ХПК,0,3,18.0,20.0,ПДК,,,,,,,,
7268,2017-11-30,90000000000,Республика Северная Осетия-Алания,р. Терек,БПК5,0,3,18.0,20.0,ПДК,,,,,,,,
7271,2017-11-30,65000000000,Свердловская область,р. Кама,Взвешенные вещества,0,1,21.0,21.0,ПДК,,,,,,,,
7273,2017-11-30,65000000000,Свердловская область,р. Тобол,Взвешенные вещества,0,3,17.0,29.0,ПДК,,,,,,,,
7277,2017-11-30,94000000000,Удмуртская Республика,р. Кама,Взвешенные вещества,0,1,27.0,27.0,ПДК,,,,,,,,
7279,2017-11-30,75000000000,Челябинская область,р. Тобол,Взвешенные вещества,0,2,11.0,13.0,ПДК,,,,,,,,
7284,2017-12-31,45000000000,г. Москва,р. Волга,БПК5,0,1,12.0,12.0,ПДК,,,,,,,,
7287,2017-12-31,37000000000,Курганская область,р. Тобол,Взвешенные вещества,0,6,10.0,48.0,ПДК,,,,,,,,
7288,2017-12-31,46000000000,Московская область,р. Волга,ХПК,0,1,11.0,11.0,ПДК,,,,,,,,
7289,2017-12-31,46000000000,Московская область,р. Волга,БПК5,0,5,6.0,8.0,ПДК,,,,,,,,
7293,2017-12-31,22000000000,Нижегородская область,р. Волга,Взвешенные вещества,0,9,10.0,35.0,ПДК,,,,,,,,
7295,2017-12-31,57000000000,Пермский край,р. Кама,Взвешенные вещества,0,3,18.0,29.0,ПДК,,,,,,,,
7296,2017-12-31,5000000000,Приморский край,р. Амур,БПК5,0,1,20.0,20.0,ПДК,,,,,,,,
7299,2017-12-31,5000000000,Приморский край,"малые реки, озера, водохранилища",БПК5,0,1,6.0,6.0,ПДК,,,,,,,,
7302,2017-12-31,90000000000,Республика Северная Осетия-Алания,р. Терек,БПК5,0,1,20.0,20.0,ПДК,,,,,,,,
7303,2017-12-31,90000000000,Республика Северная Осетия-Алания,р. Терек,ХПК,0,1,20.0,20.0,ПДК,,,,,,,,
7304,2017-12-31,65000000000,Свердловская область,р. Кама,Взвешенные вещества,0,3,21.0,28.0,ПДК,,,,,,,,
7312,2017-12-31,65000000000,Свердловская область,р. Тобол,Взвешенные вещества,0,12,11.0,40.0,ПДК,,,,,,,,
7319,2017-12-31,75000000000,Челябинская область,р. Тобол,Взвешенные вещества,0,3,11.0,19.0,ПДК,,,,,,,,
7326,2018-01-31,45000000000,г. Москва,р. Волга,БПК5,0,1,7.0,7.0,ПДК,,,,,,,,
7332,2018-01-31,37000000000,Курганская область,р. Тобол,Взвешенные вещества,0,4,11.0,47.0,ПДК,,,,,,,,
7335,2018-01-31,46000000000,Московская область,р. Волга,ХПК,0,2,10.0,14.0,ПДК,,,,,,,,
7336,2018-01-31,46000000000,Московская область,р. Волга,БПК5,0,6,5.0,8.0,ПДК,,,,,,,,
7340,2018-01-31,22000000000,Нижегородская область,р. Волга,Взвешенные вещества,0,9,15.0,42.0,ПДК,,,,,,,,
7345,2018-01-31,57000000000,Пермский край,р. Кама,Взвешенные вещества,0,2,12.0,13.0,ПДК,,,,,,,,
7350,2018-01-31,64000000000,Сахалинская область,"малые реки, озера, водохранилища",БПК5,0,1,6.0,6.0,ПДК,,,,,,,,
7351,2018-01-31,65000000000,Свердловская область,р. Кама,Взвешенные вещества,0,1,15.0,15.0,ПДК,,,,,,,,
7354,2018-01-31,65000000000,Свердловская область,р. Тобол,Взвешенные вещества,0,4,13.0,40.0,ПДК,,,,,,,,
7360,2018-01-31,94000000000,Удмуртская Республика,р. Кама,Взвешенные вещества,0,1,21.0,21.0,ПДК,,,,,,,,
7364,2018-01-31,75000000000,Челябинская область,р. Тобол,Взвешенные вещества,0,2,10.0,11.0,ПДК,,,,,,,,
7366,2018-01-31,75000000000,Челябинская область,р. Урал,Взвешенные вещества,0,1,10.0,10.0,ПДК,,,,,,,,
7376,2018-02-28,37000000000,Курганская область,р. Тобол,Взвешенные вещества,0,7,11.0,32.0,ПДК,,,,,,,,
7380,2018-02-28,46000000000,Московская область,р. Волга,БПК5,0,5,5.0,7.0,ПДК,,,,,,,,
7384,2018-02-28,47000000000,Мурманская область,"малые реки, озера, водохранилища",БПК5,0,1,7.0,7.0,ПДК,,,,,,,,
7389,2018-02-28,22000000000,Нижегородская область,р. Волга,Взвешенные вещества,0,1,19.0,19.0,ПДК,,,,,,,,
7397,2018-02-28,57000000000,Пермский край,р. Кама,Взвешенные вещества,0,4,11.0,13.0,ПДК,,,,,,,,
7403,2018-02-28,5000000000,Приморский край,"малые реки, озера, водохранилища",БПК5,0,1,19.0,19.0,ПДК,,,,,,,,
7405,2018-02-28,89000000000,Республика Мордовия,р. Волга,БПК5,0,1,6.0,6.0,ПДК,,,,,,,,
7408,2018-02-28,90000000000,Республика Северная Осетия-Алания,р. Терек,БПК5,0,3,7.0,19.0,ПДК,,,,,,,,
7409,2018-02-28,90000000000,Республика Северная Осетия-Алания,р. Терек,ХПК,0,1,19.0,19.0,ПДК,,,,,,,,
7412,2018-02-28,65000000000,Свердловская область,р. Кама,Взвешенные вещества,0,2,23.0,32.0,ПДК,,,,,,,,
7418,2018-02-28,65000000000,Свердловская область,р. Тобол,Взвешенные вещества,0,1,24.0,24.0,ПДК,,,,,,,,
7423,2018-02-28,94000000000,Удмуртская Республика,р. Кама,Взвешенные вещества,0,1,11.0,11.0,ПДК,,,,,,,,
7426,2018-02-28,75000000000,Челябинская область,р. Тобол,Взвешенные вещества,0,3,11.0,25.0,ПДК,,,,,,,,
7431,2018-02-28,78000000000,Ярославская область,р. Волга,БПК5,0,1,10.0,10.0,ПДК,,,,,,,,
7440,2018-03-31,25000000000,Иркутская область,р. Ангара,Взвешенные вещества,0,2,15.0,27.0,ПДК,,,,,,,,
7444,2018-03-31,37000000000,Курганская область,р. Тобол,Взвешенные вещества,0,6,11.0,29.0,ПДК,,,,,,,,
7446,2018-03-31,46000000000,Московская область,р. Волга,ХПК,0,2,10.0,13.0,ПДК,,,,,,,,
7447,2018-03-31,46000000000,Московская область,р. Волга,БПК5,0,5,5.0,12.0,ПДК,,,,,,,,
7457,2018-03-31,22000000000,Нижегородская область,р. Волга,Взвешенные вещества,0,2,13.0,13.0,ПДК,,,,,,,,
7468,2018-03-31,57000000000,Пермский край,р. Кама,Взвешенные вещества,0,3,11.0,16.0,ПДК,,,,,,,,
7469,2018-03-31,5000000000,Приморский край,р. Амур,БПК5,0,1,19.0,19.0,ПДК,,,,,,,,
7471,2018-03-31,5000000000,Приморский край,"малые реки, озера, водохранилища",БПК5,0,1,5.0,5.0,ПДК,,,,,,,,
7473,2018-03-31,65000000000,Свердловская область,р. Кама,Взвешенные вещества,0,1,27.0,27.0,ПДК,,,,,,,,
7477,2018-03-31,65000000000,Свердловская область,р. Тобол,Взвешенные вещества,0,14,11.0,28.0,ПДК,,,,,,,,
7492,2018-03-31,75000000000,Челябинская область,р. Кама,Взвешенные вещества,0,1,12.0,12.0,ПДК,,,,,,,,
7495,2018-03-31,75000000000,Челябинская область,р. Тобол,Взвешенные вещества,0,3,11.0,16.0,ПДК,,,,,,,,
7503,2018-04-30,17000000000,Владимирская область,р. Волга,БПК5,0,1,5.0,5.0,ПДК,,,,,,,,
7504,2018-04-30,17000000000,Владимирская область,р. Ока,БПК5,0,1,5.0,5.0,ПДК,,,,,,,,
7514,2018-04-30,33000000000,Кировская область,р. Волга,Взвешенные вещества,0,2,17.0,17.0,ПДК,,,,,,,,
7517,2018-04-30,37000000000,Курганская область,р. Тобол,Взвешенные вещества,0,6,12.0,44.0,ПДК,,,,,,,,
7518,2018-04-30,46000000000,Московская область,р. Волга,БПК5,0,5,6.0,12.0,ПДК,,,,,,,,
7528,2018-04-30,22000000000,Нижегородская область,р. Волга,Взвешенные вещества,0,16,11.0,45.0,ПДК,,,,,,,,
7537,2018-04-30,57000000000,Пермский край,р. Кама,Взвешенные вещества,0,9,13.0,27.0,ПДК,,,,,,,,
7541,2018-04-30,90000000000,Республика Северная Осетия-Алания,р. Терек,БПК5,0,1,6.0,6.0,ПДК,,,,,,,,
7545,2018-04-30,65000000000,Свердловская область,р. Тобол,Взвешенные вещества,0,12,11.0,37.0,ПДК,,,,,,,,
7549,2018-04-30,70000000000,Тульская область,р. Дон,БПК5,0,1,18.0,18.0,ПДК,,,,,,,,
7554,2018-04-30,94000000000,Удмуртская Республика,р. Кама,Взвешенные вещества,0,3,11.0,49.0,ПДК,,,,,,,,
7566,2018-04-30,75000000000,Челябинская область,р. Кама,Взвешенные вещества,0,9,11.0,16.0,ПДК,,,,,,,,
7568,2018-04-30,75000000000,Челябинская область,р. Тобол,Взвешенные вещества,0,11,11.0,17.0,ПДК,,,,,,,,
7570,2018-04-30,75000000000,Челябинская область,р. Урал,Взвешенные вещества,0,6,11.0,21.0,ПДК,,,,,,,,
7582,2018-05-31,25000000000,Иркутская область,р. Ангара,Взвешенные вещества,0,5,12.0,49.0,ПДК,,,,,,,,
7583,2018-05-31,25000000000,Иркутская область,р. Енисей,Взвешенные вещества,0,1,16.0,16.0,ПДК,,,,,,,,
7586,2018-05-31,33000000000,Кировская область,р. Волга,Взвешенные вещества,0,12,10.0,21.0,ПДК,,,,,,,,
7589,2018-05-31,33000000000,Кировская область,р. Кама,Взвешенные вещества,0,3,11.0,18.0,ПДК,,,,,,,,
7590,2018-05-31,33000000000,Кировская область,р. Северная Двина,Взвешенные вещества,0,2,12.0,15.0,ПДК,,,,,,,,
7591,2018-05-31,37000000000,Курганская область,р. Тобол,Взвешенные вещества,0,7,13.0,36.0,ПДК,,,,,,,,
7596,2018-05-31,46000000000,Московская область,р. Волга,БПК5,0,6,6.0,10.0,ПДК,,,,,,,,
7601,2018-05-31,22000000000,Нижегородская область,р. Волга,Взвешенные вещества,0,29,10.0,40.0,ПДК,,,,,,,,
7606,2018-05-31,57000000000,Пермский край,р. Кама,Взвешенные вещества,0,22,11.0,25.0,ПДК,,,,,,,,
7608,2018-05-31,88000000000,Республика Марий Эл,р. Волга,Взвешенные вещества,0,2,13.0,13.0,ПДК,,,,,,,,
7609,2018-05-31,90000000000,Республика Северная Осетия-Алания,р. Терек,БПК5,0,1,6.0,6.0,ПДК,,,,,,,,
7614,2018-05-31,65000000000,Свердловская область,р. Кама,Взвешенные вещества,0,2,11.0,16.0,ПДК,,,,,,,,
7615,2018-05-31,65000000000,Свердловская область,р. Обь,Взвешенные вещества,0,1,37.0,37.0,ПДК,,,,,,,,
7619,2018-05-31,65000000000,Свердловская область,р. Тобол,Взвешенные вещества,0,25,11.0,44.0,ПДК,,,,,,,,
7621,2018-05-31,94000000000,Удмуртская Республика,р. Волга,Взвешенные вещества,0,1,14.0,14.0,ПДК,,,,,,,,
7622,2018-05-31,94000000000,Удмуртская Республика,р. Кама,Взвешенные вещества,0,8,13.0,43.0,ПДК,,,,,,,,
7627,2018-05-31,75000000000,Челябинская область,р. Кама,Взвешенные вещества,0,9,11.0,19.0,ПДК,,,,,,,,
7628,2018-05-31,75000000000,Челябинская область,р. Тобол,Взвешенные вещества,0,7,11.0,20.0,ПДК,,,,,,,,
7630,2018-05-31,75000000000,Челябинская область,р. Урал,Взвешенные вещества,0,7,11.0,16.0,ПДК,,,,,,,,
7631,2018-05-31,75000000000,Челябинская область,"малые реки, озера, водохранилища",Взвешенные вещества,0,1,11.0,11.0,ПДК,,,,,,,,
7651,2018-06-30,25000000000,Иркутская область,р. Ангара,Взвешенные вещества,0,3,12.0,17.0,ПДК,,,,,,,,
7652,2018-06-30,25000000000,Иркутская область,р. Енисей,Взвешенные вещества,0,2,11.0,14.0,ПДК,,,,,,,,
7653,2018-06-30,32000000000,Кемеровская область - Кузбасс,р. Обь,ХПК,0,1,36.0,36.0,ПДК,,,,,,,,
7654,2018-06-30,33000000000,Кировская область,р. Волга,Взвешенные вещества,0,7,10.0,16.0,ПДК,,,,,,,,
7655,2018-06-30,33000000000,Кировская область,р. Кама,Взвешенные вещества,0,3,10.0,12.0,ПДК,,,,,,,,
7656,2018-06-30,33000000000,Кировская область,р. Северная Двина,Взвешенные вещества,0,1,10.0,10.0,ПДК,,,,,,,,
7657,2018-06-30,37000000000,Курганская область,р. Тобол,Взвешенные вещества,0,7,16.0,47.0,ПДК,,,,,,,,
7663,2018-06-30,46000000000,Московская область,р. Волга,БПК5,0,4,5.0,11.0,ПДК,,,,,,,,
7665,2018-06-30,47000000000,Мурманская область,"малые реки, озера, водохранилища",БПК5,0,1,17.0,17.0,ПДК,,,,,,,,
7670,2018-06-30,22000000000,Нижегородская область,р. Волга,Взвешенные вещества,0,23,11.0,49.0,ПДК,,,,,,,,
7675,2018-06-30,57000000000,Пермский край,р. Кама,Взвешенные вещества,0,7,12.0,20.0,ПДК,,,,,,,,
7677,2018-06-30,5000000000,Приморский край,р. Амур,БПК5,0,1,13.0,13.0,ПДК,,,,,,,,
7682,2018-06-30,90000000000,Республика Северная Осетия-Алания,р. Терек,БПК5,0,1,6.0,6.0,ПДК,,,,,,,,
7687,2018-06-30,65000000000,Свердловская область,р. Кама,Взвешенные вещества,0,3,13.0,45.0,ПДК,,,,,,,,
7689,2018-06-30,65000000000,Свердловская область,р. Тобол,Взвешенные вещества,0,33,11.0,47.0,ПДК,,,,,,,,
7693,2018-06-30,70000000000,Тульская область,р. Волга,БПК5,0,2,6.0,6.0,ПДК,,,,,,,,
7695,2018-06-30,94000000000,Удмуртская Республика,р. Волга,Взвешенные вещества,0,1,10.0,10.0,ПДК,,,,,,,,
7696,2018-06-30,94000000000,Удмуртская Республика,р. Кама,Взвешенные вещества,0,5,12.0,41.0,ПДК,,,,,,,,
7708,2018-06-30,75000000000,Челябинская область,р. Кама,Взвешенные вещества,0,6,11.0,15.0,ПДК,,,,,,,,
7710,2018-06-30,75000000000,Челябинская область,р. Тобол,Взвешенные вещества,0,6,11.0,21.0,ПДК,,,,,,,,
7711,2018-06-30,75000000000,Челябинская область,р. Урал,Взвешенные вещества,0,5,11.0,20.0,ПДК,,,,,,,,
7725,2018-07-31,76000000000,Забайкальский край,р. Амур,Взвешенные вещества,0,2,14.0,29.0,ПДК,,,,,,,,
7726,2018-07-31,25000000000,Иркутская область,р. Енисей,Взвешенные вещества,0,5,12.0,47.0,ПДК,,,,,,,,
7727,2018-07-31,33000000000,Кировская область,р. Волга,Взвешенные вещества,0,4,15.0,18.0,ПДК,,,,,,,,
7729,2018-07-31,3000000000,Краснодарский край,"малые реки, озера, водохранилища",БПК5,0,1,7.0,7.0,ПДК,,,,,,,,
7732,2018-07-31,37000000000,Курганская область,р. Тобол,Взвешенные вещества,0,10,12.0,42.0,ПДК,,,,,,,,
7737,2018-07-31,46000000000,Московская область,р. Волга,БПК5,0,3,5.0,8.0,ПДК,,,,,,,,
7743,2018-07-31,47000000000,Мурманская область,"малые реки, озера, водохранилища",БПК5,0,1,7.0,7.0,ПДК,,,,,,,,
7745,2018-07-31,22000000000,Нижегородская область,р. Волга,Взвешенные вещества,0,21,11.0,49.0,ПДК,,,,,,,,
7746,2018-07-31,22000000000,Нижегородская область,р. Ока,Взвешенные вещества,0,1,22.0,22.0,ПДК,,,,,,,,
7750,2018-07-31,57000000000,Пермский край,р. Кама,Взвешенные вещества,0,7,11.0,20.0,ПДК,,,,,,,,
7751,2018-07-31,5000000000,Приморский край,р. Амур,БПК5,0,1,19.0,19.0,ПДК,,,,,,,,
7759,2018-07-31,90000000000,Республика Северная Осетия-Алания,р. Терек,БПК5,0,3,9.0,12.0,ПДК,,,,,,,,
7762,2018-07-31,65000000000,Свердловская область,р. Кама,Взвешенные вещества,0,9,15.0,41.0,ПДК,,,,,,,,
7763,2018-07-31,65000000000,Свердловская область,р. Тобол,Взвешенные вещества,0,29,11.0,48.0,ПДК,,,,,,,,
7770,2018-07-31,66000000000,Смоленская область,р. Днепр,БПК5,0,1,15.0,15.0,ПДК,,,,,,,,
7773,2018-07-31,70000000000,Тульская область,р. Волга,БПК5,0,5,5.0,19.0,ПДК,,,,,,,,
7775,2018-07-31,94000000000,Удмуртская Республика,р. Волга,Взвешенные вещества,0,1,18.0,18.0,ПДК,,,,,,,,
7776,2018-07-31,94000000000,Удмуртская Республика,р. Кама,Взвешенные вещества,0,6,11.0,45.0,ПДК,,,,,,,,
7782,2018-07-31,75000000000,Челябинская область,р. Кама,Взвешенные вещества,0,1,11.0,11.0,ПДК,,,,,,,,
7783,2018-07-31,75000000000,Челябинская область,р. Тобол,Взвешенные вещества,0,3,11.0,15.0,ПДК,,,,,,,,
7797,2018-08-31,45000000000,г. Москва,р. Волга,БПК5,0,1,5.0,5.0,ПДК,,,,,,,,
7798,2018-08-31,76000000000,Забайкальский край,р. Амур,Взвешенные вещества,0,1,16.0,16.0,ПДК,,,,,,,,
7799,2018-08-31,76000000000,Забайкальский край,р. Ангара,Взвешенные вещества,0,1,24.0,24.0,ПДК,,,,,,,,
7800,2018-08-31,25000000000,Иркутская область,р. Ангара,Взвешенные вещества,0,6,12.0,23.0,ПДК,,,,,,,,
7802,2018-08-31,25000000000,Иркутская область,р. Енисей,Взвешенные вещества,0,5,11.0,25.0,ПДК,,,,,,,,
7804,2018-08-31,33000000000,Кировская область,р. Волга,Взвешенные вещества,0,1,14.0,14.0,ПДК,,,,,,,,
7805,2018-08-31,33000000000,Кировская область,р. Кама,Взвешенные вещества,0,1,11.0,11.0,ПДК,,,,,,,,
7806,2018-08-31,37000000000,Курганская область,р. Тобол,Взвешенные вещества,0,7,11.0,22.0,ПДК,,,,,,,,
7809,2018-08-31,46000000000,Московская область,р. Волга,БПК5,0,6,5.0,9.0,ПДК,,,,,,,,
7817,2018-08-31,47000000000,Мурманская область,"малые реки, озера, водохранилища",БПК5,0,1,10.0,10.0,ПДК,,,,,,,,
7821,2018-08-31,22000000000,Нижегородская область,р. Волга,Взвешенные вещества,0,26,11.0,36.0,ПДК,,,,,,,,
7826,2018-08-31,57000000000,Пермский край,р. Кама,Взвешенные вещества,0,1,39.0,39.0,ПДК,,,,,,,,
7829,2018-08-31,90000000000,Республика Северная Осетия-Алания,р. Терек,БПК5,0,1,13.0,13.0,ПДК,,,,,,,,
7830,2018-08-31,90000000000,Республика Северная Осетия-Алания,р. Терек,ХПК,0,1,13.0,13.0,ПДК,,,,,,,,
7835,2018-08-31,36000000000,Самарская область,р. Волга,БПК5,0,4,9.0,10.0,ПДК,,,,,,,,
7838,2018-08-31,65000000000,Свердловская область,р. Тобол,Взвешенные вещества,0,16,17.0,44.0,ПДК,,,,,,,,
7842,2018-08-31,70000000000,Тульская область,р. Волга,БПК5,0,1,20.0,20.0,ПДК,,,,,,,,
7850,2018-08-31,75000000000,Челябинская область,р. Кама,Взвешенные вещества,0,1,11.0,11.0,ПДК,,,,,,,,
7853,2018-08-31,75000000000,Челябинская область,р. Тобол,Взвешенные вещества,0,4,11.0,12.0,ПДК,,,,,,,,
7863,2018-09-30,25000000000,Иркутская область,р. Ангара,Взвешенные вещества,0,1,49.0,49.0,ПДК,,,,,,,,
7865,2018-09-30,33000000000,Кировская область,р. Волга,Взвешенные вещества,0,5,10.0,12.0,ПДК,,,,,,,,
7866,2018-09-30,33000000000,Кировская область,р. Кама,Взвешенные вещества,0,3,11.0,19.0,ПДК,,,,,,,,
7868,2018-09-30,33000000000,Кировская область,р. Северная Двина,Взвешенные вещества,0,1,17.0,17.0,ПДК,,,,,,,,
7869,2018-09-30,37000000000,Курганская область,р. Тобол,Взвешенные вещества,0,1,31.0,31.0,ПДК,,,,,,,,
7872,2018-09-30,46000000000,Московская область,р. Волга,БПК5,0,7,5.0,9.0,ПДК,,,,,,,,
7874,2018-09-30,46000000000,Московская область,р. Волга,АСПАВ,4,1,13.0,13.0,ПДК,,,,,,,,
7880,2018-09-30,22000000000,Нижегородская область,р. Волга,Взвешенные вещества,0,14,12.0,32.0,ПДК,,,,,,,,
7886,2018-09-30,57000000000,Пермский край,р. Кама,Взвешенные вещества,0,4,11.0,17.0,ПДК,,,,,,,,
7889,2018-09-30,88000000000,Республика Марий Эл,р. Волга,Взвешенные вещества,0,2,15.0,16.0,ПДК,,,,,,,,
7890,2018-09-30,90000000000,Республика Северная Осетия-Алания,р. Терек,БПК5,0,3,17.0,19.0,ПДК,,,,,,,,
7891,2018-09-30,90000000000,Республика Северная Осетия-Алания,р. Терек,ХПК,0,3,17.0,19.0,ПДК,,,,,,,,
7897,2018-09-30,36000000000,Самарская область,р. Волга,БПК5,0,2,6.0,7.0,ПДК,,,,,,,,
7900,2018-09-30,65000000000,Свердловская область,р. Тобол,Взвешенные вещества,0,9,21.0,39.0,ПДК,,,,,,,,
7905,2018-09-30,70000000000,Тульская область,р. Волга,БПК5,0,4,6.0,20.0,ПДК,,,,,,,,
7912,2018-09-30,75000000000,Челябинская область,р. Тобол,Взвешенные вещества,0,3,11.0,19.0,ПДК,,,,,,,,
7921,2018-10-31,33000000000,Кировская область,р. Волга,Взвешенные вещества,0,2,10.0,23.0,ПДК,,,,,,,,
7922,2018-10-31,33000000000,Кировская область,р. Кама,Взвешенные вещества,0,1,17.0,17.0,ПДК,,,,,,,,
7923,2018-10-31,37000000000,Курганская область,р. Тобол,Взвешенные вещества,0,4,11.0,36.0,ПДК,,,,,,,,
7924,2018-10-31,46000000000,Московская область,р. Волга,БПК5,0,4,5.0,7.0,ПДК,,,,,,,,
7934,2018-10-31,22000000000,Нижегородская область,р. Волга,Взвешенные вещества,0,18,10.0,27.0,ПДК,,,,,,,,
7936,2018-10-31,22000000000,Нижегородская область,р. Ока,Взвешенные вещества,0,1,31.0,31.0,ПДК,,,,,,,,
7939,2018-10-31,57000000000,Пермский край,р. Кама,Взвешенные вещества,0,3,17.0,32.0,ПДК,,,,,,,,
7942,2018-10-31,5000000000,Приморский край,р. Амур,БПК5,0,1,9.0,9.0,ПДК,,,,,,,,
7948,2018-10-31,98000000000,Республика Саха (Якутия),р. Лена,ХПК,0,1,13.0,13.0,ПДК,,,,,,,,
7950,2018-10-31,90000000000,Республика Северная Осетия-Алания,р. Терек,БПК5,0,1,11.0,11.0,ПДК,,,,,,,,
7951,2018-10-31,90000000000,Республика Северная Осетия-Алания,р. Терек,ХПК,0,1,11.0,11.0,ПДК,,,,,,,,
7958,2018-10-31,65000000000,Свердловская область,р. Тобол,Взвешенные вещества,0,17,11.0,31.0,ПДК,,,,,,,,
7960,2018-10-31,66000000000,Смоленская область,р. Днепр,БПК5,0,1,8.0,8.0,ПДК,,,,,,,,
7962,2018-10-31,70000000000,Тульская область,р. Волга,БПК5,0,1,18.0,18.0,ПДК,,,,,,,,
7963,2018-10-31,8000000000,Хабаровский край,р. Амур,БПК5,0,1,7.0,7.0,ПДК,,,,,,,,
7968,2018-10-31,75000000000,Челябинская область,р. Кама,Взвешенные вещества,0,1,11.0,11.0,ПДК,,,,,,,,
7970,2018-10-31,75000000000,Челябинская область,р. Тобол,Взвешенные вещества,0,5,11.0,20.0,ПДК,,,,,,,,
7972,2018-10-31,75000000000,Челябинская область,"малые реки, озера, водохранилища",Взвешенные вещества,0,1,12.0,12.0,ПДК,,,,,,,,
7982,2018-11-30,25000000000,Иркутская область,р. Ангара,Взвешенные вещества,0,3,18.0,34.0,ПДК,,,,,,,,
7983,2018-11-30,37000000000,Курганская область,р. Тобол,Взвешенные вещества,0,3,17.0,36.0,ПДК,,,,,,,,
7984,2018-11-30,46000000000,Московская область,р. Волга,БПК5,0,9,5.0,19.0,ПДК,,,,,,,,
7993,2018-11-30,22000000000,Нижегородская область,р. Волга,Взвешенные вещества,0,5,10.0,21.0,ПДК,,,,,,,,
7995,2018-11-30,22000000000,Нижегородская область,р. Волга,БПК5,0,1,25.0,25.0,ПДК,,,,,,,,
7996,2018-11-30,22000000000,Нижегородская область,р. Волга,ХПК,0,1,13.0,13.0,ПДК,,,,,,,,
8002,2018-11-30,57000000000,Пермский край,р. Кама,Взвешенные вещества,0,1,13.0,13.0,ПДК,,,,,,,,
8004,2018-11-30,5000000000,Приморский край,р. Амур,АСПАВ,4,1,17.0,17.0,ПДК,,,,,,,,
8007,2018-11-30,88000000000,Республика Марий Эл,р. Волга,Взвешенные вещества,0,1,13.0,13.0,ПДК,,,,,,,,
8008,2018-11-30,98000000000,Республика Саха (Якутия),р. Лена,ХПК,0,1,18.0,18.0,ПДК,,,,,,,,
8010,2018-11-30,90000000000,Республика Северная Осетия-Алания,р. Терек,БПК5,0,3,18.0,20.0,ПДК,,,,,,,,
8011,2018-11-30,90000000000,Республика Северная Осетия-Алания,р. Терек,ХПК,0,3,18.0,20.0,ПДК,,,,,,,,
8013,2018-11-30,61000000000,Рязанская область,р. Волга,БПК5,0,1,6.0,6.0,ПДК,,,,,,,,
8016,2018-11-30,65000000000,Свердловская область,р. Кама,Взвешенные вещества,0,1,16.0,16.0,ПДК,,,,,,,,
8020,2018-11-30,65000000000,Свердловская область,р. Тобол,Взвешенные вещества,0,6,11.0,40.0,ПДК,,,,,,,,
8021,2018-11-30,28000000000,Тверская область,р. Волга,БПК5,0,1,6.0,6.0,ПДК,,,,,,,,
8022,2018-11-30,70000000000,Тульская область,р. Волга,ХПК,0,1,12.0,12.0,ПДК,,,,,,,,
8023,2018-11-30,70000000000,Тульская область,р. Волга,БПК5,0,1,20.0,20.0,ПДК,,,,,,,,
8025,2018-11-30,94000000000,Удмуртская Республика,р. Кама,Взвешенные вещества,0,2,10.0,31.0,ПДК,,,,,,,,
8033,2018-11-30,75000000000,Челябинская область,р. Тобол,Взвешенные вещества,0,2,11.0,11.0,ПДК,,,,,,,,
8043,2018-12-31,46000000000,Московская область,р. Волга,БПК5,0,4,5.0,19.0,ПДК,,,,,,,,
8049,2018-12-31,22000000000,Нижегородская область,р. Волга,Взвешенные вещества,0,2,11.0,43.0,ПДК,,,,,,,,
8054,2018-12-31,22000000000,Нижегородская область,р. Волга,ХПК,0,1,27.0,27.0,ПДК,,,,,,,,
8056,2018-12-31,50000000000,Новосибирская область,р. Обь,ХПК,0,1,21.0,21.0,ПДК,,,,,,,,
8059,2018-12-31,57000000000,Пермский край,р. Кама,Взвешенные вещества,0,3,19.0,24.0,ПДК,,,,,,,,
8061,2018-12-31,5000000000,Приморский край,р. Амур,БПК5,0,1,6.0,6.0,ПДК,,,,,,,,
8064,2018-12-31,90000000000,Республика Северная Осетия-Алания,р. Терек,ХПК,0,1,19.0,19.0,ПДК,,,,,,,,
8065,2018-12-31,90000000000,Республика Северная Осетия-Алания,р. Терек,БПК5,0,1,19.0,19.0,ПДК,,,,,,,,
8067,2018-12-31,61000000000,Рязанская область,р. Волга,БПК5,0,1,10.0,10.0,ПДК,,,,,,,,
8073,2018-12-31,65000000000,Свердловская область,р. Кама,Взвешенные вещества,0,4,16.0,35.0,ПДК,,,,,,,,
8078,2018-12-31,65000000000,Свердловская область,р. Тобол,Взвешенные вещества,0,8,11.0,20.0,ПДК,,,,,,,,
8080,2018-12-31,70000000000,Тульская область,р. Волга,БПК5,0,1,20.0,20.0,ПДК,,,,,,,,
8081,2018-12-31,70000000000,Тульская область,р. Волга,ХПК,0,1,20.0,20.0,ПДК,,,,,,,,
8087,2018-12-31,75000000000,Челябинская область,р. Тобол,Взвешенные вещества,0,3,13.0,15.0,ПДК,,,,,,,,
8095,2019-01-31,25000000000,Иркутская область,р. Ангара,Взвешенные вещества,0,1,13.0,13.0,ПДК,,,,,,,,
8097,2019-01-31,37000000000,Курганская область,р. Тобол,Взвешенные вещества,0,1,20.0,20.0,ПДК,,,,,,,,
8100,2019-01-31,46000000000,Московская область,р. Волга,БПК5,0,1,8.0,8.0,ПДК,,,,,,,,
8109,2019-01-31,22000000000,Нижегородская область,р. Волга,Взвешенные вещества,0,1,11.0,11.0,ПДК,,,,,,,,
8113,2019-01-31,5000000000,Приморский край,р. Амур,БПК5,0,1,17.0,17.0,ПДК,,,,,,,,
8117,2019-01-31,90000000000,Республика Северная Осетия-Алания,р. Терек,БПК5,0,2,7.0,19.0,ПДК,,,,,,,,
8118,2019-01-31,90000000000,Республика Северная Осетия-Алания,р. Терек,ХПК,0,1,19.0,19.0,ПДК,,,,,,,,
8121,2019-01-31,61000000000,Рязанская область,р. Волга,БПК5,0,1,7.0,7.0,ПДК,,,,,,,,
8126,2019-01-31,65000000000,Свердловская область,р. Кама,Взвешенные вещества,0,3,11.0,31.0,ПДК,,,,,,,,
8128,2019-01-31,65000000000,Свердловская область,р. Тобол,Взвешенные вещества,0,4,11.0,16.0,ПДК,,,,,,,,
8134,2019-01-31,70000000000,Тульская область,р. Волга,БПК5,0,3,7.0,19.0,ПДК,,,,,,,,
8136,2019-01-31,94000000000,Удмуртская Республика,р. Кама,Взвешенные вещества,0,1,11.0,11.0,ПДК,,,,,,,,
8148,2019-01-31,75000000000,Челябинская область,р. Тобол,Взвешенные вещества,0,4,11.0,16.0,ПДК,,,,,,,,
8160,2019-02-28,37000000000,Курганская область,р. Тобол,Взвешенные вещества,0,6,15.0,31.0,ПДК,,,,,,,,
8169,2019-02-28,46000000000,Московская область,р. Волга,БПК5,0,4,6.0,10.0,ПДК,,,,,,,,
8172,2019-02-28,47000000000,Мурманская область,"малые реки, озера, водохранилища",БПК5,0,1,17.0,17.0,ПДК,,,,,,,,
8177,2019-02-28,22000000000,Нижегородская область,р. Волга,Взвешенные вещества,0,4,12.0,26.0,ПДК,,,,,,,,
8182,2019-02-28,50000000000,Новосибирская область,р. Обь,БПК5,0,1,5.0,5.0,ПДК,,,,,,,,
8186,2019-02-28,57000000000,Пермский край,р. Кама,Взвешенные вещества,0,3,13.0,25.0,ПДК,,,,,,,,
8188,2019-02-28,5000000000,Приморский край,р. Амур,БПК5,0,1,13.0,13.0,ПДК,,,,,,,,
8196,2019-02-28,90000000000,Республика Северная Осетия-Алания,р. Терек,ХПК,0,2,12.0,14.0,ПДК,,,,,,,,
8199,2019-02-28,61000000000,Рязанская область,р. Волга,БПК5,0,1,7.0,7.0,ПДК,,,,,,,,
8202,2019-02-28,65000000000,Свердловская область,р. Кама,Взвешенные вещества,0,1,15.0,15.0,ПДК,,,,,,,,
8204,2019-02-28,65000000000,Свердловская область,р. Тобол,Взвешенные вещества,0,12,11.0,48.0,ПДК,,,,,,,,
8211,2019-02-28,66000000000,Смоленская область,р. Волга,БПК5,0,1,5.0,5.0,ПДК,,,,,,,,
8212,2019-02-28,66000000000,Смоленская область,р. Днепр,БПК5,0,1,7.0,7.0,ПДК,,,,,,,,
8216,2019-02-28,70000000000,Тульская область,р. Волга,БПК5,0,2,9.0,18.0,ПДК,,,,,,,,
8217,2019-02-28,70000000000,Тульская область,р. Волга,ХПК,0,1,15.0,15.0,ПДК,,,,,,,,
8224,2019-02-28,75000000000,Челябинская область,р. Тобол,Взвешенные вещества,0,5,11.0,12.0,ПДК,,,,,,,,
8235,2019-03-31,25000000000,Иркутская область,р. Ангара,Взвешенные вещества,0,2,12.0,13.0,ПДК,,,,,,,,
8238,2019-03-31,33000000000,Кировская область,р. Волга,Взвешенные вещества,0,4,10.0,31.0,ПДК,,,,,,,,
8241,2019-03-31,46000000000,Московская область,р. Волга,БПК5,0,4,8.0,12.0,ПДК,,,,,,,,
8251,2019-03-31,50000000000,Новосибирская область,р. Обь,БПК5,0,1,5.0,5.0,ПДК,,,,,,,,
8260,2019-03-31,57000000000,Пермский край,р. Кама,Взвешенные вещества,0,1,23.0,23.0,ПДК,,,,,,,,
8261,2019-03-31,5000000000,Приморский край,р. Амур,БПК5,0,1,13.0,13.0,ПДК,,,,,,,,
8264,2019-03-31,58000000000,Псковская область,"малые реки, озера, водохранилища",БПК5,0,6,10.0,19.0,ПДК,,,,,,,,
8268,2019-03-31,90000000000,Республика Северная Осетия-Алания,р. Терек,БПК5,0,1,10.0,10.0,ПДК,,,,,,,,
8271,2019-03-31,61000000000,Рязанская область,р. Волга,БПК5,0,1,6.0,6.0,ПДК,,,,,,,,
8276,2019-03-31,65000000000,Свердловская область,р. Тобол,Взвешенные вещества,0,3,13.0,29.0,ПДК,,,,,,,,
8282,2019-03-31,66000000000,Смоленская область,р. Днепр,БПК5,0,1,9.0,9.0,ПДК,,,,,,,,
8285,2019-03-31,70000000000,Тульская область,р. Волга,ХПК,0,1,16.0,16.0,ПДК,,,,,,,,
8288,2019-03-31,94000000000,Удмуртская Республика,р. Кама,Взвешенные вещества,0,2,11.0,15.0,ПДК,,,,,,,,
8291,2019-03-31,75000000000,Челябинская область,р. Тобол,БПК5,0,1,13.0,13.0,ПДК,,,,,,,,
8294,2019-03-31,75000000000,Челябинская область,р. Тобол,Взвешенные вещества,0,5,12.0,15.0,ПДК,,,,,,,,
8312,2019-04-30,25000000000,Иркутская область,р. Ангара,Взвешенные вещества,0,5,11.0,17.0,ПДК,,,,,,,,
8313,2019-04-30,25000000000,Иркутская область,р. Енисей,Взвешенные вещества,0,1,15.0,15.0,ПДК,,,,,,,,
8316,2019-04-30,33000000000,Кировская область,р. Волга,Взвешенные вещества,0,2,13.0,13.0,ПДК,,,,,,,,
8317,2019-04-30,33000000000,Кировская область,р. Кама,Взвешенные вещества,0,1,12.0,12.0,ПДК,,,,,,,,
8321,2019-04-30,37000000000,Курганская область,р. Тобол,Взвешенные вещества,0,5,11.0,45.0,ПДК,,,,,,,,
8322,2019-04-30,46000000000,Московская область,р. Волга,БПК5,0,6,5.0,10.0,ПДК,,,,,,,,
8330,2019-04-30,22000000000,Нижегородская область,р. Волга,Взвешенные вещества,0,23,11.0,49.0,ПДК,,,,,,,,
8336,2019-04-30,57000000000,Пермский край,р. Кама,Взвешенные вещества,0,15,11.0,39.0,ПДК,,,,,,,,
8338,2019-04-30,5000000000,Приморский край,р. Амур,БПК5,0,1,7.0,7.0,ПДК,,,,,,,,
8344,2019-04-30,90000000000,Республика Северная Осетия-Алания,р. Терек,БПК5,0,3,5.0,8.0,ПДК,,,,,,,,
8349,2019-04-30,65000000000,Свердловская область,р. Кама,Взвешенные вещества,0,2,13.0,20.0,ПДК,,,,,,,,
8351,2019-04-30,65000000000,Свердловская область,р. Тобол,Взвешенные вещества,0,34,11.0,47.0,ПДК,,,,,,,,
8357,2019-04-30,70000000000,Тульская область,р. Волга,БПК5,0,5,5.0,10.0,ПДК,,,,,,,,
8362,2019-04-30,94000000000,Удмуртская Республика,р. Кама,Взвешенные вещества,0,4,17.0,41.0,ПДК,,,,,,,,
8371,2019-04-30,75000000000,Челябинская область,р. Кама,Взвешенные вещества,0,7,11.0,16.0,ПДК,,,,,,,,
8372,2019-04-30,75000000000,Челябинская область,р. Тобол,Взвешенные вещества,0,11,11.0,21.0,ПДК,,,,,,,,
8375,2019-04-30,75000000000,Челябинская область,р. Урал,Взвешенные вещества,0,5,11.0,20.0,ПДК,,,,,,,,
8384,2019-05-31,25000000000,Иркутская область,р. Ангара,Взвешенные вещества,0,6,11.0,49.0,ПДК,,,,,,,,
8386,2019-05-31,25000000000,Иркутская область,р. Енисей,Взвешенные вещества,0,1,16.0,16.0,ПДК,,,,,,,,
8388,2019-05-31,33000000000,Кировская область,р. Волга,Взвешенные вещества,0,10,11.0,37.0,ПДК,,,,,,,,
8389,2019-05-31,33000000000,Кировская область,р. Кама,Взвешенные вещества,0,7,10.0,40.0,ПДК,,,,,,,,
8390,2019-05-31,33000000000,Кировская область,р. Северная Двина,Взвешенные вещества,0,1,14.0,14.0,ПДК,,,,,,,,
8392,2019-05-31,37000000000,Курганская область,р. Тобол,Взвешенные вещества,0,10,11.0,48.0,ПДК,,,,,,,,
8396,2019-05-31,46000000000,Московская область,р. Волга,БПК5,0,7,5.0,8.0,ПДК,,,,,,,,
8402,2019-05-31,47000000000,Мурманская область,"малые реки, озера, водохранилища",БПК5,0,1,7.0,7.0,ПДК,,,,,,,,
8403,2019-05-31,22000000000,Нижегородская область,р. Волга,Взвешенные вещества,0,22,10.0,36.0,ПДК,,,,,,,,
8409,2019-05-31,57000000000,Пермский край,р. Волга,Взвешенные вещества,0,1,20.0,20.0,ПДК,,,,,,,,
8410,2019-05-31,57000000000,Пермский край,р. Кама,Взвешенные вещества,0,17,11.0,43.0,ПДК,,,,,,,,
8416,2019-05-31,58000000000,Псковская область,"малые реки, озера, водохранилища",БПК5,0,1,17.0,17.0,ПДК,,,,,,,,
8422,2019-05-31,88000000000,Республика Марий Эл,р. Волга,Взвешенные вещества,0,2,15.0,16.0,ПДК,,,,,,,,
8423,2019-05-31,90000000000,Республика Северная Осетия-Алания,р. Терек,БПК5,0,3,6.0,11.0,ПДК,,,,,,,,
8424,2019-05-31,90000000000,Республика Северная Осетия-Алания,р. Терек,ХПК,0,1,11.0,11.0,ПДК,,,,,,,,
8429,2019-05-31,65000000000,Свердловская область,р. Кама,Взвешенные вещества,0,9,12.0,32.0,ПДК,,,,,,,,
8431,2019-05-31,65000000000,Свердловская область,р. Тобол,Взвешенные вещества,0,10,12.0,43.0,ПДК,,,,,,,,
8434,2019-05-31,28000000000,Тверская область,р. Волга,БПК5,0,1,10.0,10.0,ПДК,,,,,,,,
8436,2019-05-31,70000000000,Тульская область,р. Волга,БПК5,0,7,6.0,19.0,ПДК,,,,,,,,
8437,2019-05-31,70000000000,Тульская область,р. Дон,БПК5,0,1,9.0,9.0,ПДК,,,,,,,,
8438,2019-05-31,94000000000,Удмуртская Республика,р. Волга,Взвешенные вещества,0,2,21.0,40.0,ПДК,,,,,,,,
8439,2019-05-31,94000000000,Удмуртская Республика,р. Кама,Взвешенные вещества,0,5,17.0,33.0,ПДК,,,,,,,,
8444,2019-05-31,75000000000,Челябинская область,р. Кама,Взвешенные вещества,0,7,11.0,15.0,ПДК,,,,,,,,
8446,2019-05-31,75000000000,Челябинская область,р. Тобол,Взвешенные вещества,0,9,11.0,16.0,ПДК,,,,,,,,
8447,2019-05-31,75000000000,Челябинская область,р. Урал,Взвешенные вещества,0,5,11.0,15.0,ПДК,,,,,,,,
8460,2019-06-30,45000000000,г. Москва,р. Волга,БПК5,0,1,5.0,5.0,ПДК,,,,,,,,
8464,2019-06-30,25000000000,Иркутская область,р. Ангара,Взвешенные вещества,0,24,10.0,49.0,ПДК,,,,,,,,
8465,2019-06-30,25000000000,Иркутская область,р. Енисей,Взвешенные вещества,0,5,10.0,18.0,ПДК,,,,,,,,
8466,2019-06-30,25000000000,Иркутская область,р. Лена,Взвешенные вещества,0,1,19.0,19.0,ПДК,,,,,,,,
8468,2019-06-30,33000000000,Кировская область,р. Волга,Взвешенные вещества,0,7,10.0,28.0,ПДК,,,,,,,,
8469,2019-06-30,33000000000,Кировская область,р. Кама,Взвешенные вещества,0,3,12.0,18.0,ПДК,,,,,,,,
8470,2019-06-30,33000000000,Кировская область,р. Северная Двина,Взвешенные вещества,0,1,15.0,15.0,ПДК,,,,,,,,
8473,2019-06-30,37000000000,Курганская область,р. Тобол,Взвешенные вещества,0,5,11.0,45.0,ПДК,,,,,,,,
8481,2019-06-30,46000000000,Московская область,р. Волга,БПК5,0,11,5.0,15.0,ПДК,,,,,,,,
8484,2019-06-30,47000000000,Мурманская область,"малые реки, озера, водохранилища",БПК5,0,1,10.0,10.0,ПДК,,,,,,,,
8487,2019-06-30,22000000000,Нижегородская область,р. Волга,Взвешенные вещества,0,22,10.0,38.0,ПДК,,,,,,,,
8490,2019-06-30,22000000000,Нижегородская область,р. Волга,ХПК,0,2,20.0,38.0,ПДК,,,,,,,,
8494,2019-06-30,57000000000,Пермский край,р. Волга,Взвешенные вещества,0,1,13.0,13.0,ПДК,,,,,,,,
8495,2019-06-30,57000000000,Пермский край,р. Кама,Взвешенные вещества,0,3,12.0,13.0,ПДК,,,,,,,,
8496,2019-06-30,5000000000,Приморский край,р. Амур,БПК5,0,1,7.0,7.0,ПДК,,,,,,,,
8512,2019-06-30,98000000000,Республика Саха (Якутия),р. Лена,Взвешенные вещества,0,5,16.0,39.0,ПДК,,,,,,,,
8516,2019-06-30,61000000000,Рязанская область,р. Волга,БПК5,0,1,12.0,12.0,ПДК,,,,,,,,
8518,2019-06-30,65000000000,Свердловская область,р. Кама,Взвешенные вещества,0,4,11.0,27.0,ПДК,,,,,,,,
8519,2019-06-30,65000000000,Свердловская область,р. Тобол,Взвешенные вещества,0,29,11.0,49.0,ПДК,,,,,,,,
8523,2019-06-30,70000000000,Тульская область,р. Волга,ХПК,0,1,15.0,15.0,ПДК,,,,,,,,
8524,2019-06-30,70000000000,Тульская область,р. Волга,БПК5,0,9,5.0,12.0,ПДК,,,,,,,,
8526,2019-06-30,70000000000,Тульская область,р. Дон,БПК5,0,2,5.0,16.0,ПДК,,,,,,,,
8527,2019-06-30,94000000000,Удмуртская Республика,р. Кама,Взвешенные вещества,0,2,10.0,30.0,ПДК,,,,,,,,
8532,2019-06-30,75000000000,Челябинская область,р. Кама,Взвешенные вещества,0,4,11.0,15.0,ПДК,,,,,,,,
8533,2019-06-30,75000000000,Челябинская область,р. Тобол,Взвешенные вещества,0,7,11.0,20.0,ПДК,,,,,,,,
8534,2019-06-30,75000000000,Челябинская область,р. Урал,Взвешенные вещества,0,4,12.0,15.0,ПДК,,,,,,,,
8544,2019-07-31,45000000000,г. Москва,р. Волга,БПК5,0,1,8.0,8.0,ПДК,,,,,,,,
8547,2019-07-31,25000000000,Иркутская область,р. Ангара,Взвешенные вещества,0,8,11.0,20.0,ПДК,,,,,,,,
8548,2019-07-31,25000000000,Иркутская область,р. Енисей,Взвешенные вещества,0,7,10.0,36.0,ПДК,,,,,,,,
8549,2019-07-31,25000000000,Иркутская область,р. Лена,Взвешенные вещества,0,1,10.0,10.0,ПДК,,,,,,,,
8551,2019-07-31,33000000000,Кировская область,р. Волга,Взвешенные вещества,0,10,12.0,25.0,ПДК,,,,,,,,
8552,2019-07-31,33000000000,Кировская область,р. Кама,Взвешенные вещества,0,6,11.0,25.0,ПДК,,,,,,,,
8556,2019-07-31,37000000000,Курганская область,р. Тобол,Взвешенные вещества,0,13,18.0,49.0,ПДК,,,,,,,,
8562,2019-07-31,46000000000,Московская область,р. Волга,БПК5,0,5,6.0,10.0,ПДК,,,,,,,,
8563,2019-07-31,47000000000,Мурманская область,"малые реки, озера, водохранилища",БПК5,0,1,6.0,6.0,ПДК,,,,,,,,
8569,2019-07-31,22000000000,Нижегородская область,р. Волга,Взвешенные вещества,0,31,10.8,45.0,ПДК,,,,,,,,
8573,2019-07-31,57000000000,Пермский край,р. Волга,Взвешенные вещества,0,1,13.0,13.0,ПДК,,,,,,,,
8574,2019-07-31,57000000000,Пермский край,р. Кама,Взвешенные вещества,0,8,11.0,28.0,ПДК,,,,,,,,
8577,2019-07-31,90000000000,Республика Северная Осетия-Алания,р. Терек,БПК5,0,3,6.0,10.0,ПДК,,,,,,,,
8578,2019-07-31,61000000000,Рязанская область,р. Волга,БПК5,0,1,17.0,17.0,ПДК,,,,,,,,
8582,2019-07-31,65000000000,Свердловская область,р. Кама,Взвешенные вещества,0,8,11.0,21.0,ПДК,,,,,,,,
8584,2019-07-31,65000000000,Свердловская область,р. Тобол,Взвешенные вещества,0,32,11.0,49.0,ПДК,,,,,,,,
8588,2019-07-31,66000000000,Смоленская область,р. Днепр,БПК5,0,1,11.0,11.0,ПДК,,,,,,,,
8591,2019-07-31,70000000000,Тульская область,р. Волга,БПК5,0,12,5.0,19.0,ПДК,,,,,,,,
8593,2019-07-31,70000000000,Тульская область,р. Волга,ХПК,0,1,12.0,12.0,ПДК,,,,,,,,
8594,2019-07-31,94000000000,Удмуртская Республика,р. Волга,Взвешенные вещества,0,1,25.0,25.0,ПДК,,,,,,,,
8595,2019-07-31,94000000000,Удмуртская Республика,р. Кама,Взвешенные вещества,0,3,11.0,17.0,ПДК,,,,,,,,
8601,2019-07-31,75000000000,Челябинская область,р. Кама,Взвешенные вещества,0,1,12.0,12.0,ПДК,,,,,,,,
8603,2019-07-31,75000000000,Челябинская область,р. Тобол,Взвешенные вещества,0,5,11.0,13.0,ПДК,,,,,,,,
8604,2019-07-31,75000000000,Челябинская область,р. Урал,Взвешенные вещества,0,4,11.0,13.0,ПДК,,,,,,,,
8613,2019-08-31,25000000000,Иркутская область,р. Ангара,Взвешенные вещества,0,2,21.0,24.0,ПДК,,,,,,,,
8614,2019-08-31,25000000000,Иркутская область,р. Енисей,Взвешенные вещества,0,2,11.0,17.0,ПДК,,,,,,,,
8615,2019-08-31,25000000000,Иркутская область,р. Лена,Взвешенные вещества,0,1,11.0,11.0,ПДК,,,,,,,,
8617,2019-08-31,33000000000,Кировская область,р. Волга,Взвешенные вещества,0,5,10.0,17.0,ПДК,,,,,,,,
8618,2019-08-31,33000000000,Кировская область,р. Кама,Взвешенные вещества,0,5,10.0,33.0,ПДК,,,,,,,,
8623,2019-08-31,37000000000,Курганская область,р. Тобол,Взвешенные вещества,0,5,11.0,35.0,ПДК,,,,,,,,
8624,2019-08-31,41000000000,Ленинградская область,"малые реки, озера, водохранилища",БПК5,0,1,7.0,7.0,ПДК,,,,,,,,
8628,2019-08-31,46000000000,Московская область,р. Волга,БПК5,0,3,5.0,6.0,ПДК,,,,,,,,
8630,2019-08-31,47000000000,Мурманская область,"малые реки, озера, водохранилища",БПК5,0,1,19.0,19.0,ПДК,,,,,,,,
8637,2019-08-31,22000000000,Нижегородская область,р. Волга,Взвешенные вещества,0,22,10.0,43.0,ПДК,,,,,,,,
8644,2019-08-31,57000000000,Пермский край,р. Кама,Взвешенные вещества,0,7,12.0,33.0,ПДК,,,,,,,,
8645,2019-08-31,90000000000,Республика Северная Осетия-Алания,р. Терек,БПК5,0,2,5.0,7.0,ПДК,,,,,,,,
8651,2019-08-31,65000000000,Свердловская область,р. Тобол,Взвешенные вещества,0,8,11.0,24.0,ПДК,,,,,,,,
8657,2019-08-31,70000000000,Тульская область,р. Волга,БПК5,0,11,5.0,19.0,ПДК,,,,,,,,
8665,2019-08-31,75000000000,Челябинская область,р. Кама,Взвешенные вещества,0,1,13.0,13.0,ПДК,,,,,,,,
8668,2019-08-31,75000000000,Челябинская область,р. Тобол,БПК5,0,1,8.0,8.0,ПДК,,,,,,,,
8669,2019-08-31,75000000000,Челябинская область,р. Тобол,Взвешенные вещества,0,3,11.0,12.0,ПДК,,,,,,,,
8671,2019-08-31,75000000000,Челябинская область,р. Урал,Взвешенные вещества,0,2,11.0,11.0,ПДК,,,,,,,,
8676,2019-09-30,19000000000,Вологодская область,р. Северная Двина,БПК5,0,1,16.0,16.0,ПДК,,,,,,,,
8682,2019-09-30,25000000000,Иркутская область,р. Ангара,Взвешенные вещества,0,1,13.0,13.0,ПДК,,,,,,,,
8684,2019-09-30,33000000000,Кировская область,р. Волга,Взвешенные вещества,0,11,11.0,35.0,ПДК,,,,,,,,
8685,2019-09-30,33000000000,Кировская область,р. Кама,Взвешенные вещества,0,6,11.0,27.0,ПДК,,,,,,,,
8686,2019-09-30,33000000000,Кировская область,р. Северная Двина,Взвешенные вещества,0,1,19.0,19.0,ПДК,,,,,,,,
8688,2019-09-30,37000000000,Курганская область,р. Тобол,Взвешенные вещества,0,2,23.0,35.0,ПДК,,,,,,,,
8692,2019-09-30,46000000000,Московская область,р. Волга,БПК5,0,4,6.0,8.0,ПДК,,,,,,,,
8698,2019-09-30,22000000000,Нижегородская область,р. Волга,Взвешенные вещества,0,27,11.0,44.0,ПДК,,,,,,,,
8700,2019-09-30,22000000000,Нижегородская область,р. Волга,ХПК,0,1,40.0,40.0,ПДК,,,,,,,,
8703,2019-09-30,22000000000,Нижегородская область,р. Волга,БПК5,0,1,8.0,8.0,ПДК,,,,,,,,
8709,2019-09-30,5000000000,Приморский край,р. Амур,БПК5,0,1,9.0,9.0,ПДК,,,,,,,,
8711,2019-09-30,90000000000,Республика Северная Осетия-Алания,р. Терек,ХПК,0,1,12.0,12.0,ПДК,,,,,,,,
8712,2019-09-30,90000000000,Республика Северная Осетия-Алания,р. Терек,БПК5,0,2,9.0,12.0,ПДК,,,,,,,,
8714,2019-09-30,36000000000,Самарская область,р. Волга,БПК5,0,2,6.0,7.0,ПДК,,,,,,,,
8717,2019-09-30,65000000000,Свердловская область,р. Кама,Взвешенные вещества,0,1,11.0,11.0,ПДК,,,,,,,,
8719,2019-09-30,65000000000,Свердловская область,р. Тобол,Взвешенные вещества,0,22,11.0,28.0,ПДК,,,,,,,,
8724,2019-09-30,70000000000,Тульская область,р. Волга,ХПК,0,1,13.0,13.0,ПДК,,,,,,,,
8725,2019-09-30,70000000000,Тульская область,р. Волга,БПК5,0,1,20.0,20.0,ПДК,,,,,,,,
8726,2019-09-30,94000000000,Удмуртская Республика,р. Волга,Взвешенные вещества,0,1,17.0,17.0,ПДК,,,,,,,,
8728,2019-09-30,75000000000,Челябинская область,р. Кама,Взвешенные вещества,0,2,11.0,12.0,ПДК,,,,,,,,
8731,2019-09-30,75000000000,Челябинская область,р. Тобол,Взвешенные вещества,0,3,11.0,11.0,ПДК,,,,,,,,
8739,2019-10-31,76000000000,Забайкальский край,р. Амур,Взвешенные вещества,0,1,27.0,27.0,ПДК,,,,,,,,
8741,2019-10-31,25000000000,Иркутская область,р. Ангара,Взвешенные вещества,0,1,11.0,11.0,ПДК,,,,,,,,
8742,2019-10-31,25000000000,Иркутская область,р. Енисей,Взвешенные вещества,0,5,11.0,19.0,ПДК,,,,,,,,
8746,2019-10-31,3000000000,Краснодарский край,"малые реки, озера, водохранилища",БПК5,0,1,5.0,5.0,ПДК,,,,,,,,
8755,2019-10-31,46000000000,Московская область,р. Волга,БПК5,0,7,5.0,10.0,ПДК,,,,,,,,
8757,2019-10-31,46000000000,Московская область,р. Волга,ХПК,0,1,13.0,13.0,ПДК,,,,,,,,
8766,2019-10-31,22000000000,Нижегородская область,р. Волга,Взвешенные вещества,0,17,10.0,24.0,ПДК,,,,,,,,
8769,2019-10-31,57000000000,Пермский край,р. Волга,Взвешенные вещества,0,1,16.0,16.0,ПДК,,,,,,,,
8770,2019-10-31,57000000000,Пермский край,р. Кама,Взвешенные вещества,0,8,11.0,41.0,ПДК,,,,,,,,
8776,2019-10-31,90000000000,Республика Северная Осетия-Алания,р. Терек,БПК5,0,2,6.0,7.0,ПДК,,,,,,,,
8781,2019-10-31,65000000000,Свердловская область,р. Тобол,Взвешенные вещества,0,4,11.0,11.0,ПДК,,,,,,,,
8782,2019-10-31,66000000000,Смоленская область,р. Днепр,БПК5,0,2,7.0,7.0,ПДК,,,,,,,,
8784,2019-10-31,70000000000,Тульская область,р. Волга,БПК5,0,1,19.0,19.0,ПДК,,,,,,,,
8787,2019-10-31,94000000000,Удмуртская Республика,р. Кама,Взвешенные вещества,0,1,15.0,15.0,ПДК,,,,,,,,
8790,2019-10-31,75000000000,Челябинская область,р. Кама,Взвешенные вещества,0,1,11.0,11.0,ПДК,,,,,,,,
8791,2019-10-31,75000000000,Челябинская область,р. Тобол,Взвешенные вещества,0,3,11.0,12.0,ПДК,,,,,,,,
8798,2019-11-30,45000000000,г. Москва,р. Волга,БПК5,0,1,6.0,6.0,ПДК,,,,,,,,
8805,2019-11-30,33000000000,Кировская область,р. Волга,Взвешенные вещества,0,3,13.0,21.0,ПДК,,,,,,,,
8806,2019-11-30,33000000000,Кировская область,р. Кама,Взвешенные вещества,0,2,15.0,36.0,ПДК,,,,,,,,
8811,2019-11-30,37000000000,Курганская область,р. Тобол,Взвешенные вещества,0,2,13.0,16.0,ПДК,,,,,,,,
8812,2019-11-30,46000000000,Московская область,р. Волга,БПК5,0,9,5.0,17.0,ПДК,,,,,,,,
8815,2019-11-30,47000000000,Мурманская область,"малые реки, озера, водохранилища",БПК5,0,1,17.0,17.0,ПДК,,,,,,,,
8821,2019-11-30,22000000000,Нижегородская область,р. Волга,Взвешенные вещества,0,3,12.0,24.0,ПДК,,,,,,,,
8826,2019-11-30,57000000000,Пермский край,р. Кама,Взвешенные вещества,0,15,11.0,40.0,ПДК,,,,,,,,
8827,2019-11-30,5000000000,Приморский край,р. Амур,БПК5,0,1,6.0,6.0,ПДК,,,,,,,,
8834,2019-11-30,90000000000,Республика Северная Осетия-Алания,р. Терек,БПК5,0,3,7.0,17.0,ПДК,,,,,,,,
8835,2019-11-30,90000000000,Республика Северная Осетия-Алания,р. Терек,ХПК,0,1,17.0,17.0,ПДК,,,,,,,,
8837,2019-11-30,65000000000,Свердловская область,р. Кама,Взвешенные вещества,0,3,15.0,29.0,ПДК,,,,,,,,
8840,2019-11-30,65000000000,Свердловская область,р. Тобол,Взвешенные вещества,0,21,11.0,43.0,ПДК,,,,,,,,
8844,2019-11-30,70000000000,Тульская область,р. Волга,БПК5,0,1,19.0,19.0,ПДК,,,,,,,,
8849,2019-11-30,75000000000,Челябинская область,р. Кама,Взвешенные вещества,0,1,12.0,12.0,ПДК,,,,,,,,
8851,2019-11-30,75000000000,Челябинская область,р. Тобол,Взвешенные вещества,0,4,11.0,13.0,ПДК,,,,,,,,
8861,2019-12-31,25000000000,Иркутская область,р. Ангара,Взвешенные вещества,0,1,49.0,49.0,ПДК,,,,,,,,
8863,2019-12-31,33000000000,Кировская область,р. Волга,Взвешенные вещества,0,5,13.0,37.0,ПДК,,,,,,,,
8865,2019-12-31,37000000000,Курганская область,р. Тобол,Взвешенные вещества,0,4,11.0,20.0,ПДК,,,,,,,,
8868,2019-12-31,46000000000,Московская область,р. Волга,БПК5,0,5,6.0,15.0,ПДК,,,,,,,,
8874,2019-12-31,22000000000,Нижегородская область,р. Волга,Взвешенные вещества,0,6,10.0,15.0,ПДК,,,,,,,,
8877,2019-12-31,5000000000,Приморский край,р. Амур,БПК5,0,1,8.0,8.0,ПДК,,,,,,,,
8882,2019-12-31,90000000000,Республика Северная Осетия-Алания,р. Терек,ХПК,0,1,19.0,19.0,ПДК,,,,,,,,
8883,2019-12-31,90000000000,Республика Северная Осетия-Алания,р. Терек,БПК5,0,1,7.0,7.0,ПДК,,,,,,,,
8884,2019-12-31,61000000000,Рязанская область,р. Волга,БПК5,0,1,6.0,6.0,ПДК,,,,,,,,
8887,2019-12-31,65000000000,Свердловская область,р. Кама,Взвешенные вещества,0,4,13.0,36.0,ПДК,,,,,,,,
8892,2019-12-31,65000000000,Свердловская область,р. Тобол,Взвешенные вещества,0,18,11.0,49.0,ПДК,,,,,,,,
8894,2019-12-31,70000000000,Тульская область,р. Волга,БПК5,0,1,19.0,19.0,ПДК,,,,,,,,
8895,2019-12-31,94000000000,Удмуртская Республика,р. Кама,Взвешенные вещества,0,5,10.0,18.0,ПДК,,,,,,,,
8899,2019-12-31,75000000000,Челябинская область,р. Кама,Взвешенные вещества,0,1,11.0,11.0,ПДК,,,,,,,,
8900,2019-12-31,75000000000,Челябинская область,р. Тобол,Взвешенные вещества,0,3,13.0,19.0,ПДК,,,,,,,,
8902,2019-12-31,75000000000,Челябинская область,р. Урал,Взвешенные вещества,0,1,11.0,11.0,ПДК,,,,,,,,
8907,2020-01-31,25000000000,Иркутская область,р. Ангара,Взвешенные вещества,0,2,13.0,13.0,ПДК,,,,,,,,
8908,2020-01-31,25000000000,Иркутская область,р. Енисей,Взвешенные вещества,0,1,10.0,10.0,ПДК,,,,,,,,
8909,2020-01-31,33000000000,Кировская область,р. Волга,Взвешенные вещества,0,1,16.0,16.0,ПДК,,,,,,,,
8910,2020-01-31,33000000000,Кировская область,р. Кама,Взвешенные вещества,0,1,13.0,13.0,ПДК,,,,,,,,
8911,2020-01-31,37000000000,Курганская область,р. Тобол,Взвешенные вещества,0,2,15.0,16.0,ПДК,,,,,,,,
8914,2020-01-31,46000000000,Московская область,р. Волга,БПК5,0,3,5.0,8.0,ПДК,,,,,,,,
8921,2020-01-31,22000000000,Нижегородская область,р. Волга,Взвешенные вещества,0,4,13.0,17.0,ПДК,,,,,,,,
8927,2020-01-31,57000000000,Пермский край,р. Кама,Взвешенные вещества,0,4,11.0,15.0,ПДК,,,,,,,,
8929,2020-01-31,90000000000,Республика Северная Осетия-Алания,р. Терек,БПК5,0,1,10.0,10.0,ПДК,,,,,,,,
8931,2020-01-31,64000000000,Сахалинская область,"малые реки, озера, водохранилища",БПК5,0,2,5.0,8.0,ПДК,,,,,,,,
8936,2020-01-31,65000000000,Свердловская область,р. Тобол,Взвешенные вещества,0,13,11.0,47.0,ПДК,,,,,,,,
8939,2020-01-31,94000000000,Удмуртская Республика,р. Кама,Взвешенные вещества,0,5,10.0,14.0,ПДК,,,,,,,,
8940,2020-01-31,75000000000,Челябинская область,р. Кама,Взвешенные вещества,0,1,11.0,11.0,ПДК,,,,,,,,
8941,2020-01-31,75000000000,Челябинская область,р. Тобол,Взвешенные вещества,0,3,11.0,13.0,ПДК,,,,,,,,
8945,2020-02-29,15000000000,Брянская область,р. Днепр,БПК5,0,1,5.0,5.0,ПДК,,,,,,,,
8949,2020-02-29,25000000000,Иркутская область,р. Ангара,Взвешенные вещества,0,1,12.0,12.0,ПДК,,,,,,,,
8951,2020-02-29,25000000000,Иркутская область,р. Енисей,Взвешенные вещества,0,2,11.0,14.0,ПДК,,,,,,,,
8953,2020-02-29,33000000000,Кировская область,р. Волга,Взвешенные вещества,0,1,17.0,17.0,ПДК,,,,,,,,
8956,2020-02-29,37000000000,Курганская область,р. Тобол,Взвешенные вещества,0,5,17.0,24.0,ПДК,,,,,,,,
8959,2020-02-29,46000000000,Московская область,р. Волга,БПК5,0,6,5.0,11.0,ПДК,,,,,,,,
8963,2020-02-29,47000000000,Мурманская область,"малые реки, озера, водохранилища",ХПК,0,1,14.0,14.0,ПДК,,,,,,,,
8970,2020-02-29,22000000000,Нижегородская область,р. Волга,Взвешенные вещества,0,1,27.0,27.0,ПДК,,,,,,,,
8974,2020-02-29,57000000000,Пермский край,р. Кама,Взвешенные вещества,0,3,11.0,12.0,ПДК,,,,,,,,
8976,2020-02-29,90000000000,Республика Северная Осетия-Алания,р. Терек,ХПК,0,2,17.0,19.0,ПДК,,,,,,,,
8979,2020-02-29,90000000000,Республика Северная Осетия-Алания,р. Терек,БПК5,0,3,9.0,19.0,ПДК,,,,,,,,
8983,2020-02-29,64000000000,Сахалинская область,"малые реки, озера, водохранилища",БПК5,0,2,6.0,7.0,ПДК,,,,,,,,
8984,2020-02-29,65000000000,Свердловская область,р. Кама,Взвешенные вещества,0,7,12.0,49.0,ПДК,,,,,,,,
8988,2020-02-29,65000000000,Свердловская область,р. Тобол,Взвешенные вещества,0,16,11.0,39.0,ПДК,,,,,,,,
8990,2020-02-29,70000000000,Тульская область,р. Волга,БПК5,0,1,10.0,10.0,ПДК,,,,,,,,
8992,2020-02-29,75000000000,Челябинская область,р. Тобол,Взвешенные вещества,0,3,13.0,19.0,ПДК,,,,,,,,
9002,2020-03-31,25000000000,Иркутская область,р. Ангара,Взвешенные вещества,0,2,10.0,31.0,ПДК,,,,,,,,
9004,2020-03-31,25000000000,Иркутская область,р. Енисей,Взвешенные вещества,0,3,15.0,17.0,ПДК,,,,,,,,
9006,2020-03-31,33000000000,Кировская область,р. Волга,Взвешенные вещества,0,3,12.0,13.0,ПДК,,,,,,,,
9007,2020-03-31,33000000000,Кировская область,р. Кама,Взвешенные вещества,0,2,14.0,30.0,ПДК,,,,,,,,
9017,2020-03-31,22000000000,Нижегородская область,р. Волга,Взвешенные вещества,0,15,12.0,35.0,ПДК,,,,,,,,
9027,2020-03-31,57000000000,Пермский край,р. Кама,Взвешенные вещества,0,3,11.0,19.0,ПДК,,,,,,,,
9040,2020-03-31,65000000000,Свердловская область,р. Кама,Взвешенные вещества,0,1,45.0,45.0,ПДК,,,,,,,,
9051,2020-03-31,75000000000,Челябинская область,р. Тобол,Взвешенные вещества,0,5,11.0,12.0,ПДК,,,,,,,,
9063,2020-04-30,25000000000,Иркутская область,р. Ангара,Взвешенные вещества,0,6,10.0,46.0,ПДК,,,,,,,,
9064,2020-04-30,25000000000,Иркутская область,р. Лена,Взвешенные вещества,0,1,20.0,20.0,ПДК,,,,,,,,
9066,2020-04-30,33000000000,Кировская область,р. Волга,Взвешенные вещества,0,11,17.0,39.0,ПДК,,,,,,,,
9067,2020-04-30,33000000000,Кировская область,р. Кама,Взвешенные вещества,0,5,14.0,39.0,ПДК,,,,,,,,
9068,2020-04-30,33000000000,Кировская область,р. Северная Двина,Взвешенные вещества,0,1,18.0,18.0,ПДК,,,,,,,,
9070,2020-04-30,37000000000,Курганская область,р. Тобол,Взвешенные вещества,0,4,12.0,29.0,ПДК,,,,,,,,
9085,2020-04-30,22000000000,Нижегородская область,р. Волга,Взвешенные вещества,0,18,10.0,41.0,ПДК,,,,,,,,
9096,2020-04-30,57000000000,Пермский край,р. Кама,Взвешенные вещества,0,15,11.0,29.0,ПДК,,,,,,,,
9100,2020-04-30,88000000000,Республика Марий Эл,р. Волга,Взвешенные вещества,0,2,26.0,28.0,ПДК,,,,,,,,
9105,2020-04-30,65000000000,Свердловская область,р. Кама,Взвешенные вещества,0,3,13.0,17.0,ПДК,,,,,,,,
9108,2020-04-30,65000000000,Свердловская область,р. Тобол,Взвешенные вещества,0,19,11.0,48.0,ПДК,,,,,,,,
9116,2020-04-30,94000000000,Удмуртская Республика,р. Волга,Взвешенные вещества,0,1,21.0,21.0,ПДК,,,,,,,,
9117,2020-04-30,94000000000,Удмуртская Республика,р. Кама,Взвешенные вещества,0,15,11.0,46.0,ПДК,,,,,,,,
9123,2020-04-30,75000000000,Челябинская область,р. Кама,Взвешенные вещества,0,8,11.0,12.0,ПДК,,,,,,,,
9124,2020-04-30,75000000000,Челябинская область,р. Тобол,Взвешенные вещества,0,5,11.0,13.0,ПДК,,,,,,,,
9126,2020-04-30,75000000000,Челябинская область,р. Урал,Взвешенные вещества,0,5,11.0,13.0,ПДК,,,,,,,,
9131,2020-05-31,25000000000,Иркутская область,р. Ангара,Взвешенные вещества,0,17,10.0,48.0,ПДК,,,,,,,,
9134,2020-05-31,33000000000,Кировская область,р. Волга,Взвешенные вещества,0,17,11.0,44.0,ПДК,,,,,,,,
9135,2020-05-31,33000000000,Кировская область,р. Кама,Взвешенные вещества,0,7,13.0,39.0,ПДК,,,,,,,,
9136,2020-05-31,33000000000,Кировская область,р. Северная Двина,Взвешенные вещества,0,1,40.0,40.0,ПДК,,,,,,,,
9137,2020-05-31,37000000000,Курганская область,р. Тобол,Взвешенные вещества,0,17,11.0,41.0,ПДК,,,,,,,,
9139,2020-05-31,41000000000,Ленинградская область,"малые реки, озера, водохранилища",БПК5,0,1,7.0,7.0,ПДК,,,,,,,,
9147,2020-05-31,46000000000,Московская область,р. Волга,БПК5,0,2,9.0,13.0,ПДК,,,,,,,,
9151,2020-05-31,47000000000,Мурманская область,"малые реки, озера, водохранилища",БПК5,0,1,10.0,10.0,ПДК,,,,,,,,
9157,2020-05-31,22000000000,Нижегородская область,р. Волга,Взвешенные вещества,0,15,10.0,29.0,ПДК,,,,,,,,
9158,2020-05-31,22000000000,Нижегородская область,р. Волга,ХПК,0,1,24.0,24.0,ПДК,,,,,,,,
9163,2020-05-31,57000000000,Пермский край,р. Волга,Взвешенные вещества,0,1,17.0,17.0,ПДК,,,,,,,,
9164,2020-05-31,57000000000,Пермский край,р. Кама,Взвешенные вещества,0,17,11.0,25.0,ПДК,,,,,,,,
9169,2020-05-31,90000000000,Республика Северная Осетия-Алания,р. Терек,БПК5,0,4,12.0,19.0,ПДК,,,,,,,,
9170,2020-05-31,90000000000,Республика Северная Осетия-Алания,р. Терек,ХПК,0,4,12.0,19.0,ПДК,,,,,,,,
9174,2020-05-31,65000000000,Свердловская область,р. Кама,Взвешенные вещества,0,9,11.0,25.0,ПДК,,,,,,,,
9176,2020-05-31,65000000000,Свердловская область,р. Обь,Взвешенные вещества,0,1,17.0,17.0,ПДК,,,,,,,,
9180,2020-05-31,65000000000,Свердловская область,р. Тобол,Взвешенные вещества,0,15,11.0,29.0,ПДК,,,,,,,,
9182,2020-05-31,66000000000,Смоленская область,р. Днепр,БПК5,0,1,15.0,15.0,ПДК,,,,,,,,
9184,2020-05-31,70000000000,Тульская область,р. Волга,БПК5,0,1,19.0,19.0,ПДК,,,,,,,,
9186,2020-05-31,94000000000,Удмуртская Республика,р. Кама,Взвешенные вещества,0,6,11.0,36.0,ПДК,,,,,,,,
9189,2020-05-31,75000000000,Челябинская область,р. Кама,Взвешенные вещества,0,7,11.0,15.0,ПДК,,,,,,,,
9191,2020-05-31,75000000000,Челябинская область,р. Тобол,Взвешенные вещества,0,3,11.0,19.0,ПДК,,,,,,,,
9203,2020-06-30,25000000000,Иркутская область,р. Ангара,Взвешенные вещества,0,19,10.0,49.0,ПДК,,,,,,,,
9205,2020-06-30,33000000000,Кировская область,р. Волга,Взвешенные вещества,0,10,12.0,31.0,ПДК,,,,,,,,
9206,2020-06-30,33000000000,Кировская область,р. Кама,Взвешенные вещества,0,10,11.0,26.0,ПДК,,,,,,,,
9207,2020-06-30,33000000000,Кировская область,р. Северная Двина,Взвешенные вещества,0,3,10.0,19.0,ПДК,,,,,,,,
9208,2020-06-30,3000000000,Краснодарский край,р. Кубань,ХПК,0,2,29.0,37.0,ПДК,,,,,,,,
9212,2020-06-30,37000000000,Курганская область,р. Тобол,Взвешенные вещества,0,4,12.0,45.0,ПДК,,,,,,,,
9217,2020-06-30,46000000000,Московская область,р. Волга,ХПК,0,2,10.0,13.0,ПДК,,,,,,,,
9218,2020-06-30,46000000000,Московская область,р. Волга,БПК5,0,6,7.0,10.0,ПДК,,,,,,,,
9230,2020-06-30,22000000000,Нижегородская область,р. Волга,Взвешенные вещества,0,21,11.0,43.0,ПДК,,,,,,,,
9235,2020-06-30,57000000000,Пермский край,р. Кама,Взвешенные вещества,0,9,11.0,28.0,ПДК,,,,,,,,
9237,2020-06-30,90000000000,Республика Северная Осетия-Алания,р. Терек,БПК5,0,2,8.0,11.0,ПДК,,,,,,,,
9238,2020-06-30,90000000000,Республика Северная Осетия-Алания,р. Терек,ХПК,0,1,11.0,11.0,ПДК,,,,,,,,
9240,2020-06-30,65000000000,Свердловская область,р. Кама,Взвешенные вещества,0,2,11.0,11.0,ПДК,,,,,,,,
9244,2020-06-30,65000000000,Свердловская область,р. Тобол,Взвешенные вещества,0,23,11.0,49.0,ПДК,,,,,,,,
9248,2020-06-30,70000000000,Тульская область,р. Волга,БПК5,0,2,8.0,9.0,ПДК,,,,,,,,
9250,2020-06-30,94000000000,Удмуртская Республика,р. Волга,Взвешенные вещества,0,1,13.0,13.0,ПДК,,,,,,,,
9251,2020-06-30,94000000000,Удмуртская Республика,р. Кама,Взвешенные вещества,0,3,11.0,23.0,ПДК,,,,,,,,
9256,2020-06-30,75000000000,Челябинская область,р. Тобол,Взвешенные вещества,0,4,11.0,13.0,ПДК,,,,,,,,
9265,2020-07-31,25000000000,Иркутская область,р. Ангара,Взвешенные вещества,0,12,11.0,47.0,ПДК,,,,,,,,
9266,2020-07-31,25000000000,Иркутская область,р. Енисей,Взвешенные вещества,0,2,11.0,23.0,ПДК,,,,,,,,
9267,2020-07-31,25000000000,Иркутская область,р. Лена,Взвешенные вещества,0,3,12.0,26.0,ПДК,,,,,,,,
9270,2020-07-31,33000000000,Кировская область,р. Волга,Взвешенные вещества,0,11,10.0,33.0,ПДК,,,,,,,,
9271,2020-07-31,33000000000,Кировская область,р. Кама,Взвешенные вещества,0,8,16.0,44.0,ПДК,,,,,,,,
9272,2020-07-31,33000000000,Кировская область,р. Северная Двина,Взвешенные вещества,0,1,22.0,22.0,ПДК,,,,,,,,
9281,2020-07-31,37000000000,Курганская область,р. Тобол,Взвешенные вещества,0,8,21.0,48.0,ПДК,,,,,,,,
9284,2020-07-31,46000000000,Московская область,р. Волга,БПК5,0,1,5.0,5.0,ПДК,,,,,,,,
9287,2020-07-31,46000000000,Московская область,р. Волга,ХПК,0,1,10.0,10.0,ПДК,,,,,,,,
9297,2020-07-31,47000000000,Мурманская область,"малые реки, озера, водохранилища",БПК5,0,1,16.0,16.0,ПДК,,,,,,,,
9299,2020-07-31,22000000000,Нижегородская область,р. Волга,Взвешенные вещества,0,28,10.0,36.0,ПДК,,,,,,,,
9305,2020-07-31,57000000000,Пермский край,р. Кама,Взвешенные вещества,0,5,11.0,25.0,ПДК,,,,,,,,
9309,2020-07-31,5000000000,Приморский край,р. Амур,БПК5,0,1,19.0,19.0,ПДК,,,,,,,,
9312,2020-07-31,90000000000,Республика Северная Осетия-Алания,р. Терек,БПК5,0,1,6.0,6.0,ПДК,,,,,,,,
9316,2020-07-31,65000000000,Свердловская область,р. Кама,Взвешенные вещества,0,7,12.0,47.0,ПДК,,,,,,,,
9319,2020-07-31,65000000000,Свердловская область,р. Тобол,Взвешенные вещества,0,34,11.0,47.0,ПДК,,,,,,,,
9322,2020-07-31,66000000000,Смоленская область,р. Днепр,БПК5,0,2,9.0,10.0,ПДК,,,,,,,,
9327,2020-07-31,70000000000,Тульская область,р. Волга,БПК5,0,4,7.0,20.0,ПДК,,,,,,,,
9330,2020-07-31,94000000000,Удмуртская Республика,р. Волга,Взвешенные вещества,0,1,20.0,20.0,ПДК,,,,,,,,
9331,2020-07-31,94000000000,Удмуртская Республика,р. Кама,Взвешенные вещества,0,2,11.0,11.0,ПДК,,,,,,,,
9337,2020-07-31,75000000000,Челябинская область,р. Тобол,Взвешенные вещества,0,4,11.0,15.0,ПДК,,,,,,,,
9346,2020-08-31,76000000000,Забайкальский край,р. Амур,Взвешенные вещества,0,2,111.0,116.0,ПДК,,,,,,,,
9347,2020-08-31,25000000000,Иркутская область,р. Ангара,Взвешенные вещества,0,7,13.0,47.0,ПДК,,,,,,,,
9349,2020-08-31,25000000000,Иркутская область,р. Енисей,Взвешенные вещества,0,4,10.0,18.0,ПДК,,,,,,,,
9350,2020-08-31,29000000000,Калужская область,р. Днепр,БПК5,0,1,6.0,6.0,ПДК,,,,,,,,
9352,2020-08-31,33000000000,Кировская область,р. Волга,Взвешенные вещества,0,6,10.0,18.0,ПДК,,,,,,,,
9353,2020-08-31,33000000000,Кировская область,р. Кама,Взвешенные вещества,0,7,10.0,15.0,ПДК,,,,,,,,
9358,2020-08-31,37000000000,Курганская область,р. Тобол,Взвешенные вещества,0,4,29.0,48.0,ПДК,,,,,,,,
9361,2020-08-31,46000000000,Московская область,р. Волга,БПК5,0,3,5.0,18.0,ПДК,,,,,,,,
9362,2020-08-31,46000000000,Московская область,р. Волга,ХПК,0,2,11.0,12.0,ПДК,,,,,,,,
9372,2020-08-31,22000000000,Нижегородская область,р. Волга,ХПК,0,1,22.0,22.0,ПДК,,,,,,,,
9373,2020-08-31,22000000000,Нижегородская область,р. Волга,БПК5,0,2,10.0,18.0,ПДК,,,,,,,,
9375,2020-08-31,22000000000,Нижегородская область,р. Волга,Взвешенные вещества,0,19,11.0,39.0,ПДК,,,,,,,,
9384,2020-08-31,57000000000,Пермский край,р. Кама,Взвешенные вещества,0,7,11.0,19.0,ПДК,,,,,,,,
9386,2020-08-31,90000000000,Республика Северная Осетия-Алания,р. Терек,БПК5,0,1,7.0,7.0,ПДК,,,,,,,,
9389,2020-08-31,65000000000,Свердловская область,р. Кама,Взвешенные вещества,0,11,11.0,40.0,ПДК,,,,,,,,
9390,2020-08-31,65000000000,Свердловская область,р. Обь,Взвешенные вещества,0,1,37.0,37.0,ПДК,,,,,,,,
9393,2020-08-31,65000000000,Свердловская область,р. Тобол,Взвешенные вещества,0,41,11.0,45.0,ПДК,,,,,,,,
9394,2020-08-31,70000000000,Тульская область,р. Волга,БПК5,0,7,6.0,19.0,ПДК,,,,,,,,
9397,2020-08-31,75000000000,Челябинская область,р. Кама,Взвешенные вещества,0,2,11.0,11.0,ПДК,,,,,,,,
9398,2020-08-31,75000000000,Челябинская область,р. Тобол,Взвешенные вещества,0,6,11.0,20.0,ПДК,,,,,,,,
9400,2020-08-31,75000000000,Челябинская область,р. Урал,Взвешенные вещества,0,5,11.0,20.0,ПДК,,,,,,,,
9409,2020-09-30,25000000000,Иркутская область,р. Ангара,Взвешенные вещества,0,12,10.0,24.0,ПДК,,,,,,,,
9410,2020-09-30,25000000000,Иркутская область,р. Енисей,Взвешенные вещества,0,4,12.0,15.0,ПДК,,,,,,,,
9412,2020-09-30,33000000000,Кировская область,р. Волга,Взвешенные вещества,0,7,10.0,14.0,ПДК,,,,,,,,
9413,2020-09-30,33000000000,Кировская область,р. Кама,Взвешенные вещества,0,2,12.0,14.0,ПДК,,,,,,,,
9414,2020-09-30,3000000000,Краснодарский край,"малые реки, озера, водохранилища",ХПК,0,1,12.0,12.0,ПДК,,,,,,,,
9419,2020-09-30,37000000000,Курганская область,р. Тобол,Взвешенные вещества,0,6,11.0,44.0,ПДК,,,,,,,,
9422,2020-09-30,41000000000,Ленинградская область,"малые реки, озера, водохранилища",БПК5,0,2,11.0,15.0,ПДК,,,,,,,,
9423,2020-09-30,46000000000,Московская область,р. Волга,БПК5,0,4,5.0,19.0,ПДК,,,,,,,,
9431,2020-09-30,22000000000,Нижегородская область,р. Волга,ХПК,0,2,15.0,22.0,ПДК,,,,,,,,
9434,2020-09-30,22000000000,Нижегородская область,р. Волга,БПК5,0,1,10.0,10.0,ПДК,,,,,,,,
9435,2020-09-30,22000000000,Нижегородская область,р. Волга,Взвешенные вещества,0,13,10.0,38.0,ПДК,,,,,,,,
9438,2020-09-30,57000000000,Пермский край,р. Кама,Взвешенные вещества,0,2,11.0,12.0,ПДК,,,,,,,,
9446,2020-09-30,88000000000,Республика Марий Эл,р. Волга,Взвешенные вещества,0,1,10.0,10.0,ПДК,,,,,,,,
9447,2020-09-30,90000000000,Республика Северная Осетия-Алания,р. Терек,БПК5,0,3,6.0,8.0,ПДК,,,,,,,,
9457,2020-09-30,65000000000,Свердловская область,р. Тобол,Взвешенные вещества,0,18,11.0,41.0,ПДК,,,,,,,,
9460,2020-09-30,70000000000,Тульская область,р. Волга,ХПК,0,1,10.0,10.0,ПДК,,,,,,,,
9461,2020-09-30,70000000000,Тульская область,р. Волга,БПК5,0,3,5.0,18.0,ПДК,,,,,,,,
9464,2020-09-30,75000000000,Челябинская область,р. Кама,Взвешенные вещества,0,1,11.0,11.0,ПДК,,,,,,,,
9466,2020-09-30,75000000000,Челябинская область,р. Тобол,Взвешенные вещества,0,5,11.0,12.0,ПДК,,,,,,,,
9481,2020-10-31,25000000000,Иркутская область,р. Ангара,Взвешенные вещества,0,6,12.0,20.0,ПДК,,,,,,,,
9482,2020-10-31,25000000000,Иркутская область,р. Енисей,Взвешенные вещества,0,4,10.0,13.0,ПДК,,,,,,,,
9485,2020-10-31,33000000000,Кировская область,р. Волга,Взвешенные вещества,0,3,11.0,13.0,ПДК,,,,,,,,
9486,2020-10-31,33000000000,Кировская область,р. Кама,Взвешенные вещества,0,6,10.0,13.0,ПДК,,,,,,,,
9491,2020-10-31,37000000000,Курганская область,р. Тобол,Взвешенные вещества,0,6,13.0,27.0,ПДК,,,,,,,,
9494,2020-10-31,46000000000,Московская область,р. Волга,БПК5,0,8,5.0,18.0,ПДК,,,,,,,,
9496,2020-10-31,46000000000,Московская область,р. Волга,ХПК,0,2,11.0,11.0,ПДК,,,,,,,,
9503,2020-10-31,22000000000,Нижегородская область,р. Волга,ХПК,0,1,15.0,15.0,ПДК,,,,,,,,
9505,2020-10-31,22000000000,Нижегородская область,р. Волга,Взвешенные вещества,0,19,11.0,46.0,ПДК,,,,,,,,
9511,2020-10-31,57000000000,Пермский край,р. Кама,Взвешенные вещества,0,3,12.0,13.0,ПДК,,,,,,,,
9512,2020-10-31,5000000000,Приморский край,р. Амур,БПК5,0,1,11.0,11.0,ПДК,,,,,,,,
9515,2020-10-31,90000000000,Республика Северная Осетия-Алания,р. Терек,БПК5,0,2,8.0,9.0,ПДК,,,,,,,,
9517,2020-10-31,65000000000,Свердловская область,р. Кама,Взвешенные вещества,0,3,24.0,43.0,ПДК,,,,,,,,
9519,2020-10-31,65000000000,Свердловская область,р. Тобол,Взвешенные вещества,0,38,11.0,48.0,ПДК,,,,,,,,
9521,2020-10-31,66000000000,Смоленская область,р. Днепр,БПК5,0,1,19.0,19.0,ПДК,,,,,,,,
9524,2020-10-31,70000000000,Тульская область,р. Волга,БПК5,0,3,5.0,20.0,ПДК,,,,,,,,
9525,2020-10-31,70000000000,Тульская область,р. Волга,ХПК,0,1,15.0,15.0,ПДК,,,,,,,,
9529,2020-10-31,75000000000,Челябинская область,р. Тобол,Взвешенные вещества,0,8,11.0,31.0,ПДК,,,,,,,,
9530,2020-10-31,75000000000,Челябинская область,р. Урал,Взвешенные вещества,0,1,11.0,11.0,ПДК,,,,,,,,
9540,2020-11-30,25000000000,Иркутская область,р. Ангара,Взвешенные вещества,0,3,10.0,30.0,ПДК,,,,,,,,
9542,2020-11-30,33000000000,Кировская область,р. Волга,Взвешенные вещества,0,3,10.0,22.0,ПДК,,,,,,,,
9543,2020-11-30,33000000000,Кировская область,р. Кама,Взвешенные вещества,0,1,13.0,13.0,ПДК,,,,,,,,
9544,2020-11-30,37000000000,Курганская область,р. Тобол,Взвешенные вещества,0,5,21.0,45.0,ПДК,,,,,,,,
9548,2020-11-30,46000000000,Московская область,р. Волга,ХПК,0,1,11.0,11.0,ПДК,,,,,,,,
9550,2020-11-30,46000000000,Московская область,р. Волга,БПК5,0,3,11.0,19.0,ПДК,,,,,,,,
9557,2020-11-30,22000000000,Нижегородская область,р. Волга,Взвешенные вещества,0,3,10.0,21.0,ПДК,,,,,,,,
9562,2020-11-30,57000000000,Пермский край,р. Кама,Взвешенные вещества,0,8,11.0,20.0,ПДК,,,,,,,,
9563,2020-11-30,5000000000,Приморский край,р. Амур,БПК5,0,1,16.0,16.0,ПДК,,,,,,,,
9567,2020-11-30,90000000000,Республика Северная Осетия-Алания,р. Терек,БПК5,0,4,8.0,13.0,ПДК,,,,,,,,
9568,2020-11-30,90000000000,Республика Северная Осетия-Алания,р. Терек,ХПК,0,2,12.0,13.0,ПДК,,,,,,,,
9571,2020-11-30,61000000000,Рязанская область,р. Волга,БПК5,0,1,8.0,8.0,ПДК,,,,,,,,
9573,2020-11-30,65000000000,Свердловская область,р. Кама,Взвешенные вещества,0,8,11.0,16.0,ПДК,,,,,,,,
9574,2020-11-30,65000000000,Свердловская область,р. Тобол,Взвешенные вещества,0,9,11.0,27.0,ПДК,,,,,,,,
9577,2020-11-30,66000000000,Смоленская область,р. Днепр,БПК5,0,1,7.0,7.0,ПДК,,,,,,,,
9579,2020-11-30,70000000000,Тульская область,р. Волга,БПК5,0,1,19.0,19.0,ПДК,,,,,,,,
9581,2020-11-30,94000000000,Удмуртская Республика,р. Волга,Взвешенные вещества,0,1,17.0,17.0,ПДК,,,,,,,,
9583,2020-11-30,75000000000,Челябинская область,р. Кама,Взвешенные вещества,0,2,11.0,11.0,ПДК,,,,,,,,
9585,2020-11-30,75000000000,Челябинская область,р. Тобол,Взвешенные вещества,0,3,11.0,16.0,ПДК,,,,,,,,
9591,2020-12-31,25000000000,Иркутская область,р. Ангара,Взвешенные вещества,0,2,14.0,14.0,ПДК,,,,,,,,
9593,2020-12-31,37000000000,Курганская область,р. Тобол,Взвешенные вещества,0,5,16.0,35.0,ПДК,,,,,,,,
9595,2020-12-31,41000000000,Ленинградская область,"малые реки, озера, водохранилища",ХПК,0,1,11.0,11.0,ПДК,,,,,,,,
9598,2020-12-31,46000000000,Московская область,р. Волга,ХПК,0,1,12.0,12.0,ПДК,,,,,,,,
9606,2020-12-31,22000000000,Нижегородская область,р. Волга,Взвешенные вещества,0,5,10.0,47.0,ПДК,,,,,,,,
9609,2020-12-31,57000000000,Пермский край,р. Кама,Взвешенные вещества,0,2,16.0,26.0,ПДК,,,,,,,,
9610,2020-12-31,5000000000,Приморский край,р. Амур,БПК5,0,1,19.0,19.0,ПДК,,,,,,,,
9614,2020-12-31,90000000000,Республика Северная Осетия-Алания,р. Терек,ХПК,0,1,12.0,12.0,ПДК,,,,,,,,
9615,2020-12-31,90000000000,Республика Северная Осетия-Алания,р. Терек,БПК5,0,2,8.0,12.0,ПДК,,,,,,,,
9616,2020-12-31,61000000000,Рязанская область,р. Волга,БПК5,0,1,7.0,7.0,ПДК,,,,,,,,
9617,2020-12-31,65000000000,Свердловская область,р. Кама,Взвешенные вещества,0,4,11.0,44.0,ПДК,,,,,,,,
9619,2020-12-31,65000000000,Свердловская область,р. Тобол,Взвешенные вещества,0,18,11.0,48.0,ПДК,,,,,,,,
9624,2020-12-31,70000000000,Тульская область,р. Волга,БПК5,0,1,18.0,18.0,ПДК,,,,,,,,
9626,2020-12-31,75000000000,Челябинская область,р. Кама,Взвешенные вещества,0,1,11.0,11.0,ПДК,,,,,,,,
9628,2020-12-31,75000000000,Челябинская область,р. Тобол,Взвешенные вещества,0,7,11.0,20.0,ПДК,,,,,,,,
9629,2020-12-31,75000000000,Челябинская область,р. Урал,Взвешенные вещества,0,3,11.0,12.0,ПДК,,,,,,,,
9635,2021-01-31,25000000000,Иркутская область,р. Ангара,Взвешенные вещества,0,2,32.0,49.0,ПДК,,,,,,,,
9636,2021-01-31,33000000000,Кировская область,р. Волга,Взвешенные вещества,0,1,11.0,11.0,ПДК,,,,,,,,
9640,2021-01-31,46000000000,Московская область,р. Волга,БПК5,0,5,6.0,18.0,ПДК,,,,,,,,
9647,2021-01-31,22000000000,Нижегородская область,р. Волга,Взвешенные вещества,0,3,14.0,18.0,ПДК,,,,,,,,
9651,2021-01-31,5000000000,Приморский край,р. Амур,БПК5,0,1,9.0,9.0,ПДК,,,,,,,,
9654,2021-01-31,58000000000,Псковская область,"малые реки, озера, водохранилища",БПК5,0,2,16.0,18.0,ПДК,,,,,,,,
9657,2021-01-31,90000000000,Республика Северная Осетия-Алания,р. Терек,БПК5,0,1,7.0,7.0,ПДК,,,,,,,,
9659,2021-01-31,61000000000,Рязанская область,р. Волга,БПК5,0,1,13.0,13.0,ПДК,,,,,,,,
9665,2021-01-31,70000000000,Тульская область,р. Волга,ХПК,0,1,13.0,13.0,ПДК,,,,,,,,
9667,2021-01-31,70000000000,Тульская область,р. Волга,БПК5,0,1,20.0,20.0,ПДК,,,,,,,,
9686,2021-02-28,25000000000,Иркутская область,р. Ангара,Взвешенные вещества,0,2,23.0,41.0,ПДК,,,,,,,,
9687,2021-02-28,25000000000,Иркутская область,р. Ангара,БПК5,0,2,5.0,6.0,ПДК,,,,,,,,
9689,2021-02-28,25000000000,Иркутская область,р. Енисей,Взвешенные вещества,0,2,11.0,18.0,ПДК,,,,,,,,
9691,2021-02-28,33000000000,Кировская область,р. Волга,Взвешенные вещества,0,3,10.0,14.0,ПДК,,,,,,,,
9698,2021-02-28,46000000000,Московская область,р. Волга,ХПК,0,2,14.0,16.0,ПДК,,,,,,,,
9700,2021-02-28,46000000000,Московская область,р. Волга,БПК5,0,5,7.0,19.0,ПДК,,,,,,,,
9710,2021-02-28,47000000000,Мурманская область,"малые реки, озера, водохранилища",АСПАВ,4,1,15.0,15.0,ПДК,,,,,,,,
9712,2021-02-28,47000000000,Мурманская область,"малые реки, озера, водохранилища",БПК5,0,1,6.0,6.0,ПДК,,,,,,,,
9713,2021-02-28,47000000000,Мурманская область,"малые реки, озера, водохранилища",ХПК,0,1,13.0,13.0,ПДК,,,,,,,,
9717,2021-02-28,22000000000,Нижегородская область,р. Волга,Взвешенные вещества,0,1,10.0,10.0,ПДК,,,,,,,,
9728,2021-02-28,90000000000,Республика Северная Осетия-Алания,р. Терек,ХПК,0,2,11.0,19.0,ПДК,,,,,,,,
9729,2021-02-28,90000000000,Республика Северная Осетия-Алания,р. Терек,БПК5,0,3,7.0,19.0,ПДК,,,,,,,,
9744,2021-02-28,70000000000,Тульская область,р. Волга,БПК5,0,1,19.0,19.0,ПДК,,,,,,,,
9765,2021-03-31,25000000000,Иркутская область,р. Ангара,Взвешенные вещества,0,6,11.0,30.0,ПДК,,,,,,,,
9766,2021-03-31,25000000000,Иркутская область,р. Енисей,Взвешенные вещества,0,3,11.0,12.0,ПДК,,,,,,,,
9774,2021-03-31,46000000000,Московская область,р. Волга,БПК5,0,7,5.0,19.0,ПДК,,,,,,,,
9775,2021-03-31,46000000000,Московская область,р. Волга,ХПК,0,1,11.0,11.0,ПДК,,,,,,,,
9783,2021-03-31,22000000000,Нижегородская область,р. Волга,Взвешенные вещества,0,4,10.0,15.0,ПДК,,,,,,,,
9802,2021-03-31,92000000000,Республика Татарстан (Татарстан),р. Волга,БПК5,0,1,15.0,15.0,ПДК,,,,,,,,
9803,2021-03-31,92000000000,Республика Татарстан (Татарстан),р. Волга,ХПК,0,1,11.0,11.0,ПДК,,,,,,,,
9808,2021-03-31,92000000000,Республика Татарстан (Татарстан),р. Кама,БПК5,0,1,6.0,6.0,ПДК,,,,,,,,
9809,2021-03-31,61000000000,Рязанская область,р. Волга,БПК5,0,1,8.0,8.0,ПДК,,,,,,,,
9823,2021-03-31,70000000000,Тульская область,р. Волга,БПК5,0,2,9.0,19.0,ПДК,,,,,,,,
9824,2021-03-31,70000000000,Тульская область,р. Дон,БПК5,0,2,9.0,12.0,ПДК,,,,,,,,
9843,2021-04-30,25000000000,Иркутская область,р. Ангара,Взвешенные вещества,0,11,10.0,33.0,ПДК,,,,,,,,
9844,2021-04-30,25000000000,Иркутская область,р. Енисей,Взвешенные вещества,0,1,18.0,18.0,ПДК,,,,,,,,
9845,2021-04-30,25000000000,Иркутская область,р. Лена,Взвешенные вещества,0,2,12.0,17.0,ПДК,,,,,,,,
9847,2021-04-30,33000000000,Кировская область,р. Кама,Взвешенные вещества,0,2,18.0,21.0,ПДК,,,,,,,,
9852,2021-04-30,46000000000,Московская область,р. Волга,БПК5,0,3,6.0,17.0,ПДК,,,,,,,,
9862,2021-04-30,22000000000,Нижегородская область,р. Волга,Взвешенные вещества,0,21,11.0,37.0,ПДК,,,,,,,,
9869,2021-04-30,5000000000,Приморский край,р. Амур,БПК5,0,1,15.0,15.0,ПДК,,,,,,,,
9870,2021-04-30,5000000000,Приморский край,"малые реки, озера, водохранилища",АСПАВ,4,1,21.0,21.0,ПДК,,,,,,,,
9874,2021-04-30,58000000000,Псковская область,"малые реки, озера, водохранилища",АСПАВ,4,4,12.0,31.0,ПДК,,,,,,,,
9883,2021-04-30,90000000000,Республика Северная Осетия-Алания,р. Терек,ХПК,0,1,16.0,16.0,ПДК,,,,,,,,
9884,2021-04-30,90000000000,Республика Северная Осетия-Алания,р. Терек,БПК5,0,4,6.0,19.0,ПДК,,,,,,,,
9895,2021-04-30,70000000000,Тульская область,р. Волга,БПК5,0,6,6.0,8.0,ПДК,,,,,,,,
9897,2021-04-30,70000000000,Тульская область,р. Дон,БПК5,0,4,6.0,9.0,ПДК,,,,,,,,
9902,2021-04-30,94000000000,Удмуртская Республика,р. Волга,Взвешенные вещества,0,1,16.0,16.0,ПДК,,,,,,,,
9904,2021-04-30,94000000000,Удмуртская Республика,р. Кама,Взвешенные вещества,0,9,12.0,46.0,ПДК,,,,,,,,
9917,2021-05-31,11000000000,Архангельская область,р. Северная Двина,БПК5,0,1,11.0,11.0,ПДК,,,,,,,,
9931,2021-05-31,25000000000,Иркутская область,р. Ангара,Взвешенные вещества,0,16,10.0,49.0,ПДК,,,,,,,,
9932,2021-05-31,25000000000,Иркутская область,р. Енисей,Взвешенные вещества,0,1,13.0,13.0,ПДК,,,,,,,,
9934,2021-05-31,33000000000,Кировская область,р. Волга,Взвешенные вещества,0,22,10.0,36.0,ПДК,,,,,,,,
9935,2021-05-31,33000000000,Кировская область,р. Кама,Взвешенные вещества,0,16,10.0,42.0,ПДК,,,,,,,,
9936,2021-05-31,33000000000,Кировская область,р. Северная Двина,Взвешенные вещества,0,3,11.0,12.0,ПДК,,,,,,,,
9945,2021-05-31,46000000000,Московская область,р. Волга,БПК5,0,7,5.0,8.0,ПДК,,,,,,,,
9949,2021-05-31,47000000000,Мурманская область,"малые реки, озера, водохранилища",БПК5,0,1,6.0,6.0,ПДК,,,,,,,,
9958,2021-05-31,22000000000,Нижегородская область,р. Волга,Взвешенные вещества,0,29,11.0,38.0,ПДК,,,,,,,,
9965,2021-05-31,88000000000,Республика Марий Эл,р. Волга,Взвешенные вещества,0,3,11.0,31.0,ПДК,,,,,,,,
9966,2021-05-31,89000000000,Республика Мордовия,р. Волга,Взвешенные вещества,0,13,11.0,42.0,ПДК,,,,,,,,
9967,2021-05-31,90000000000,Республика Северная Осетия-Алания,р. Терек,БПК5,0,2,6.0,7.0,ПДК,,,,,,,,
9974,2021-05-31,65000000000,Свердловская область,р. Тобол,БПК5,0,4,5.0,13.0,ПДК,,,,,,,,
9977,2021-05-31,70000000000,Тульская область,р. Волга,БПК5,0,5,7.0,20.0,ПДК,,,,,,,,
9979,2021-05-31,94000000000,Удмуртская Республика,р. Волга,Взвешенные вещества,0,2,13.0,22.0,ПДК,,,,,,,,
9980,2021-05-31,94000000000,Удмуртская Республика,р. Кама,Взвешенные вещества,0,5,11.0,49.0,ПДК,,,,,,,,
9987,2021-05-31,97000000000,Чувашская Республика - Чувашия,р. Волга,Взвешенные вещества,0,8,14.0,34.0,ПДК,,,,,,,,
9991,2021-06-30,17000000000,Владимирская область,р. Волга,ХПК,0,1,10.0,10.0,ПДК,,,,,,,,
9996,2021-06-30,45000000000,г. Москва,р. Ока,БПК5,0,2,5.0,8.0,ПДК,,,,,,,,
9998,2021-06-30,76000000000,Забайкальский край,р. Амур,Взвешенные вещества,0,2,97.0,151.0,ПДК,,,,,,,,
10000,2021-06-30,76000000000,Забайкальский край,р. Амур,ХПК,0,4,18.0,21.0,ПДК,,,,,,,,
10001,2021-06-30,76000000000,Забайкальский край,р. Ангара,Взвешенные вещества,0,1,78.0,78.0,ПДК,,,,,,,,
10002,2021-06-30,25000000000,Иркутская область,р. Ангара,Взвешенные вещества,0,14,10.0,40.0,ПДК,,,,,,,,
10003,2021-06-30,25000000000,Иркутская область,р. Енисей,Взвешенные вещества,0,4,32.0,47.0,ПДК,,,,,,,,
10004,2021-06-30,25000000000,Иркутская область,р. Лена,Взвешенные вещества,0,4,11.0,48.0,ПДК,,,,,,,,
10009,2021-06-30,46000000000,Московская область,р. Ока,БПК5,0,1,9.0,9.0,ПДК,,,,,,,,
10014,2021-06-30,47000000000,Мурманская область,"малые реки, озера, водохранилища",БПК5,0,1,17.0,17.0,ПДК,,,,,,,,
10019,2021-06-30,22000000000,Нижегородская область,р. Волга,ХПК,0,1,37.0,37.0,ПДК,,,,,,,,
10032,2021-06-30,90000000000,Республика Северная Осетия-Алания,р. Терек,БПК5,0,2,6.0,7.0,ПДК,,,,,,,,
10034,2021-06-30,92000000000,Республика Татарстан (Татарстан),р. Кама,БПК5,0,1,5.0,5.0,ПДК,,,,,,,,
10043,2021-06-30,70000000000,Тульская область,р. Дон,БПК5,0,1,9.0,9.0,ПДК,,,,,,,,
10044,2021-06-30,70000000000,Тульская область,р. Ока,БПК5,0,1,20.0,20.0,ПДК,,,,,,,,
10047,2021-06-30,75000000000,Челябинская область,р. Тобол,БПК5,0,1,6.0,6.0,ПДК,,,,,,,,
10057,2021-07-31,17000000000,Владимирская область,р. Волга,ХПК,0,1,12.0,12.0,ПДК,,,,,,,,
10059,2021-07-31,19000000000,Вологодская область,р. Волга,БПК5,0,1,6.0,6.0,ПДК,,,,,,,,
10074,2021-07-31,46000000000,Московская область,р. Ока,БПК5,0,3,6.0,9.0,ПДК,,,,,,,,
10075,2021-07-31,47000000000,Мурманская область,"малые реки, озера, водохранилища",БПК5,0,1,16.0,16.0,ПДК,,,,,,,,
10090,2021-07-31,58000000000,Псковская область,"малые реки, озера, водохранилища",БПК5,0,1,9.0,9.0,ПДК,,,,,,,,
10093,2021-07-31,90000000000,Республика Северная Осетия-Алания,р. Терек,БПК5,0,1,6.0,6.0,ПДК,,,,,,,,
10097,2021-07-31,61000000000,Рязанская область,р. Ока,БПК5,0,1,6.0,6.0,ПДК,,,,,,,,
10108,2021-07-31,65000000000,Свердловская область,р. Тобол,БПК5,0,2,6.0,9.0,ПДК,,,,,,,,
10113,2021-07-31,66000000000,Смоленская область,р. Днепр,БПК5,0,1,9.0,9.0,ПДК,,,,,,,,
10115,2021-07-31,70000000000,Тульская область,р. Дон,БПК5,0,2,10.0,11.0,ПДК,,,,,,,,
10116,2021-07-31,70000000000,Тульская область,р. Ока,БПК5,0,4,11.0,20.0,ПДК,,,,,,,,
10117,2021-07-31,70000000000,Тульская область,р. Ока,ХПК,0,1,12.0,12.0,ПДК,,,,,,,,
10131,2021-08-31,45000000000,г. Москва,р. Ока,БПК5,0,1,7.0,7.0,ПДК,,,,,,,,
10142,2021-08-31,41000000000,Ленинградская область,"малые реки, озера, водохранилища",БПК5,0,1,7.0,7.0,ПДК,,,,,,,,
10144,2021-08-31,46000000000,Московская область,р. Волга,БПК5,0,1,14.0,14.0,ПДК,,,,,,,,
10146,2021-08-31,46000000000,Московская область,р. Ока,БПК5,0,4,5.0,7.0,ПДК,,,,,,,,
10151,2021-08-31,47000000000,Мурманская область,"малые реки, озера, водохранилища",БПК5,0,2,6.0,16.0,ПДК,,,,,,,,
10160,2021-08-31,49000000000,Новгородская область,"малые реки, озера, водохранилища",ХПК,0,1,25.0,25.0,ПДК,,,,,,,,
10164,2021-08-31,5000000000,Приморский край,р. Амур,БПК5,0,1,20.0,20.0,ПДК,,,,,,,,
10167,2021-08-31,90000000000,Республика Северная Осетия-Алания,р. Терек,БПК5,0,1,7.0,7.0,ПДК,,,,,,,,
10172,2021-08-31,61000000000,Рязанская область,р. Ока,БПК5,0,1,8.0,8.0,ПДК,,,,,,,,
10174,2021-08-31,65000000000,Свердловская область,р. Обь,БПК5,0,2,5.0,19.0,ПДК,,,,,,,,
10178,2021-08-31,65000000000,Свердловская область,р. Обь,ХПК,0,1,21.0,21.0,ПДК,,,,,,,,
10184,2021-08-31,65000000000,Свердловская область,р. Тобол,БПК5,0,2,6.0,7.0,ПДК,,,,,,,,
10189,2021-08-31,70000000000,Тульская область,р. Дон,БПК5,0,1,11.0,11.0,ПДК,,,,,,,,
10190,2021-08-31,70000000000,Тульская область,р. Ока,БПК5,0,9,6.0,20.0,ПДК,,,,,,,,
10192,2021-08-31,70000000000,Тульская область,р. Ока,ХПК,0,1,10.0,10.0,ПДК,,,,,,,,
