subject,total_cases,avg_concentration,avg_exceed_ratio,records,municipality,settlement,OKTMO
Кемеровская область - Кузбасс,32,65.8646875,6599.222222222223,32,Прокопьевский,с. Терентьевское,32522000476
Кемеровская область - Кузбасс,32,65.8646875,6599.222222222223,32,Новокузнецкий,п. Недорезово,32619432136
Кемеровская область - Кузбасс,32,65.8646875,6599.222222222223,32,Новокузнецкий,с. Красулино,32619432101
Кемеровская область - Кузбасс,32,65.8646875,6599.222222222223,32,Новокузнецкий,с. Красулино,32619432101
Кемеровская область - Кузбасс,32,65.8646875,6599.222222222223,32,Тисульский район,п. Макаракский,32628160111
Кемеровская область - Кузбасс,32,65.8646875,6599.222222222223,32,Тисульский район,п. Макаракский,32628160111
Кемеровская область - Кузбасс,32,65.8646875,6599.222222222223,32,Гурьевский район,г. Гурьевск,32502000001
Кемеровская область - Кузбасс,32,65.8646875,6599.222222222223,32,Гурьевский район,г. Гурьевск,32502000001
Кемеровская область - Кузбасс,32,65.8646875,6599.222222222223,32,Гурьевский район,г. Гурьевск,32502000001
Кемеровская область - Кузбасс,32,65.8646875,6599.222222222223,32,Гурьевский район,г. Гурьевск,32502000001
Кемеровская область - Кузбасс,32,65.8646875,6599.222222222223,32,Новокузнецкий,с. Красулино,32619432101
Кемеровская область - Кузбасс,32,65.8646875,6599.222222222223,32,Новокузнецкий,г. Новокузнецк,32731000001
Кемеровская область - Кузбасс,32,65.8646875,6599.222222222223,32,Новокузнецкий,г. Новокузнецк,32731000001
Кемеровская область - Кузбасс,32,65.8646875,6599.222222222223,32,Новокузнецкий,г. Новокузнецк,32731000001
Кемеровская область - Кузбасс,32,65.8646875,6599.222222222223,32,Новокузнецкий,г. Новокузнецк,32731000001
Кемеровская область - Кузбасс,32,65.8646875,6599.222222222223,32,Гурьевский район,г. Гурьевск,32502000001
Кемеровская область - Кузбасс,32,65.8646875,6599.222222222223,32,Гурьевский район,г. Гурьевск,32502000001
Кемеровская область - Кузбасс,32,65.8646875,6599.222222222223,32,Гурьевский район,г. Гурьевск,32502000001
Кемеровская область - Кузбасс,32,65.8646875,6599.222222222223,32,Гурьевский район,г. Гурьевск,32502000001
Кемеровская область - Кузбасс,32,65.8646875,6599.222222222223,32,Гурьевский район,г. Гурьевск,32502000001
Кемеровская область - Кузбасс,32,65.8646875,6599.222222222223,32,Гурьевский район,г. Гурьевск,32502000001
Кемеровская область - Кузбасс,32,65.8646875,6599.222222222223,32,Новокузнецкий,с. Красулино,32619432101
Кемеровская область - Кузбасс,32,65.8646875,6599.222222222223,32,Новокузнецкий,с. Красулино,32619432101
Кемеровская область - Кузбасс,32,65.8646875,6599.222222222223,32,Новокузнецкий,с. Красулино,32619432101
Кемеровская область - Кузбасс,32,65.8646875,6599.222222222223,32,Гурьевский район,г. Гурьевск,32502000001
Кемеровская область - Кузбасс,32,65.8646875,6599.222222222223,32,Гурьевский район,г. Гурьевск,32502000001
Кемеровская область - Кузбасс,32,65.8646875,6599.222222222223,32,Новокузнецкий,г. Новокузнецк,32731000001
Кемеровская область - Кузбасс,32,65.8646875,6599.222222222223,32,Новокузнецкий,г. Новокузнецк,32731000001
Кемеровская область - Кузбасс,32,65.8646875,6599.222222222223,32,Гурьевский район,г. Гурьевск,32502000001
Кемеровская область - Кузбасс,32,65.8646875,6599.222222222223,32,Гурьевский район,г. Гурьевск,32502000001
Кемеровская область - Кузбасс,32,65.8646875,6599.222222222223,32,Гурьевский район,г. Гурьевск,32502000001
Кемеровская область - Кузбасс,32,65.8646875,6599.222222222223,32,Гурьевский район,г. Гурьевск,32502000001
Калининградская область,4,32.575,42.33333333333333,4,Город Калининградский,г. Калининград,27701000001
Калининградская область,4,32.575,42.33333333333333,4,Город Калининградский,г. Калининград,27701000001
Калининградская область,4,32.575,42.33333333333333,4,Город Калининградский,г. Калининград,27701000001
Калининградская область,4,32.575,42.33333333333333,4,Город Калининградский,г. Калининград,27701000001
Новосибирская область,389,95.59423496143958,12237.577394927535,389,Новосибирск,г. Новосибирск,50701000001
Новосибирская область,389,95.59423496143958,12237.577394927535,389,Новосибирск,г. Новосибирск,50701000001
Новосибирская область,389,95.59423496143958,12237.577394927535,389,Новосибирск,г. Новосибирск,50701000001
Новосибирская область,389,95.59423496143958,12237.577394927535,389,Новосибирск,г. Новосибирск,50701000001
Новосибирская область,389,95.59423496143958,12237.577394927535,389,Новосибирск,г. Новосибирск,50701000001
Новосибирская область,389,95.59423496143958,12237.577394927535,389,Северный район,с. Северное,50644425101
Новосибирская область,389,95.59423496143958,12237.577394927535,389,Северный район,с. Северное,50644425101
Новосибирская область,389,95.59423496143958,12237.577394927535,389,Северный район,с. Северное,50644425101
Новосибирская область,389,95.59423496143958,12237.577394927535,389,Куйбышевский район,г. Куйбышев,50630101001
Новосибирская область,389,95.59423496143958,12237.577394927535,389,Куйбышевский район,г. Куйбышев,50630101001
Новосибирская область,389,95.59423496143958,12237.577394927535,389,Куйбышевский район,г. Куйбышев,50630101001
Новосибирская область,389,95.59423496143958,12237.577394927535,389,Куйбышевский район,г. Куйбышев,50630101001
Новосибирская область,389,95.59423496143958,12237.577394927535,389,Новосибирск,г. Новосибирск,50701000001
Новосибирская область,389,95.59423496143958,12237.577394927535,389,Здвинский район,с. Здвинск,50613407101
Новосибирская область,389,95.59423496143958,12237.577394927535,389,Северный район,с. Северное,50644425101
Новосибирская область,389,95.59423496143958,12237.577394927535,389,Кыштовский район,с. Кыштовка,50634431101
Новосибирская область,389,95.59423496143958,12237.577394927535,389,Куйбышевский район,г. Куйбышев,50630101001
Новосибирская область,389,95.59423496143958,12237.577394927535,389,Куйбышевский район,г. Куйбышев,50630101001
Новосибирская область,389,95.59423496143958,12237.577394927535,389,Куйбышевский район,г. Куйбышев,50630101001
Новосибирская область,389,95.59423496143958,12237.577394927535,389,Куйбышевский район,г. Куйбышев,50630101001
Новосибирская область,389,95.59423496143958,12237.577394927535,389,Куйбышевский район,г. Куйбышев,50630101001
Новосибирская область,389,95.59423496143958,12237.577394927535,389,Здвинский район,с. Здвинск,50613407101
Новосибирская область,389,95.59423496143958,12237.577394927535,389,Здвинский район,с. Здвинск,50613407101
Новосибирская область,389,95.59423496143958,12237.577394927535,389,Кочковский район,с. Черновка,50625419101
Новосибирская область,389,95.59423496143958,12237.577394927535,389,Новосибирск,г. Новосибирск,50701000001
Новосибирская область,389,95.59423496143958,12237.577394927535,389,Новосибирск,г. Новосибирск,50701000001
Новосибирская область,389,95.59423496143958,12237.577394927535,389,Новосибирск,г. Новосибирск,50701000001
Новосибирская область,389,95.59423496143958,12237.577394927535,389,Новосибирск,г. Новосибирск,50701000001
Новосибирская область,389,95.59423496143958,12237.577394927535,389,Новосибирск,г. Новосибирск,50701000001
Новосибирская область,389,95.59423496143958,12237.577394927535,389,Новосибирск,г. Новосибирск,50701000001
Новосибирская область,389,95.59423496143958,12237.577394927535,389,Новосибирск,г. Новосибирск,50701000001
Новосибирская область,389,95.59423496143958,12237.577394927535,389,Новосибирск,г. Новосибирск,50701000001
Новосибирская область,389,95.59423496143958,12237.577394927535,389,Новосибирск,г. Новосибирск,50701000001
Новосибирская область,389,95.59423496143958,12237.577394927535,389,Новосибирск,г. Новосибирск,50701000001
Новосибирская область,389,95.59423496143958,12237.577394927535,389,Новосибирск,г. Новосибирск,50701000001
Новосибирская область,389,95.59423496143958,12237.577394927535,389,Новосибирск,г. Новосибирск,50701000001
Новосибирская область,389,95.59423496143958,12237.577394927535,389,Здвинский район,с. Здвинск,50613407101
Новосибирская область,389,95.59423496143958,12237.577394927535,389,Северный район,с. Северное,50644425101
Новосибирская область,389,95.59423496143958,12237.577394927535,389,Кыштовский район,с. Кыштовка,50634431101
Новосибирская область,389,95.59423496143958,12237.577394927535,389,Кыштовский район,с. Кыштовка,50634431101
Новосибирская область,389,95.59423496143958,12237.577394927535,389,Куйбышевский район,г. Куйбышев,50630101001
Новосибирская область,389,95.59423496143958,12237.577394927535,389,Куйбышевский район,г. Куйбышев,50630101001
Новосибирская область,389,95.59423496143958,12237.577394927535,389,Куйбышевский район,г. Куйбышев,50630101001
Новосибирская область,389,95.59423496143958,12237.577394927535,389,Куйбышевский район,г. Куйбышев,50630101001
Новосибирская область,389,95.59423496143958,12237.577394927535,389,Кочковский район,с. Черновка,50625419101
Новосибирская область,389,95.59423496143958,12237.577394927535,389,Новосибирск,г. Новосибирск,50701000001
Новосибирская область,389,95.59423496143958,12237.577394927535,389,Новосибирск,г. Новосибирск,50701000001
Новосибирская область,389,95.59423496143958,12237.577394927535,389,Кыштовский район,с. Кыштовка,50634431101
Новосибирская область,389,95.59423496143958,12237.577394927535,389,Новосибирск,г. Новосибирск,50701000001
Новосибирская область,389,95.59423496143958,12237.577394927535,389,Куйбышевский район,г. Куйбышев,50630101001
Новосибирская область,389,95.59423496143958,12237.577394927535,389,Куйбышевский район,г. Куйбышев,50630101001
Новосибирская область,389,95.59423496143958,12237.577394927535,389,Здвинский район,с. Здвинск,50613407101
Новосибирская область,389,95.59423496143958,12237.577394927535,389,Здвинский район,с. Здвинск,50613407101
Новосибирская область,389,95.59423496143958,12237.577394927535,389,Кочковский район,с. Черновка,50625419101
Новосибирская область,389,95.59423496143958,12237.577394927535,389,Новосибирск,г. Новосибирск,50701000001
Новосибирская область,389,95.59423496143958,12237.577394927535,389,Маслянинский район,рп. Маслянино,50636151051
Новосибирская область,389,95.59423496143958,12237.577394927535,389,Новосибирск,г. Новосибирск,50701000001
Новосибирская область,389,95.59423496143958,12237.577394927535,389,Новосибирск,г. Новосибирск,50701000001
Новосибирская область,389,95.59423496143958,12237.577394927535,389,Новосибирск,г. Новосибирск,50701000001
Новосибирская область,389,95.59423496143958,12237.577394927535,389,Новосибирск,г. Новосибирск,50701000001
Новосибирская область,389,95.59423496143958,12237.577394927535,389,Новосибирск,г. Новосибирск,50701000001
Новосибирская область,389,95.59423496143958,12237.577394927535,389,Новосибирск,г. Новосибирск,50701000001
Новосибирская область,389,95.59423496143958,12237.577394927535,389,Новосибирск,г. Новосибирск,50701000001
Новосибирская область,389,95.59423496143958,12237.577394927535,389,Новосибирск,г. Новосибирск,50701000001
Новосибирская область,389,95.59423496143958,12237.577394927535,389,Новосибирск,г. Новосибирск,50701000001
Новосибирская область,389,95.59423496143958,12237.577394927535,389,Новосибирск,г. Новосибирск,50701000001
Новосибирская область,389,95.59423496143958,12237.577394927535,389,Новосибирск,г. Новосибирск,50701000001
Новосибирская область,389,95.59423496143958,12237.577394927535,389,Новосибирск,г. Новосибирск,50701000001
Новосибирская область,389,95.59423496143958,12237.577394927535,389,Новосибирск,г. Новосибирск,50701000001
Новосибирская область,389,95.59423496143958,12237.577394927535,389,Новосибирск,г. Новосибирск,50701000001
Новосибирская область,389,95.59423496143958,12237.577394927535,389,Новосибирск,г. Новосибирск,50701000001
Новосибирская область,389,95.59423496143958,12237.577394927535,389,Здвинский район,с. Здвинск,50613407101
Новосибирская область,389,95.59423496143958,12237.577394927535,389,Здвинский район,с. Здвинск,50613407101
Новосибирская область,389,95.59423496143958,12237.577394927535,389,Кочковский район,с. Черновка,50625419101
Новосибирская область,389,95.59423496143958,12237.577394927535,389,Новосибирск,г. Новосибирск,50701000001
Новосибирская область,389,95.59423496143958,12237.577394927535,389,Новосибирск,г. Новосибирск,50701000001
Новосибирская область,389,95.59423496143958,12237.577394927535,389,Новосибирск,г. Новосибирск,50701000001
Новосибирская область,389,95.59423496143958,12237.577394927535,389,Новосибирск,г. Новосибирск,50701000001
Новосибирская область,389,95.59423496143958,12237.577394927535,389,Здвинский район,с. Здвинск,50613407101
Новосибирская область,389,95.59423496143958,12237.577394927535,389,Новосибирск,г. Новосибирск,50701000001
Новосибирская область,389,95.59423496143958,12237.577394927535,389,Новосибирск,г. Новосибирск,50701000001
Новосибирская область,389,95.59423496143958,12237.577394927535,389,Тогучинский район,д. Кусмень,50652422111
Новосибирская область,389,95.59423496143958,12237.577394927535,389,Новосибирск,г. Новосибирск,50701000001
Новосибирская область,389,95.59423496143958,12237.577394927535,389,Куйбышевский район,г. Куйбышев,50630101001
Новосибирская область,389,95.59423496143958,12237.577394927535,389,Куйбышевский район,г. Куйбышев,50630101001
Новосибирская область,389,95.59423496143958,12237.577394927535,389,Новосибирск,г. Новосибирск,50701000001
Новосибирская область,389,95.59423496143958,12237.577394927535,389,Здвинский район,с. Здвинск,50613407101
Новосибирская область,389,95.59423496143958,12237.577394927535,389,Здвинский район,с. Здвинск,50613407101
Новосибирская область,389,95.59423496143958,12237.577394927535,389,Новосибирск,г. Новосибирск,50701000001
Новосибирская область,389,95.59423496143958,12237.577394927535,389,Новосибирск,г. Новосибирск,50701000001
Новосибирская область,389,95.59423496143958,12237.577394927535,389,Кыштовский район,с. Кыштовка,50634431101
Новосибирская область,389,95.59423496143958,12237.577394927535,389,Новосибирск,г. Новосибирск,50701000001
Новосибирская область,389,95.59423496143958,12237.577394927535,389,Куйбышевский район,г. Куйбышев,50630101001
Новосибирская область,389,95.59423496143958,12237.577394927535,389,Куйбышевский район,г. Куйбышев,50630101001
Новосибирская область,389,95.59423496143958,12237.577394927535,389,Здвинский район,с. Здвинск,50613407101
Новосибирская область,389,95.59423496143958,12237.577394927535,389,Кочковский район,с. Черновка,50625419101
Новосибирская область,389,95.59423496143958,12237.577394927535,389,Новосибирск,г. Новосибирск,50701000001
Новосибирская область,389,95.59423496143958,12237.577394927535,389,Новосибирск,г. Новосибирск,50701000001
Новосибирская область,389,95.59423496143958,12237.577394927535,389,Новосибирск,г. Новосибирск,50701000001
Новосибирская область,389,95.59423496143958,12237.577394927535,389,Новосибирск,г. Новосибирск,50701000001
Новосибирская область,389,95.59423496143958,12237.577394927535,389,Новосибирск,г. Новосибирск,50701000001
Новосибирская область,389,95.59423496143958,12237.577394927535,389,Новосибирск,г. Новосибирск,50701000001
Новосибирская область,389,95.59423496143958,12237.577394927535,389,Новосибирск,г. Новосибирск,50701000001
Новосибирская область,389,95.59423496143958,12237.577394927535,389,Новосибирск,г. Новосибирск,50701000001
Новосибирская область,389,95.59423496143958,12237.577394927535,389,Новосибирск,г. Новосибирск,50701000001
Новосибирская область,389,95.59423496143958,12237.577394927535,389,Новосибирск,г. Новосибирск,50701000001
Новосибирская область,389,95.59423496143958,12237.577394927535,389,Новосибирск,г. Новосибирск,50701000001
Новосибирская область,389,95.59423496143958,12237.577394927535,389,Новосибирск,г. Новосибирск,50701000001
Новосибирская область,389,95.59423496143958,12237.577394927535,389,Новосибирск,г. Новосибирск,50701000001
Новосибирская область,389,95.59423496143958,12237.577394927535,389,Новосибирск,г. Новосибирск,50701000001
Новосибирская область,389,95.59423496143958,12237.577394927535,389,Новосибирск,г. Новосибирск,50701000001
Новосибирская область,389,95.59423496143958,12237.577394927535,389,Новосибирск,г. Новосибирск,50701000001
Новосибирская область,389,95.59423496143958,12237.577394927535,389,Новосибирск,г. Новосибирск,50701000001
Новосибирская область,389,95.59423496143958,12237.577394927535,389,Новосибирск,г. Новосибирск,50701000001
Новосибирская область,389,95.59423496143958,12237.577394927535,389,Новосибирский район,с. Береговое,50640407111
Новосибирская область,389,95.59423496143958,12237.577394927535,389,Новосибирский район,с. Береговое,50640407111
Новосибирская область,389,95.59423496143958,12237.577394927535,389,Новосибирск,г. Новосибирск,50701000001
Новосибирская область,389,95.59423496143958,12237.577394927535,389,Новосибирск,г. Новосибирск,50701000001
Новосибирская область,389,95.59423496143958,12237.577394927535,389,Новосибирск,г. Новосибирск,50701000001
Новосибирская область,389,95.59423496143958,12237.577394927535,389,Новосибирск,г. Новосибирск,50701000001
Новосибирская область,389,95.59423496143958,12237.577394927535,389,Новосибирск,г. Новосибирск,50701000001
Новосибирская область,389,95.59423496143958,12237.577394927535,389,Новосибирск,г. Новосибирск,50701000001
Новосибирская область,389,95.59423496143958,12237.577394927535,389,Новосибирск,г. Новосибирск,50701000001
Новосибирская область,389,95.59423496143958,12237.577394927535,389,Новосибирск,г. Новосибирск,50701000001
Новосибирская область,389,95.59423496143958,12237.577394927535,389,Северный район,с. Северное,50644425101
Новосибирская область,389,95.59423496143958,12237.577394927535,389,Кыштовский район,с. Кыштовка,50634431101
Новосибирская область,389,95.59423496143958,12237.577394927535,389,Новосибирск,г. Новосибирск,50701000001
Новосибирская область,389,95.59423496143958,12237.577394927535,389,Здвинский район,с. Здвинск,50613407101
Новосибирская область,389,95.59423496143958,12237.577394927535,389,Новосибирск,г. Новосибирск,50701000001
Новосибирская область,389,95.59423496143958,12237.577394927535,389,Новосибирск,г. Новосибирск,50701000001
Новосибирская область,389,95.59423496143958,12237.577394927535,389,Новосибирск,г. Новосибирск,50701000001
Новосибирская область,389,95.59423496143958,12237.577394927535,389,Новосибирск,г. Новосибирск,50701000001
Новосибирская область,389,95.59423496143958,12237.577394927535,389,Новосибирск,г. Новосибирск,50701000001
Новосибирская область,389,95.59423496143958,12237.577394927535,389,Новосибирск,г. Новосибирск,50701000001
Новосибирская область,389,95.59423496143958,12237.577394927535,389,Кочковский район,с. Черновка,50625419101
Новосибирская область,389,95.59423496143958,12237.577394927535,389,Новосибирск,г. Новосибирск,50701000001
Новосибирская область,389,95.59423496143958,12237.577394927535,389,Новосибирск,г. Новосибирск,50701000001
Новосибирская область,389,95.59423496143958,12237.577394927535,389,Новосибирск,г. Новосибирск,50701000001
Новосибирская область,389,95.59423496143958,12237.577394927535,389,Новосибирск,г. Новосибирск,50701000001
Новосибирская область,389,95.59423496143958,12237.577394927535,389,Новосибирск,г. Новосибирск,50701000001
Новосибирская область,389,95.59423496143958,12237.577394927535,389,Новосибирск,г. Новосибирск,50701000001
Новосибирская область,389,95.59423496143958,12237.577394927535,389,Тогучинский район,д. Кусмень,50652422111
Новосибирская область,389,95.59423496143958,12237.577394927535,389,Новосибирск,г. Новосибирск,50701000001
Новосибирская область,389,95.59423496143958,12237.577394927535,389,Новосибирск,г. Новосибирск,50701000001
Новосибирская область,389,95.59423496143958,12237.577394927535,389,Новосибирск,г. Новосибирск,50701000001
Новосибирская область,389,95.59423496143958,12237.577394927535,389,Новосибирск,г. Новосибирск,50701000001
Новосибирская область,389,95.59423496143958,12237.577394927535,389,Новосибирск,г. Новосибирск,50701000001
Новосибирская область,389,95.59423496143958,12237.577394927535,389,Новосибирск,г. Новосибирск,50701000001
Новосибирская область,389,95.59423496143958,12237.577394927535,389,Новосибирск,г. Новосибирск,50701000001
Новосибирская область,389,95.59423496143958,12237.577394927535,389,Новосибирск,г. Новосибирск,50701000001
Новосибирская область,389,95.59423496143958,12237.577394927535,389,Новосибирск,г. Новосибирск,50701000001
Новосибирская область,389,95.59423496143958,12237.577394927535,389,Новосибирск,г. Новосибирск,50701000001
Новосибирская область,389,95.59423496143958,12237.577394927535,389,Новосибирск,г. Новосибирск,50701000001
Новосибирская область,389,95.59423496143958,12237.577394927535,389,Новосибирск,г. Новосибирск,50701000001
Новосибирская область,389,95.59423496143958,12237.577394927535,389,Новосибирск,г. Новосибирск,50701000001
Новосибирская область,389,95.59423496143958,12237.577394927535,389,Новосибирск,г. Новосибирск,50701000001
Новосибирская область,389,95.59423496143958,12237.577394927535,389,Новосибирск,г. Новосибирск,50701000001
Новосибирская область,389,95.59423496143958,12237.577394927535,389,Новосибирск,г. Новосибирск,50701000001
Новосибирская область,389,95.59423496143958,12237.577394927535,389,Новосибирск,г. Новосибирск,50701000001
Новосибирская область,389,95.59423496143958,12237.577394927535,389,Новосибирск,г. Новосибирск,50701000001
Новосибирская область,389,95.59423496143958,12237.577394927535,389,Новосибирск,г. Новосибирск,50701000001
Новосибирская область,389,95.59423496143958,12237.577394927535,389,Новосибирск,г. Новосибирск,50701000001
Новосибирская область,389,95.59423496143958,12237.577394927535,389,Новосибирск,г. Новосибирск,50701000001
Новосибирская область,389,95.59423496143958,12237.577394927535,389,Здвинский район,с. Здвинск,50613407101
Новосибирская область,389,95.59423496143958,12237.577394927535,389,Ордынский район,рп. Ордынское,50642151051
Новосибирская область,389,95.59423496143958,12237.577394927535,389,Новосибирск,г. Новосибирск,50701000001
Новосибирская область,389,95.59423496143958,12237.577394927535,389,Северный район,с. Северное,50644425101
Новосибирская область,389,95.59423496143958,12237.577394927535,389,Кыштовский район,с. Кыштовка,50634431101
Новосибирская область,389,95.59423496143958,12237.577394927535,389,Новосибирск,г. Новосибирск,50701000001
Новосибирская область,389,95.59423496143958,12237.577394927535,389,Куйбышевский район,г. Куйбышев,50630101001
Новосибирская область,389,95.59423496143958,12237.577394927535,389,Куйбышевский район,г. Куйбышев,50630101001
Новосибирская область,389,95.59423496143958,12237.577394927535,389,Новосибирск,г. Новосибирск,50701000001
Новосибирская область,389,95.59423496143958,12237.577394927535,389,Сузунский район,с. Шипуново,50648440101
Новосибирская область,389,95.59423496143958,12237.577394927535,389,Здвинский район,с. Здвинск,50613407101
Новосибирская область,389,95.59423496143958,12237.577394927535,389,Кочковский район,с. Черновка,50625419101
Новосибирская область,389,95.59423496143958,12237.577394927535,389,Новосибирск,г. Новосибирск,50701000001
Новосибирская область,389,95.59423496143958,12237.577394927535,389,Новосибирск,г. Новосибирск,50701000001
Новосибирская область,389,95.59423496143958,12237.577394927535,389,Ордынский район,рп. Ордынское,50642151051
Новосибирская область,389,95.59423496143958,12237.577394927535,389,Новосибирск,г. Новосибирск,50701000001
Новосибирская область,389,95.59423496143958,12237.577394927535,389,Новосибирск,г. Новосибирск,50701000001
Новосибирская область,389,95.59423496143958,12237.577394927535,389,Новосибирск,г. Новосибирск,50701000001
Новосибирская область,389,95.59423496143958,12237.577394927535,389,Новосибирск,г. Новосибирск,50701000001
Новосибирская область,389,95.59423496143958,12237.577394927535,389,Новосибирск,г. Новосибирск,50701000001
Новосибирская область,389,95.59423496143958,12237.577394927535,389,Новосибирск,г. Новосибирск,50701000001
Новосибирская область,389,95.59423496143958,12237.577394927535,389,Новосибирск,г. Новосибирск,50701000001
Новосибирская область,389,95.59423496143958,12237.577394927535,389,Новосибирск,г. Новосибирск,50701000001
Новосибирская область,389,95.59423496143958,12237.577394927535,389,Новосибирск,г. Новосибирск,50701000001
Новосибирская область,389,95.59423496143958,12237.577394927535,389,Новосибирск,г. Новосибирск,50701000001
Новосибирская область,389,95.59423496143958,12237.577394927535,389,Новосибирск,г. Новосибирск,50701000001
Новосибирская область,389,95.59423496143958,12237.577394927535,389,Новосибирск,г. Новосибирск,50701000001
Новосибирская область,389,95.59423496143958,12237.577394927535,389,Новосибирск,г. Новосибирск,50701000001
Новосибирская область,389,95.59423496143958,12237.577394927535,389,Северный район,с. Северное,50644425101
Новосибирская область,389,95.59423496143958,12237.577394927535,389,Новосибирск,г. Новосибирск,50701000001
Новосибирская область,389,95.59423496143958,12237.577394927535,389,Новосибирск,г. Новосибирск,50701000001
Новосибирская область,389,95.59423496143958,12237.577394927535,389,Новосибирск,г. Новосибирск,50701000001
Новосибирская область,389,95.59423496143958,12237.577394927535,389,Новосибирск,г. Новосибирск,50701000001
Новосибирская область,389,95.59423496143958,12237.577394927535,389,Новосибирск,г. Новосибирск,50701000001
Новосибирская область,389,95.59423496143958,12237.577394927535,389,Здвинский район,с. Здвинск,50613407101
Новосибирская область,389,95.59423496143958,12237.577394927535,389,Новосибирск,г. Новосибирск,50701000001
Новосибирская область,389,95.59423496143958,12237.577394927535,389,Новосибирск,г. Новосибирск,50701000001
Новосибирская область,389,95.59423496143958,12237.577394927535,389,Новосибирск,г. Новосибирск,50701000001
Новосибирская область,389,95.59423496143958,12237.577394927535,389,Новосибирск,г. Новосибирск,50701000001
Новосибирская область,389,95.59423496143958,12237.577394927535,389,Убинский район,с. Черный Мыс,50654443101
Новосибирская область,389,95.59423496143958,12237.577394927535,389,Новосибирск,г. Новосибирск,50701000001
Новосибирская область,389,95.59423496143958,12237.577394927535,389,Новосибирск,г. Новосибирск,50701000001
Новосибирская область,389,95.59423496143958,12237.577394927535,389,Новосибирск,г. Новосибирск,50701000001
Новосибирская область,389,95.59423496143958,12237.577394927535,389,Новосибирск,г. Новосибирск,50701000001
Новосибирская область,389,95.59423496143958,12237.577394927535,389,Новосибирск,г. Новосибирск,50701000001
Новосибирская область,389,95.59423496143958,12237.577394927535,389,Новосибирск,г. Новосибирск,50701000001
Новосибирская область,389,95.59423496143958,12237.577394927535,389,Новосибирск,г. Новосибирск,50701000001
Новосибирская область,389,95.59423496143958,12237.577394927535,389,Новосибирск,г. Новосибирск,50701000001
Новосибирская область,389,95.59423496143958,12237.577394927535,389,Новосибирск,г. Новосибирск,50701000001
Новосибирская область,389,95.59423496143958,12237.577394927535,389,Новосибирск,г. Новосибирск,50701000001
Новосибирская область,389,95.59423496143958,12237.577394927535,389,Новосибирск,г. Новосибирск,50701000001
Новосибирская область,389,95.59423496143958,12237.577394927535,389,Новосибирск,г. Новосибирск,50701000001
Новосибирская область,389,95.59423496143958,12237.577394927535,389,Новосибирск,г. Новосибирск,50701000001
Новосибирская область,389,95.59423496143958,12237.577394927535,389,Новосибирск,г. Новосибирск,50701000001
Новосибирская область,389,95.59423496143958,12237.577394927535,389,Новосибирск,г. Новосибирск,50701000001
Новосибирская область,389,95.59423496143958,12237.577394927535,389,Новосибирск,г. Новосибирск,50701000001
Новосибирская область,389,95.59423496143958,12237.577394927535,389,Новосибирск,г. Новосибирск,50701000001
Новосибирская область,389,95.59423496143958,12237.577394927535,389,Новосибирск,г. Новосибирск,50701000001
Новосибирская область,389,95.59423496143958,12237.577394927535,389,Новосибирск,г. Новосибирск,50701000001
Новосибирская область,389,95.59423496143958,12237.577394927535,389,Новосибирск,г. Новосибирск,50701000001
Новосибирская область,389,95.59423496143958,12237.577394927535,389,Новосибирск,г. Новосибирск,50701000001
Новосибирская область,389,95.59423496143958,12237.577394927535,389,Новосибирск,г. Новосибирск,50701000001
Новосибирская область,389,95.59423496143958,12237.577394927535,389,Новосибирск,г. Новосибирск,50701000001
Новосибирская область,389,95.59423496143958,12237.577394927535,389,Новосибирск,г. Новосибирск,50701000001
Новосибирская область,389,95.59423496143958,12237.577394927535,389,Новосибирск,г. Новосибирск,50701000001
Новосибирская область,389,95.59423496143958,12237.577394927535,389,Новосибирск,г. Новосибирск,50701000001
Новосибирская область,389,95.59423496143958,12237.577394927535,389,Новосибирск,г. Новосибирск,50701000001
Новосибирская область,389,95.59423496143958,12237.577394927535,389,Новосибирск,г. Новосибирск,50701000001
Новосибирская область,389,95.59423496143958,12237.577394927535,389,Новосибирск,г. Новосибирск,50701000001
Новосибирская область,389,95.59423496143958,12237.577394927535,389,Новосибирск,г. Новосибирск,50701000001
Новосибирская область,389,95.59423496143958,12237.577394927535,389,Новосибирск,г. Новосибирск,50701000001
Новосибирская область,389,95.59423496143958,12237.577394927535,389,Новосибирск,г. Новосибирск,50701000001
Новосибирская область,389,95.59423496143958,12237.577394927535,389,Здвинский район,с. Здвинск,50613407101
Новосибирская область,389,95.59423496143958,12237.577394927535,389,Здвинский район,с. Здвинск,50613407101
Новосибирская область,389,95.59423496143958,12237.577394927535,389,Здвинский район,с. Здвинск,50613407101
Новосибирская область,389,95.59423496143958,12237.577394927535,389,Новосибирск,г. Новосибирск,50701000001
Новосибирская область,389,95.59423496143958,12237.577394927535,389,Новосибирск,г. Новосибирск,50701000001
Новосибирская область,389,95.59423496143958,12237.577394927535,389,Новосибирск,г. Новосибирск,50701000001
Новосибирская область,389,95.59423496143958,12237.577394927535,389,Куйбышевский район,г. Куйбышев,50630101001
Новосибирская область,389,95.59423496143958,12237.577394927535,389,Куйбышевский район,г. Куйбышев,50630101001
Новосибирская область,389,95.59423496143958,12237.577394927535,389,Новосибирск,г. Новосибирск,50701000001
Новосибирская область,389,95.59423496143958,12237.577394927535,389,Новосибирск,г. Новосибирск,50701000001
Новосибирская область,389,95.59423496143958,12237.577394927535,389,Новосибирск,г. Новосибирск,50701000001
Новосибирская область,389,95.59423496143958,12237.577394927535,389,Новосибирск,г. Новосибирск,50701000001
Новосибирская область,389,95.59423496143958,12237.577394927535,389,Новосибирск,г. Новосибирск,50701000001
Новосибирская область,389,95.59423496143958,12237.577394927535,389,Новосибирск,г. Новосибирск,50701000001
Новосибирская область,389,95.59423496143958,12237.577394927535,389,Новосибирск,г. Новосибирск,50701000001
Новосибирская область,389,95.59423496143958,12237.577394927535,389,Новосибирск,г. Новосибирск,50701000001
Новосибирская область,389,95.59423496143958,12237.577394927535,389,Новосибирск,г. Новосибирск,50701000001
Новосибирская область,389,95.59423496143958,12237.577394927535,389,Новосибирск,г. Новосибирск,50701000001
Новосибирская область,389,95.59423496143958,12237.577394927535,389,Новосибирск,г. Новосибирск,50701000001
Новосибирская область,389,95.59423496143958,12237.577394927535,389,Новосибирск,г. Новосибирск,50701000001
Новосибирская область,389,95.59423496143958,12237.577394927535,389,Новосибирск,г. Новосибирск,50701000001
Новосибирская область,389,95.59423496143958,12237.577394927535,389,Новосибирск,г. Новосибирск,50701000001
Новосибирская область,389,95.59423496143958,12237.577394927535,389,Новосибирск,г. Новосибирск,50701000001
Новосибирская область,389,95.59423496143958,12237.577394927535,389,Новосибирск,г. Новосибирск,50701000001
Новосибирская область,389,95.59423496143958,12237.577394927535,389,Новосибирск,г. Новосибирск,50701000001
Новосибирская область,389,95.59423496143958,12237.577394927535,389,Новосибирск,г. Новосибирск,50701000001
Новосибирская область,389,95.59423496143958,12237.577394927535,389,Новосибирск,г. Новосибирск,50701000001
Новосибирская область,389,95.59423496143958,12237.577394927535,389,Новосибирск,г. Новосибирск,50701000001
Новосибирская область,389,95.59423496143958,12237.577394927535,389,Новосибирск,г. Новосибирск,50701000001
Новосибирская область,389,95.59423496143958,12237.577394927535,389,Новосибирск,г. Новосибирск,50701000001
Новосибирская область,389,95.59423496143958,12237.577394927535,389,Новосибирск,г. Новосибирск,50701000001
Новосибирская область,389,95.59423496143958,12237.577394927535,389,Новосибирск,г. Новосибирск,50701000001
Новосибирская область,389,95.59423496143958,12237.577394927535,389,Новосибирск,г. Новосибирск,50701000001
Новосибирская область,389,95.59423496143958,12237.577394927535,389,Новосибирск,г. Новосибирск,50701000001
Новосибирская область,389,95.59423496143958,12237.577394927535,389,Новосибирск,г. Новосибирск,50701000001
Новосибирская область,389,95.59423496143958,12237.577394927535,389,Новосибирск,г. Новосибирск,50701000001
Новосибирская область,389,95.59423496143958,12237.577394927535,389,Новосибирск,г. Новосибирск,50701000001
Новосибирская область,389,95.59423496143958,12237.577394927535,389,Новосибирск,г. Новосибирск,50701000001
Новосибирская область,389,95.59423496143958,12237.577394927535,389,Новосибирск,г. Новосибирск,50701000001
Новосибирская область,389,95.59423496143958,12237.577394927535,389,Новосибирск,г. Новосибирск,50701000001
Новосибирская область,389,95.59423496143958,12237.577394927535,389,Куйбышевский район,г. Куйбышев,50630101001
Новосибирская область,389,95.59423496143958,12237.577394927535,389,Куйбышевский район,г. Куйбышев,50630101001
Новосибирская область,389,95.59423496143958,12237.577394927535,389,Новосибирск,г. Новосибирск,50701000001
Новосибирская область,389,95.59423496143958,12237.577394927535,389,Новосибирск,г. Новосибирск,50701000001
Новосибирская область,389,95.59423496143958,12237.577394927535,389,Тогучинский район,д. Кусмень,50652422111
Новосибирская область,389,95.59423496143958,12237.577394927535,389,Новосибирск,г. Новосибирск,50701000001
Новосибирская область,389,95.59423496143958,12237.577394927535,389,Новосибирск,г. Новосибирск,50701000001
Новосибирская область,389,95.59423496143958,12237.577394927535,389,Новосибирск,г. Новосибирск,50701000001
Новосибирская область,389,95.59423496143958,12237.577394927535,389,Новосибирск,г. Новосибирск,50701000001
Новосибирская область,389,95.59423496143958,12237.577394927535,389,Новосибирск,г. Новосибирск,50701000001
Новосибирская область,389,95.59423496143958,12237.577394927535,389,Новосибирск,г. Новосибирск,50701000001
Новосибирская область,389,95.59423496143958,12237.577394927535,389,Новосибирск,г. Новосибирск,50701000001
Новосибирская область,389,95.59423496143958,12237.577394927535,389,Новосибирск,г. Новосибирск,50701000001
Новосибирская область,389,95.59423496143958,12237.577394927535,389,Тогучинский район,д. Кусмень,50652422111
Новосибирская область,389,95.59423496143958,12237.577394927535,389,Новосибирск,г. Новосибирск,50701000001
Новосибирская область,389,95.59423496143958,12237.577394927535,389,Новосибирск,г. Новосибирск,50701000001
Новосибирская область,389,95.59423496143958,12237.577394927535,389,Новосибирск,г. Новосибирск,50701000001
Новосибирская область,389,95.59423496143958,12237.577394927535,389,Кыштовский район,с. Кыштовка,50634431101
Новосибирская область,389,95.59423496143958,12237.577394927535,389,Новосибирск,г. Новосибирск,50701000001
Новосибирская область,389,95.59423496143958,12237.577394927535,389,Новосибирск,г. Новосибирск,50701000001
Новосибирская область,389,95.59423496143958,12237.577394927535,389,Новосибирск,г. Новосибирск,50701000001
Новосибирская область,389,95.59423496143958,12237.577394927535,389,Новосибирск,г. Новосибирск,50701000001
Новосибирская область,389,95.59423496143958,12237.577394927535,389,Куйбышевский район,г. Куйбышев,50630101001
Новосибирская область,389,95.59423496143958,12237.577394927535,389,Новосибирск,г. Новосибирск,50701000001
Новосибирская область,389,95.59423496143958,12237.577394927535,389,Новосибирск,г. Новосибирск,50701000001
Новосибирская область,389,95.59423496143958,12237.577394927535,389,Здвинский район,д. Городище,50613419106
Новосибирская область,389,95.59423496143958,12237.577394927535,389,Новосибирск,г. Новосибирск,50701000001
Новосибирская область,389,95.59423496143958,12237.577394927535,389,Новосибирск,г. Новосибирск,50701000001
Новосибирская область,389,95.59423496143958,12237.577394927535,389,Новосибирск,г. Новосибирск,50701000001
Новосибирская область,389,95.59423496143958,12237.577394927535,389,Новосибирск,г. Новосибирск,50701000001
Новосибирская область,389,95.59423496143958,12237.577394927535,389,Новосибирск,г. Новосибирск,50701000001
Новосибирская область,389,95.59423496143958,12237.577394927535,389,Новосибирск,г. Новосибирск,50701000001
Новосибирская область,389,95.59423496143958,12237.577394927535,389,Новосибирск,г. Новосибирск,50701000001
Новосибирская область,389,95.59423496143958,12237.577394927535,389,Новосибирск,г. Новосибирск,50701000001
Новосибирская область,389,95.59423496143958,12237.577394927535,389,Новосибирск,г. Новосибирск,50701000001
Новосибирская область,389,95.59423496143958,12237.577394927535,389,Новосибирск,г. Новосибирск,50701000001
Новосибирская область,389,95.59423496143958,12237.577394927535,389,Новосибирск,г. Новосибирск,50701000001
Новосибирская область,389,95.59423496143958,12237.577394927535,389,Новосибирск,г. Новосибирск,50701000001
Новосибирская область,389,95.59423496143958,12237.577394927535,389,Новосибирск,г. Новосибирск,50701000001
Новосибирская область,389,95.59423496143958,12237.577394927535,389,Новосибирск,г. Новосибирск,50701000001
Новосибирская область,389,95.59423496143958,12237.577394927535,389,Новосибирск,г. Новосибирск,50701000001
Новосибирская область,389,95.59423496143958,12237.577394927535,389,Новосибирск,г. Новосибирск,50701000001
Новосибирская область,389,95.59423496143958,12237.577394927535,389,Новосибирск,г. Новосибирск,50701000001
Новосибирская область,389,95.59423496143958,12237.577394927535,389,Новосибирск,г. Новосибирск,50701000001
Новосибирская область,389,95.59423496143958,12237.577394927535,389,Новосибирск,г. Новосибирск,50701000001
Новосибирская область,389,95.59423496143958,12237.577394927535,389,Куйбышевский район,г. Куйбышев,50630101001
Новосибирская область,389,95.59423496143958,12237.577394927535,389,Новосибирск,г. Новосибирск,50701000001
Новосибирская область,389,95.59423496143958,12237.577394927535,389,Новосибирск,г. Новосибирск,50701000001
Новосибирская область,389,95.59423496143958,12237.577394927535,389,Новосибирск,г. Новосибирск,50701000001
Новосибирская область,389,95.59423496143958,12237.577394927535,389,Новосибирск,г. Новосибирск,50701000001
Новосибирская область,389,95.59423496143958,12237.577394927535,389,Новосибирск,г. Новосибирск,50701000001
Новосибирская область,389,95.59423496143958,12237.577394927535,389,Новосибирск,г. Новосибирск,50701000001
Новосибирская область,389,95.59423496143958,12237.577394927535,389,Новосибирск,г. Новосибирск,50701000001
Новосибирская область,389,95.59423496143958,12237.577394927535,389,Новосибирск,г. Новосибирск,50701000001
Новосибирская область,389,95.59423496143958,12237.577394927535,389,Новосибирск,г. Новосибирск,50701000001
Новосибирская область,389,95.59423496143958,12237.577394927535,389,Куйбышевский район,г. Куйбышев,50630101001
Новосибирская область,389,95.59423496143958,12237.577394927535,389,Куйбышевский район,г. Куйбышев,50630101001
Новосибирская область,389,95.59423496143958,12237.577394927535,389,Новосибирск,г. Новосибирск,50701000001
Новосибирская область,389,95.59423496143958,12237.577394927535,389,Новосибирск,г. Новосибирск,50701000001
Новосибирская область,389,95.59423496143958,12237.577394927535,389,Новосибирск,г. Новосибирск,50701000001
Новосибирская область,389,95.59423496143958,12237.577394927535,389,Новосибирск,г. Новосибирск,50701000001
Новосибирская область,389,95.59423496143958,12237.577394927535,389,Новосибирск,г. Новосибирск,50701000001
Новосибирская область,389,95.59423496143958,12237.577394927535,389,Новосибирск,г. Новосибирск,50701000001
Новосибирская область,389,95.59423496143958,12237.577394927535,389,Новосибирск,г. Новосибирск,50701000001
Новосибирская область,389,95.59423496143958,12237.577394927535,389,Новосибирск,г. Новосибирск,50701000001
Новосибирская область,389,95.59423496143958,12237.577394927535,389,Новосибирск,г. Новосибирск,50701000001
Новосибирская область,389,95.59423496143958,12237.577394927535,389,Новосибирск,г. Новосибирск,50701000001
Новосибирская область,389,95.59423496143958,12237.577394927535,389,Новосибирск,г. Новосибирск,50701000001
Новосибирская область,389,95.59423496143958,12237.577394927535,389,Новосибирск,г. Новосибирск,50701000001
Новосибирская область,389,95.59423496143958,12237.577394927535,389,Новосибирск,г. Новосибирск,50701000001
Новосибирская область,389,95.59423496143958,12237.577394927535,389,Новосибирск,г. Новосибирск,50701000001
Новосибирская область,389,95.59423496143958,12237.577394927535,389,Новосибирск,г. Новосибирск,50701000001
Новосибирская область,389,95.59423496143958,12237.577394927535,389,Новосибирск,г. Новосибирск,50701000001
Новосибирская область,389,95.59423496143958,12237.577394927535,389,Новосибирск,г. Новосибирск,50701000001
Новосибирская область,389,95.59423496143958,12237.577394927535,389,Новосибирск,г. Новосибирск,50701000001
Новосибирская область,389,95.59423496143958,12237.577394927535,389,Северный район,с. Северное,50644425101
Новосибирская область,389,95.59423496143958,12237.577394927535,389,Новосибирск,г. Новосибирск,50701000001
Новосибирская область,389,95.59423496143958,12237.577394927535,389,Новосибирск,г. Новосибирск,50701000001
Новосибирская область,389,95.59423496143958,12237.577394927535,389,Новосибирск,г. Новосибирск,50701000001
Новосибирская область,389,95.59423496143958,12237.577394927535,389,Куйбышевский район,г. Куйбышев,50630101001
Новосибирская область,389,95.59423496143958,12237.577394927535,389,Куйбышевский район,г. Куйбышев,50630101001
Новосибирская область,389,95.59423496143958,12237.577394927535,389,Новосибирск,г. Новосибирск,50701000001
Новосибирская область,389,95.59423496143958,12237.577394927535,389,Новосибирск,г. Новосибирск,50701000001
Новосибирская область,389,95.59423496143958,12237.577394927535,389,Новосибирск,г. Новосибирск,50701000001
Новосибирская область,389,95.59423496143958,12237.577394927535,389,Барабинский район,д. Кармакла,50604413106
Новосибирская область,389,95.59423496143958,12237.577394927535,389,Здвинский район,д. Городище,50613419106
Новосибирская область,389,95.59423496143958,12237.577394927535,389,Новосибирск,г. Новосибирск,50701000001
Новосибирская область,389,95.59423496143958,12237.577394927535,389,Новосибирск,г. Новосибирск,50701000001
Новосибирская область,389,95.59423496143958,12237.577394927535,389,Новосибирск,г. Новосибирск,50701000001
Новосибирская область,389,95.59423496143958,12237.577394927535,389,Новосибирск,г. Новосибирск,50701000001
Новосибирская область,389,95.59423496143958,12237.577394927535,389,Новосибирск,г. Новосибирск,50701000001
Новосибирская область,389,95.59423496143958,12237.577394927535,389,Новосибирск,г. Новосибирск,50701000001
Новосибирская область,389,95.59423496143958,12237.577394927535,389,Новосибирск,г. Новосибирск,50701000001
Новосибирская область,389,95.59423496143958,12237.577394927535,389,Новосибирск,г. Новосибирск,50701000001
Новосибирская область,389,95.59423496143958,12237.577394927535,389,Новосибирск,г. Новосибирск,50701000001
Новосибирская область,389,95.59423496143958,12237.577394927535,389,Новосибирск,г. Новосибирск,50701000001
Новосибирская область,389,95.59423496143958,12237.577394927535,389,Новосибирск,г. Новосибирск,50701000001
Новосибирская область,389,95.59423496143958,12237.577394927535,389,Новосибирск,г. Новосибирск,50701000001
Новосибирская область,389,95.59423496143958,12237.577394927535,389,Новосибирск,г. Новосибирск,50701000001
Новосибирская область,389,95.59423496143958,12237.577394927535,389,Тогучинский район,д. Кусмень,50652422111
Новосибирская область,389,95.59423496143958,12237.577394927535,389,Новосибирск,г. Новосибирск,50701000001
Новосибирская область,389,95.59423496143958,12237.577394927535,389,Новосибирск,г. Новосибирск,50701000001
Новосибирская область,389,95.59423496143958,12237.577394927535,389,Новосибирск,г. Новосибирск,50701000001
Новосибирская область,389,95.59423496143958,12237.577394927535,389,Новосибирск,г. Новосибирск,50701000001
Новосибирская область,389,95.59423496143958,12237.577394927535,389,Новосибирск,г. Новосибирск,50701000001
Новосибирская область,389,95.59423496143958,12237.577394927535,389,Новосибирск,г. Новосибирск,50701000001
Новосибирская область,389,95.59423496143958,12237.577394927535,389,Здвинский район,с. Здвинск,50613407101
Новосибирская область,389,95.59423496143958,12237.577394927535,389,Новосибирск,г. Новосибирск,50701000001
Новосибирская область,389,95.59423496143958,12237.577394927535,389,Новосибирск,г. Новосибирск,50701000001
Новосибирская область,389,95.59423496143958,12237.577394927535,389,Искитим,г. Искитим,50712000001
Новосибирская область,389,95.59423496143958,12237.577394927535,389,Искитим,г. Искитим,50712000001
Новосибирская область,389,95.59423496143958,12237.577394927535,389,Новосибирск,г. Новосибирск,50701000001
Новосибирская область,389,95.59423496143958,12237.577394927535,389,Новосибирск,г. Новосибирск,50701000001
Новосибирская область,389,95.59423496143958,12237.577394927535,389,Новосибирск,г. Новосибирск,50701000001
Свердловская область,1830,109.43908493150681,30703.3851044505,1825,Ивдельский городской округ,г. Ивдель,65738000001
Свердловская область,1830,109.43908493150681,30703.3851044505,1825,городской округ Верхний Тагил,г. Верхний Тагил,65733000001
Свердловская область,1830,109.43908493150681,30703.3851044505,1825,муниципальное образование «город Екатеринбург»,г. Екатеринбург,65701000001
Свердловская область,1830,109.43908493150681,30703.3851044505,1825,Ивдельский городской округ,г. Ивдель,65738000001
Свердловская область,1830,109.43908493150681,30703.3851044505,1825,Ивдельский городской округ,г. Ивдель,65738000001
Свердловская область,1830,109.43908493150681,30703.3851044505,1825,Полевской городской округ,г. Полевской,65754000001
Свердловская область,1830,109.43908493150681,30703.3851044505,1825,Полевской городской округ,г. Полевской,65754000001
Свердловская область,1830,109.43908493150681,30703.3851044505,1825,Берёзовский городской округ,г. Березовский,65731000001
Свердловская область,1830,109.43908493150681,30703.3851044505,1825,Полевской городской округ,г. Полевской,65754000001
Свердловская область,1830,109.43908493150681,30703.3851044505,1825,Полевской городской округ,г. Полевской,65754000001
Свердловская область,1830,109.43908493150681,30703.3851044505,1825,городской округ Верхотурский,с. Прокопьевская Салда,65709000346
Свердловская область,1830,109.43908493150681,30703.3851044505,1825,Асбестовский городской округ,г. Асбест,65730000001
Свердловская область,1830,109.43908493150681,30703.3851044505,1825,город Нижний Тагил,г. Нижний Тагил,65751000001
Свердловская область,1830,109.43908493150681,30703.3851044505,1825,городской округ Верхний Тагил,г. Верхний Тагил,65733000001
Свердловская область,1830,109.43908493150681,30703.3851044505,1825,Тавдинский городской округ,г. Тавда,65723000001
Свердловская область,1830,109.43908493150681,30703.3851044505,1825,Тавдинский городской округ,г. Тавда,65723000001
Свердловская область,1830,109.43908493150681,30703.3851044505,1825,Полевской городской округ,г. Полевской,65754000001
Свердловская область,1830,109.43908493150681,30703.3851044505,1825,муниципальное образование «город Екатеринбург»,г. Екатеринбург,65701000001
Свердловская область,1830,109.43908493150681,30703.3851044505,1825,Невьянский городской округ,г. Невьянск,65714000001
Свердловская область,1830,109.43908493150681,30703.3851044505,1825,городской округ Первоуральск,г. Первоуральск,65753000001
Свердловская область,1830,109.43908493150681,30703.3851044505,1825,Тавдинский городской округ,г. Тавда,65723000001
Свердловская область,1830,109.43908493150681,30703.3851044505,1825,Тавдинский городской округ,г. Тавда,65723000001
Свердловская область,1830,109.43908493150681,30703.3851044505,1825,Тавдинский городской округ,г. Тавда,65723000001
Свердловская область,1830,109.43908493150681,30703.3851044505,1825,Тавдинский городской округ,г. Тавда,65723000001
Свердловская область,1830,109.43908493150681,30703.3851044505,1825,городской округ Верхотурский,с. Прокопьевская Салда,65709000346
Свердловская область,1830,109.43908493150681,30703.3851044505,1825,Берёзовский городской округ,г. Березовский,65731000001
Свердловская область,1830,109.43908493150681,30703.3851044505,1825,Невьянский городской округ,г. Невьянск,65714000001
Свердловская область,1830,109.43908493150681,30703.3851044505,1825,Новолялинский городской округ,г. Новая Ляля,65716000001
Свердловская область,1830,109.43908493150681,30703.3851044505,1825,Белоярский городской округ,с. Колюткино,65706000201
Свердловская область,1830,109.43908493150681,30703.3851044505,1825,город Каменск-Уральский,г. Каменск-Уральский,65740000001
Свердловская область,1830,109.43908493150681,30703.3851044505,1825,город Каменск-Уральский,г. Каменск-Уральский,65740000001
Свердловская область,1830,109.43908493150681,30703.3851044505,1825,муниципальное образование «город Екатеринбург»,г. Екатеринбург,65701000001
Свердловская область,1830,109.43908493150681,30703.3851044505,1825,муниципальное образование «город Екатеринбург»,г. Екатеринбург,65701000001
Свердловская область,1830,109.43908493150681,30703.3851044505,1825,город Нижний Тагил,г. Нижний Тагил,65751000001
Свердловская область,1830,109.43908493150681,30703.3851044505,1825,Слободо-Туринский муниципальный район,с. Тимофеево,65639460161
Свердловская область,1830,109.43908493150681,30703.3851044505,1825,Ивдельский городской округ,г. Ивдель,65738000001
Свердловская область,1830,109.43908493150681,30703.3851044505,1825,Тавдинский городской округ,г. Тавда,65723000001
Свердловская область,1830,109.43908493150681,30703.3851044505,1825,Тавдинский городской округ,г. Тавда,65723000001
Свердловская область,1830,109.43908493150681,30703.3851044505,1825,городской округ Верхотурский,с. Прокопьевская Салда,65709000346
Свердловская область,1830,109.43908493150681,30703.3851044505,1825,муниципальное образование «город Екатеринбург»,г. Екатеринбург,65701000001
Свердловская область,1830,109.43908493150681,30703.3851044505,1825,городской округ Красноуральск,г. Красноуральск,65746000001
Свердловская область,1830,109.43908493150681,30703.3851044505,1825,городской округ Красноуральск,г. Красноуральск,65746000001
Свердловская область,1830,109.43908493150681,30703.3851044505,1825,городской округ Красноуральск,г. Красноуральск,65746000001
Свердловская область,1830,109.43908493150681,30703.3851044505,1825,Ирбитское муниципальное образование,г. Ирбит,65739000001
Свердловская область,1830,109.43908493150681,30703.3851044505,1825,городской округ Красноуральск,г. Красноуральск,65746000001
Свердловская область,1830,109.43908493150681,30703.3851044505,1825,городской округ Красноуральск,г. Красноуральск,65746000001
Свердловская область,1830,109.43908493150681,30703.3851044505,1825,Слободо-Туринский муниципальный район,с. Тимофеево,65639460161
Свердловская область,1830,109.43908493150681,30703.3851044505,1825,городской округ Верхотурский,с. Прокопьевская Салда,65709000346
Свердловская область,1830,109.43908493150681,30703.3851044505,1825,Берёзовский городской округ,г. Березовский,65731000001
Свердловская область,1830,109.43908493150681,30703.3851044505,1825,муниципальное образование «город Екатеринбург»,г. Екатеринбург,65701000001
Свердловская область,1830,109.43908493150681,30703.3851044505,1825,Новолялинский городской округ,г. Новая Ляля,65716000001
Свердловская область,1830,109.43908493150681,30703.3851044505,1825,городской округ Красноуральск,г. Красноуральск,65746000001
Свердловская область,1830,109.43908493150681,30703.3851044505,1825,городской округ Красноуральск,г. Красноуральск,65746000001
Свердловская область,1830,109.43908493150681,30703.3851044505,1825,городской округ Красноуральск,г. Красноуральск,65746000001
Свердловская область,1830,109.43908493150681,30703.3851044505,1825,городской округ Верхотурский,с. Прокопьевская Салда,65709000346
Свердловская область,1830,109.43908493150681,30703.3851044505,1825,городской округ Верхотурский,с. Прокопьевская Салда,65709000346
Свердловская область,1830,109.43908493150681,30703.3851044505,1825,муниципальное образование «город Екатеринбург»,г. Екатеринбург,65701000001
Свердловская область,1830,109.43908493150681,30703.3851044505,1825,Невьянский городской округ,г. Невьянск,65714000001
Свердловская область,1830,109.43908493150681,30703.3851044505,1825,Новолялинский городской округ,г. Новая Ляля,65716000001
Свердловская область,1830,109.43908493150681,30703.3851044505,1825,городской округ Красноуральск,г. Красноуральск,65746000001
Свердловская область,1830,109.43908493150681,30703.3851044505,1825,городской округ Красноуральск,г. Красноуральск,65746000001
Свердловская область,1830,109.43908493150681,30703.3851044505,1825,городской округ Красноуральск,г. Красноуральск,65746000001
Свердловская область,1830,109.43908493150681,30703.3851044505,1825,город Нижний Тагил,г. Нижний Тагил,65751000001
Свердловская область,1830,109.43908493150681,30703.3851044505,1825,город Нижний Тагил,г. Нижний Тагил,65751000001
Свердловская область,1830,109.43908493150681,30703.3851044505,1825,городской округ Красноуральск,г. Красноуральск,65746000001
Свердловская область,1830,109.43908493150681,30703.3851044505,1825,городской округ Красноуральск,г. Красноуральск,65746000001
Свердловская область,1830,109.43908493150681,30703.3851044505,1825,Серовский городской округ,п. Черноярский,65756000271
Свердловская область,1830,109.43908493150681,30703.3851044505,1825,Серовский городской округ,п. Черноярский,65756000271
Свердловская область,1830,109.43908493150681,30703.3851044505,1825,городской округ Верхотурский,с. Прокопьевская Салда,65709000346
Свердловская область,1830,109.43908493150681,30703.3851044505,1825,муниципальное образование «город Екатеринбург»,г. Екатеринбург,65701000001
Свердловская область,1830,109.43908493150681,30703.3851044505,1825,Невьянский городской округ,г. Невьянск,65714000001
Свердловская область,1830,109.43908493150681,30703.3851044505,1825,Тавдинский городской округ,г. Тавда,65723000001
Свердловская область,1830,109.43908493150681,30703.3851044505,1825,городской округ Верхотурский,с. Прокопьевская Салда,65709000346
Свердловская область,1830,109.43908493150681,30703.3851044505,1825,городской округ Ревда,г. Ревда,65719000001
Свердловская область,1830,109.43908493150681,30703.3851044505,1825,Талицкий городской округ,г. Талица,65724000001
Свердловская область,1830,109.43908493150681,30703.3851044505,1825,город Каменск-Уральский,г. Каменск-Уральский,65740000001
Свердловская область,1830,109.43908493150681,30703.3851044505,1825,город Каменск-Уральский,г. Каменск-Уральский,65740000001
Свердловская область,1830,109.43908493150681,30703.3851044505,1825,муниципальное образование «город Екатеринбург»,г. Екатеринбург,65701000001
Свердловская область,1830,109.43908493150681,30703.3851044505,1825,городской округ Красноуральск,г. Красноуральск,65746000001
Свердловская область,1830,109.43908493150681,30703.3851044505,1825,городской округ Красноуральск,г. Красноуральск,65746000001
Свердловская область,1830,109.43908493150681,30703.3851044505,1825,Берёзовский городской округ,г. Березовский,65731000001
Свердловская область,1830,109.43908493150681,30703.3851044505,1825,город Каменск-Уральский,г. Каменск-Уральский,65740000001
Свердловская область,1830,109.43908493150681,30703.3851044505,1825,городской округ Красноуральск,г. Красноуральск,65746000001
Свердловская область,1830,109.43908493150681,30703.3851044505,1825,городской округ Красноуральск,г. Красноуральск,65746000001
Свердловская область,1830,109.43908493150681,30703.3851044505,1825,Шалинский городской округ,рп. Староуткинск,65766000051
Свердловская область,1830,109.43908493150681,30703.3851044505,1825,Туринский городской округ,г. Туринск,65726000001
Свердловская область,1830,109.43908493150681,30703.3851044505,1825,городской округ Верхотурский,с. Усть-Салда,65709000351
Свердловская область,1830,109.43908493150681,30703.3851044505,1825,городской округ Верхотурский,с. Усть-Салда,65709000351
Свердловская область,1830,109.43908493150681,30703.3851044505,1825,городской округ Верхотурский,с. Усть-Салда,65709000351
Свердловская область,1830,109.43908493150681,30703.3851044505,1825,городской округ Верхотурский,с. Прокопьевская Салда,65709000346
Свердловская область,1830,109.43908493150681,30703.3851044505,1825,городской округ Верхотурский,с. Прокопьевская Салда,65709000346
Свердловская область,1830,109.43908493150681,30703.3851044505,1825,городской округ Верхотурский,с. Прокопьевская Салда,65709000346
Свердловская область,1830,109.43908493150681,30703.3851044505,1825,городской округ Верхотурский,с. Прокопьевская Салда,65709000346
Свердловская область,1830,109.43908493150681,30703.3851044505,1825,городской округ Верхотурский,с. Прокопьевская Салда,65709000346
Свердловская область,1830,109.43908493150681,30703.3851044505,1825,городской округ Красноуральск,г. Красноуральск,65746000001
Свердловская область,1830,109.43908493150681,30703.3851044505,1825,Талицкий городской округ,г. Талица,65724000001
Свердловская область,1830,109.43908493150681,30703.3851044505,1825,Талицкий городской округ,г. Талица,65724000001
Свердловская область,1830,109.43908493150681,30703.3851044505,1825,Талицкий городской округ,г. Талица,65724000001
Свердловская область,1830,109.43908493150681,30703.3851044505,1825,Берёзовский городской округ,г. Березовский,65731000001
Свердловская область,1830,109.43908493150681,30703.3851044505,1825,муниципальное образование «город Екатеринбург»,г. Екатеринбург,65701000001
Свердловская область,1830,109.43908493150681,30703.3851044505,1825,Сысертский городской округ,п. Двуреченск,65722000181
Свердловская область,1830,109.43908493150681,30703.3851044505,1825,Сысертский городской округ,п. Двуреченск,65722000181
Свердловская область,1830,109.43908493150681,30703.3851044505,1825,город Каменск-Уральский,г. Каменск-Уральский,65740000001
Свердловская область,1830,109.43908493150681,30703.3851044505,1825,город Каменск-Уральский,г. Каменск-Уральский,65740000001
Свердловская область,1830,109.43908493150681,30703.3851044505,1825,муниципальное образование «город Екатеринбург»,г. Екатеринбург,65701000001
Свердловская область,1830,109.43908493150681,30703.3851044505,1825,муниципальное образование «город Екатеринбург»,г. Екатеринбург,65701000001
Свердловская область,1830,109.43908493150681,30703.3851044505,1825,городской округ Красноуральск,г. Красноуральск,65746000001
Свердловская область,1830,109.43908493150681,30703.3851044505,1825,городской округ Красноуральск,г. Красноуральск,65746000001
Свердловская область,1830,109.43908493150681,30703.3851044505,1825,городской округ Верхний Тагил,г. Верхний Тагил,65733000001
Свердловская область,1830,109.43908493150681,30703.3851044505,1825,городской округ Красноуральск,г. Красноуральск,65746000001
Свердловская область,1830,109.43908493150681,30703.3851044505,1825,Талицкий городской округ,г. Талица,65724000001
Свердловская область,1830,109.43908493150681,30703.3851044505,1825,Берёзовский городской округ,г. Березовский,65731000001
Свердловская область,1830,109.43908493150681,30703.3851044505,1825,город Каменск-Уральский,г. Каменск-Уральский,65740000001
Свердловская область,1830,109.43908493150681,30703.3851044505,1825,городской округ Красноуральск,г. Красноуральск,65746000001
Свердловская область,1830,109.43908493150681,30703.3851044505,1825,городской округ Первоуральск,г. Первоуральск,65753000001
Свердловская область,1830,109.43908493150681,30703.3851044505,1825,Берёзовский городской округ,п. Ключевск,65731000121
Свердловская область,1830,109.43908493150681,30703.3851044505,1825,Берёзовский городской округ,п. Ключевск,65731000121
Свердловская область,1830,109.43908493150681,30703.3851044505,1825,Полевской городской округ,г. Полевской,65754000001
Свердловская область,1830,109.43908493150681,30703.3851044505,1825,Берёзовский городской округ,г. Березовский,65731000001
Свердловская область,1830,109.43908493150681,30703.3851044505,1825,Берёзовский городской округ,г. Березовский,65731000001
Свердловская область,1830,109.43908493150681,30703.3851044505,1825,муниципальное образование «город Екатеринбург»,г. Екатеринбург,65701000001
Свердловская область,1830,109.43908493150681,30703.3851044505,1825,Невьянский городской округ,г. Невьянск,65714000001
Свердловская область,1830,109.43908493150681,30703.3851044505,1825,городской округ Ревда,г. Ревда,65719000001
Свердловская область,1830,109.43908493150681,30703.3851044505,1825,городской округ Ревда,г. Ревда,65719000001
Свердловская область,1830,109.43908493150681,30703.3851044505,1825,Берёзовский городской округ,г. Березовский,65731000001
Свердловская область,1830,109.43908493150681,30703.3851044505,1825,Берёзовский городской округ,г. Березовский,65731000001
Свердловская область,1830,109.43908493150681,30703.3851044505,1825,Берёзовский городской округ,г. Березовский,65731000001
Свердловская область,1830,109.43908493150681,30703.3851044505,1825,городской округ Красноуральск,г. Красноуральск,65746000001
Свердловская область,1830,109.43908493150681,30703.3851044505,1825,городской округ Первоуральск,с. Новоалексеевское,65753000241
Свердловская область,1830,109.43908493150681,30703.3851044505,1825,Слободо-Туринский муниципальный район,с. Тимофеево,65639460161
Свердловская область,1830,109.43908493150681,30703.3851044505,1825,Полевской городской округ,г. Полевской,65754000001
Свердловская область,1830,109.43908493150681,30703.3851044505,1825,Берёзовский городской округ,г. Березовский,65731000001
Свердловская область,1830,109.43908493150681,30703.3851044505,1825,Новолялинский городской округ,г. Новая Ляля,65716000001
Свердловская область,1830,109.43908493150681,30703.3851044505,1825,Белоярский городской округ,с. Колюткино,65706000201
Свердловская область,1830,109.43908493150681,30703.3851044505,1825,город Каменск-Уральский,г. Каменск-Уральский,65740000001
Свердловская область,1830,109.43908493150681,30703.3851044505,1825,городской округ Первоуральск,г. Первоуральск,65753000001
Свердловская область,1830,109.43908493150681,30703.3851044505,1825,муниципальное образование «город Екатеринбург»,г. Екатеринбург,65701000001
Свердловская область,1830,109.43908493150681,30703.3851044505,1825,Невьянский городской округ,г. Невьянск,65714000001
Свердловская область,1830,109.43908493150681,30703.3851044505,1825,городской округ Верхний Тагил,г. Верхний Тагил,65733000001
Свердловская область,1830,109.43908493150681,30703.3851044505,1825,Берёзовский городской округ,г. Березовский,65731000001
Свердловская область,1830,109.43908493150681,30703.3851044505,1825,Берёзовский городской округ,г. Березовский,65731000001
Свердловская область,1830,109.43908493150681,30703.3851044505,1825,муниципальное образование «город Екатеринбург»,г. Екатеринбург,65701000001
Свердловская область,1830,109.43908493150681,30703.3851044505,1825,Невьянский городской округ,г. Невьянск,65714000001
Свердловская область,1830,109.43908493150681,30703.3851044505,1825,Новолялинский городской округ,г. Новая Ляля,65716000001
Свердловская область,1830,109.43908493150681,30703.3851044505,1825,Ирбитское муниципальное образование,г. Ирбит,65739000001
Свердловская область,1830,109.43908493150681,30703.3851044505,1825,Берёзовский городской округ,г. Березовский,65731000001
Свердловская область,1830,109.43908493150681,30703.3851044505,1825,муниципальное образование «город Екатеринбург»,г. Екатеринбург,65701000001
Свердловская область,1830,109.43908493150681,30703.3851044505,1825,Невьянский городской округ,г. Невьянск,65714000001
Свердловская область,1830,109.43908493150681,30703.3851044505,1825,Новолялинский городской округ,г. Новая Ляля,65716000001
Свердловская область,1830,109.43908493150681,30703.3851044505,1825,городской округ Красноуфимск,г. Красноуфимск,65747000001
Свердловская область,1830,109.43908493150681,30703.3851044505,1825,Берёзовский городской округ,г. Березовский,65731000001
Свердловская область,1830,109.43908493150681,30703.3851044505,1825,муниципальное образование «город Екатеринбург»,г. Екатеринбург,65701000001
Свердловская область,1830,109.43908493150681,30703.3851044505,1825,Новолялинский городской округ,г. Новая Ляля,65716000001
Свердловская область,1830,109.43908493150681,30703.3851044505,1825,Берёзовский городской округ,г. Березовский,65731000001
Свердловская область,1830,109.43908493150681,30703.3851044505,1825,городской округ Красноуральск,г. Красноуральск,65746000001
Свердловская область,1830,109.43908493150681,30703.3851044505,1825,городской округ Красноуральск,г. Красноуральск,65746000001
Свердловская область,1830,109.43908493150681,30703.3851044505,1825,городской округ Красноуральск,г. Красноуральск,65746000001
Свердловская область,1830,109.43908493150681,30703.3851044505,1825,Берёзовский городской округ,г. Березовский,65731000001
Свердловская область,1830,109.43908493150681,30703.3851044505,1825,муниципальное образование «город Екатеринбург»,г. Екатеринбург,65701000001
Свердловская область,1830,109.43908493150681,30703.3851044505,1825,городской округ Красноуральск,г. Красноуральск,65746000001
Свердловская область,1830,109.43908493150681,30703.3851044505,1825,городской округ Красноуральск,г. Красноуральск,65746000001
Свердловская область,1830,109.43908493150681,30703.3851044505,1825,Ивдельский городской округ,г. Ивдель,65738000001
Свердловская область,1830,109.43908493150681,30703.3851044505,1825,Ивдельский городской округ,г. Ивдель,65738000001
Свердловская область,1830,109.43908493150681,30703.3851044505,1825,Ивдельский городской округ,г. Ивдель,65738000001
Свердловская область,1830,109.43908493150681,30703.3851044505,1825,Берёзовский городской округ,г. Березовский,65731000001
Свердловская область,1830,109.43908493150681,30703.3851044505,1825,городской округ Красноуральск,г. Красноуральск,65746000001
Свердловская область,1830,109.43908493150681,30703.3851044505,1825,городской округ Красноуральск,г. Красноуральск,65746000001
Свердловская область,1830,109.43908493150681,30703.3851044505,1825,городской округ Верхний Тагил,г. Верхний Тагил,65733000001
Свердловская область,1830,109.43908493150681,30703.3851044505,1825,городской округ Верхотурский,с. Прокопьевская Салда,65709000346
Свердловская область,1830,109.43908493150681,30703.3851044505,1825,городской округ Красноуральск,г. Красноуральск,65746000001
Свердловская область,1830,109.43908493150681,30703.3851044505,1825,городской округ Красноуральск,г. Красноуральск,65746000001
Свердловская область,1830,109.43908493150681,30703.3851044505,1825,городской округ Красноуральск,г. Красноуральск,65746000001
Свердловская область,1830,109.43908493150681,30703.3851044505,1825,городской округ Красноуральск,г. Красноуральск,65746000001
Свердловская область,1830,109.43908493150681,30703.3851044505,1825,городской округ Верхотурский,с. Прокопьевская Салда,65709000346
Свердловская область,1830,109.43908493150681,30703.3851044505,1825,городской округ Красноуральск,г. Красноуральск,65746000001
Свердловская область,1830,109.43908493150681,30703.3851044505,1825,городской округ Красноуральск,г. Красноуральск,65746000001
Свердловская область,1830,109.43908493150681,30703.3851044505,1825,Берёзовский городской округ,г. Березовский,65731000001
Свердловская область,1830,109.43908493150681,30703.3851044505,1825,городской округ Красноуральск,г. Красноуральск,65746000001
Свердловская область,1830,109.43908493150681,30703.3851044505,1825,городской округ Красноуральск,г. Красноуральск,65746000001
Свердловская область,1830,109.43908493150681,30703.3851044505,1825,Ивдельский городской округ,г. Ивдель,65738000001
Свердловская область,1830,109.43908493150681,30703.3851044505,1825,Ивдельский городской округ,г. Ивдель,65738000001
Свердловская область,1830,109.43908493150681,30703.3851044505,1825,Ивдельский городской округ,г. Ивдель,65738000001
Свердловская область,1830,109.43908493150681,30703.3851044505,1825,Ивдельский городской округ,г. Ивдель,65738000001
Свердловская область,1830,109.43908493150681,30703.3851044505,1825,Ивдельский городской округ,г. Ивдель,65738000001
Свердловская область,1830,109.43908493150681,30703.3851044505,1825,Ивдельский городской округ,г. Ивдель,65738000001
Свердловская область,1830,109.43908493150681,30703.3851044505,1825,Ивдельский городской округ,г. Ивдель,65738000001
Свердловская область,1830,109.43908493150681,30703.3851044505,1825,городской округ Верхний Тагил,г. Верхний Тагил,65733000001
Свердловская область,1830,109.43908493150681,30703.3851044505,1825,Полевской городской округ,г. Полевской,65754000001
Свердловская область,1830,109.43908493150681,30703.3851044505,1825,городской округ Красноуральск,г. Красноуральск,65746000001
Свердловская область,1830,109.43908493150681,30703.3851044505,1825,городской округ Первоуральск,г. Первоуральск,65753000001
Свердловская область,1830,109.43908493150681,30703.3851044505,1825,муниципальное образование «город Екатеринбург»,г. Екатеринбург,65701000001
Свердловская область,1830,109.43908493150681,30703.3851044505,1825,муниципальное образование «город Екатеринбург»,г. Екатеринбург,65701000001
Свердловская область,1830,109.43908493150681,30703.3851044505,1825,Берёзовский городской округ,г. Березовский,65731000001
Свердловская область,1830,109.43908493150681,30703.3851044505,1825,городской округ Красноуральск,г. Красноуральск,65746000001
Свердловская область,1830,109.43908493150681,30703.3851044505,1825,городской округ Красноуральск,г. Красноуральск,65746000001
Свердловская область,1830,109.43908493150681,30703.3851044505,1825,городской округ Красноуральск,г. Красноуральск,65746000001
Свердловская область,1830,109.43908493150681,30703.3851044505,1825,городской округ Заречный,г. Заречный,65737000001
Свердловская область,1830,109.43908493150681,30703.3851044505,1825,Слободо-Туринский муниципальный район,с. Тимофеево,65639460161
Свердловская область,1830,109.43908493150681,30703.3851044505,1825,Тавдинский городской округ,г. Тавда,65723000001
Свердловская область,1830,109.43908493150681,30703.3851044505,1825,городской округ Верхний Тагил,г. Верхний Тагил,65733000001
Свердловская область,1830,109.43908493150681,30703.3851044505,1825,Полевской городской округ,г. Полевской,65754000001
Свердловская область,1830,109.43908493150681,30703.3851044505,1825,Талицкий городской округ,г. Талица,65724000001
Свердловская область,1830,109.43908493150681,30703.3851044505,1825,Талицкий городской округ,г. Талица,65724000001
Свердловская область,1830,109.43908493150681,30703.3851044505,1825,Берёзовский городской округ,г. Березовский,65731000001
Свердловская область,1830,109.43908493150681,30703.3851044505,1825,городской округ Первоуральск,г. Первоуральск,65753000001
Свердловская область,1830,109.43908493150681,30703.3851044505,1825,муниципальное образование «город Екатеринбург»,г. Екатеринбург,65701000001
Свердловская область,1830,109.43908493150681,30703.3851044505,1825,муниципальное образование «город Екатеринбург»,г. Екатеринбург,65701000001
Свердловская область,1830,109.43908493150681,30703.3851044505,1825,Берёзовский городской округ,г. Березовский,65731000001
Свердловская область,1830,109.43908493150681,30703.3851044505,1825,Белоярский городской округ,с. Колюткино,65706000201
Свердловская область,1830,109.43908493150681,30703.3851044505,1825,город Каменск-Уральский,г. Каменск-Уральский,65740000001
Свердловская область,1830,109.43908493150681,30703.3851044505,1825,муниципальное образование «город Екатеринбург»,г. Екатеринбург,65701000001
Свердловская область,1830,109.43908493150681,30703.3851044505,1825,Берёзовский городской округ,г. Березовский,65731000001
Свердловская область,1830,109.43908493150681,30703.3851044505,1825,городской округ Красноуральск,г. Красноуральск,65746000001
Свердловская область,1830,109.43908493150681,30703.3851044505,1825,городской округ Красноуральск,г. Красноуральск,65746000001
Свердловская область,1830,109.43908493150681,30703.3851044505,1825,городской округ Красноуральск,г. Красноуральск,65746000001
Свердловская область,1830,109.43908493150681,30703.3851044505,1825,Новолялинский городской округ,с. Коптяки,65716000201
Свердловская область,1830,109.43908493150681,30703.3851044505,1825,Тавдинский городской округ,г. Тавда,65723000001
Свердловская область,1830,109.43908493150681,30703.3851044505,1825,Полевской городской округ,г. Полевской,65754000001
Свердловская область,1830,109.43908493150681,30703.3851044505,1825,Полевской городской округ,г. Полевской,65754000001
Свердловская область,1830,109.43908493150681,30703.3851044505,1825,городской округ Верхотурский,с. Прокопьевская Салда,65709000346
Свердловская область,1830,109.43908493150681,30703.3851044505,1825,Талицкий городской округ,г. Талица,65724000001
Свердловская область,1830,109.43908493150681,30703.3851044505,1825,Камышловский городской округ,г. Камышлов,65741000001
Свердловская область,1830,109.43908493150681,30703.3851044505,1825,Берёзовский городской округ,г. Березовский,65731000001
Свердловская область,1830,109.43908493150681,30703.3851044505,1825,муниципальное образование «город Екатеринбург»,г. Екатеринбург,65701000001
Свердловская область,1830,109.43908493150681,30703.3851044505,1825,Слободо-Туринский муниципальный район,с. Краснослободское,65639470191
Свердловская область,1830,109.43908493150681,30703.3851044505,1825,Невьянский городской округ,г. Невьянск,65714000001
Свердловская область,1830,109.43908493150681,30703.3851044505,1825,город Каменск-Уральский,г. Каменск-Уральский,65740000001
Свердловская область,1830,109.43908493150681,30703.3851044505,1825,Берёзовский городской округ,г. Березовский,65731000001
Свердловская область,1830,109.43908493150681,30703.3851044505,1825,городской округ Первоуральск,с. Новоалексеевское,65753000241
Свердловская область,1830,109.43908493150681,30703.3851044505,1825,городской округ Верхний Тагил,г. Верхний Тагил,65733000001
Свердловская область,1830,109.43908493150681,30703.3851044505,1825,Тавдинский городской округ,г. Тавда,65723000001
Свердловская область,1830,109.43908493150681,30703.3851044505,1825,Берёзовский городской округ,г. Березовский,65731000001
Свердловская область,1830,109.43908493150681,30703.3851044505,1825,Ирбитское муниципальное образование,г. Ирбит,65739000001
Свердловская область,1830,109.43908493150681,30703.3851044505,1825,Невьянский городской округ,г. Невьянск,65714000001
Свердловская область,1830,109.43908493150681,30703.3851044505,1825,Новолялинский городской округ,г. Новая Ляля,65716000001
Свердловская область,1830,109.43908493150681,30703.3851044505,1825,муниципальное образование «город Екатеринбург»,г. Екатеринбург,65701000001
Свердловская область,1830,109.43908493150681,30703.3851044505,1825,Берёзовский городской округ,г. Березовский,65731000001
Свердловская область,1830,109.43908493150681,30703.3851044505,1825,городской округ Первоуральск,с. Новоалексеевское,65753000241
Свердловская область,1830,109.43908493150681,30703.3851044505,1825,Слободо-Туринский муниципальный район,с. Тимофеево,65639460161
Свердловская область,1830,109.43908493150681,30703.3851044505,1825,Слободо-Туринский муниципальный район,с. Тимофеево,65639460161
Свердловская область,1830,109.43908493150681,30703.3851044505,1825,Тавдинский городской округ,г. Тавда,65723000001
Свердловская область,1830,109.43908493150681,30703.3851044505,1825,Полевской городской округ,г. Полевской,65754000001
Свердловская область,1830,109.43908493150681,30703.3851044505,1825,Полевской городской округ,г. Полевской,65754000001
Свердловская область,1830,109.43908493150681,30703.3851044505,1825,Берёзовский городской округ,г. Березовский,65731000001
Свердловская область,1830,109.43908493150681,30703.3851044505,1825,Невьянский городской округ,г. Невьянск,65714000001
Свердловская область,1830,109.43908493150681,30703.3851044505,1825,Новолялинский городской округ,г. Новая Ляля,65716000001
Свердловская область,1830,109.43908493150681,30703.3851044505,1825,Ирбитское муниципальное образование,г. Ирбит,65739000001
Свердловская область,1830,109.43908493150681,30703.3851044505,1825,Ивдельский городской округ,г. Ивдель,65738000001
Свердловская область,1830,109.43908493150681,30703.3851044505,1825,Ивдельский городской округ,г. Ивдель,65738000001
Свердловская область,1830,109.43908493150681,30703.3851044505,1825,Слободо-Туринский муниципальный район,с. Тимофеево,65639460161
Свердловская область,1830,109.43908493150681,30703.3851044505,1825,Слободо-Туринский муниципальный район,с. Тимофеево,65639460161
Свердловская область,1830,109.43908493150681,30703.3851044505,1825,Туринский городской округ,г. Туринск,65726000001
Свердловская область,1830,109.43908493150681,30703.3851044505,1825,Полевской городской округ,г. Полевской,65754000001
Свердловская область,1830,109.43908493150681,30703.3851044505,1825,Камышловский городской округ,г. Камышлов,65741000001
Свердловская область,1830,109.43908493150681,30703.3851044505,1825,муниципальное образование «город Екатеринбург»,г. Екатеринбург,65701000001
Свердловская область,1830,109.43908493150681,30703.3851044505,1825,Невьянский городской округ,г. Невьянск,65714000001
Свердловская область,1830,109.43908493150681,30703.3851044505,1825,муниципальное образование «город Екатеринбург»,г. Екатеринбург,65701000001
Свердловская область,1830,109.43908493150681,30703.3851044505,1825,Берёзовский городской округ,г. Березовский,65731000001
Свердловская область,1830,109.43908493150681,30703.3851044505,1825,Кировградский городской округ,г. Кировград,65744000001
Свердловская область,1830,109.43908493150681,30703.3851044505,1825,городской округ Первоуральск,г. Первоуральск,65753000001
Свердловская область,1830,109.43908493150681,30703.3851044505,1825,Ивдельский городской округ,г. Ивдель,65738000001
Свердловская область,1830,109.43908493150681,30703.3851044505,1825,Ивдельский городской округ,г. Ивдель,65738000001
Свердловская область,1830,109.43908493150681,30703.3851044505,1825,муниципальное образование «город Екатеринбург»,г. Екатеринбург,65701000001
Свердловская область,1830,109.43908493150681,30703.3851044505,1825,Невьянский городской округ,г. Невьянск,65714000001
Свердловская область,1830,109.43908493150681,30703.3851044505,1825,Новолялинский городской округ,г. Новая Ляля,65716000001
Свердловская область,1830,109.43908493150681,30703.3851044505,1825,Берёзовский городской округ,г. Березовский,65731000001
Свердловская область,1830,109.43908493150681,30703.3851044505,1825,городской округ Красноуральск,г. Красноуральск,65746000001
Свердловская область,1830,109.43908493150681,30703.3851044505,1825,городской округ Красноуральск,г. Красноуральск,65746000001
Свердловская область,1830,109.43908493150681,30703.3851044505,1825,Полевской городской округ,г. Полевской,65754000001
Свердловская область,1830,109.43908493150681,30703.3851044505,1825,Новолялинский городской округ,г. Новая Ляля,65716000001
Свердловская область,1830,109.43908493150681,30703.3851044505,1825,муниципальное образование «город Екатеринбург»,г. Екатеринбург,65701000001
Свердловская область,1830,109.43908493150681,30703.3851044505,1825,Берёзовский городской округ,г. Березовский,65731000001
Свердловская область,1830,109.43908493150681,30703.3851044505,1825,Берёзовский городской округ,г. Березовский,65731000001
Свердловская область,1830,109.43908493150681,30703.3851044505,1825,муниципальное образование «город Екатеринбург»,г. Екатеринбург,65701000001
Свердловская область,1830,109.43908493150681,30703.3851044505,1825,Новолялинский городской округ,г. Новая Ляля,65716000001
Свердловская область,1830,109.43908493150681,30703.3851044505,1825,Ирбитское муниципальное образование,г. Ирбит,65739000001
Свердловская область,1830,109.43908493150681,30703.3851044505,1825,Ирбитское муниципальное образование,г. Ирбит,65739000001
Свердловская область,1830,109.43908493150681,30703.3851044505,1825,город Каменск-Уральский,г. Каменск-Уральский,65740000001
Свердловская область,1830,109.43908493150681,30703.3851044505,1825,муниципальное образование «город Екатеринбург»,г. Екатеринбург,65701000001
Свердловская область,1830,109.43908493150681,30703.3851044505,1825,городской округ Красноуральск,г. Красноуральск,65746000001
Свердловская область,1830,109.43908493150681,30703.3851044505,1825,городской округ Красноуральск,г. Красноуральск,65746000001
Свердловская область,1830,109.43908493150681,30703.3851044505,1825,городской округ Красноуральск,г. Красноуральск,65746000001
Свердловская область,1830,109.43908493150681,30703.3851044505,1825,Полевской городской округ,г. Полевской,65754000001
Свердловская область,1830,109.43908493150681,30703.3851044505,1825,Полевской городской округ,г. Полевской,65754000001
Свердловская область,1830,109.43908493150681,30703.3851044505,1825,Полевской городской округ,г. Полевской,65754000001
Свердловская область,1830,109.43908493150681,30703.3851044505,1825,Полевской городской округ,г. Полевской,65754000001
Свердловская область,1830,109.43908493150681,30703.3851044505,1825,Талицкий городской округ,г. Талица,65724000001
Свердловская область,1830,109.43908493150681,30703.3851044505,1825,Талицкий городской округ,г. Талица,65724000001
Свердловская область,1830,109.43908493150681,30703.3851044505,1825,Берёзовский городской округ,г. Березовский,65731000001
Свердловская область,1830,109.43908493150681,30703.3851044505,1825,Ирбитское муниципальное образование,г. Ирбит,65739000001
Свердловская область,1830,109.43908493150681,30703.3851044505,1825,Ирбитское муниципальное образование,г. Ирбит,65739000001
Свердловская область,1830,109.43908493150681,30703.3851044505,1825,город Каменск-Уральский,г. Каменск-Уральский,65740000001
Свердловская область,1830,109.43908493150681,30703.3851044505,1825,муниципальное образование «город Екатеринбург»,г. Екатеринбург,65701000001
Свердловская область,1830,109.43908493150681,30703.3851044505,1825,Берёзовский городской округ,г. Березовский,65731000001
Свердловская область,1830,109.43908493150681,30703.3851044505,1825,городской округ Заречный,г. Заречный,65737000001
Свердловская область,1830,109.43908493150681,30703.3851044505,1825,Тавдинский городской округ,г. Тавда,65723000001
Свердловская область,1830,109.43908493150681,30703.3851044505,1825,городской округ Красноуральск,г. Красноуральск,65746000001
Свердловская область,1830,109.43908493150681,30703.3851044505,1825,Талицкий городской округ,г. Талица,65724000001
Свердловская область,1830,109.43908493150681,30703.3851044505,1825,Талицкий городской округ,г. Талица,65724000001
Свердловская область,1830,109.43908493150681,30703.3851044505,1825,Талицкий городской округ,г. Талица,65724000001
Свердловская область,1830,109.43908493150681,30703.3851044505,1825,городской округ Сухой Лог,г. Сухой Лог,65758000001
Свердловская область,1830,109.43908493150681,30703.3851044505,1825,Камышловский городской округ,г. Камышлов,65741000001
Свердловская область,1830,109.43908493150681,30703.3851044505,1825,Ирбитское муниципальное образование,г. Ирбит,65739000001
Свердловская область,1830,109.43908493150681,30703.3851044505,1825,Белоярский городской округ,с. Колюткино,65706000201
Свердловская область,1830,109.43908493150681,30703.3851044505,1825,город Каменск-Уральский,г. Каменск-Уральский,65740000001
Свердловская область,1830,109.43908493150681,30703.3851044505,1825,муниципальное образование «город Екатеринбург»,г. Екатеринбург,65701000001
Свердловская область,1830,109.43908493150681,30703.3851044505,1825,муниципальное образование «город Екатеринбург»,г. Екатеринбург,65701000001
Свердловская область,1830,109.43908493150681,30703.3851044505,1825,городской округ Заречный,г. Заречный,65737000001
Свердловская область,1830,109.43908493150681,30703.3851044505,1825,Шалинский городской округ,рп. Староуткинск,65766000051
Свердловская область,1830,109.43908493150681,30703.3851044505,1825,Нижнетуринский городской округ,г. Нижняя Тура,65715000001
Свердловская область,1830,109.43908493150681,30703.3851044505,1825,городской округ Верхотурский,г. Верхотурье,65709000001
Свердловская область,1830,109.43908493150681,30703.3851044505,1825,городской округ Верхний Тагил,г. Верхний Тагил,65733000001
Свердловская область,1830,109.43908493150681,30703.3851044505,1825,Тавдинский городской округ,г. Тавда,65723000001
Свердловская область,1830,109.43908493150681,30703.3851044505,1825,Тавдинский городской округ,г. Тавда,65723000001
Свердловская область,1830,109.43908493150681,30703.3851044505,1825,Тавдинский городской округ,г. Тавда,65723000001
Свердловская область,1830,109.43908493150681,30703.3851044505,1825,Полевской городской округ,г. Полевской,65754000001
Свердловская область,1830,109.43908493150681,30703.3851044505,1825,Полевской городской округ,г. Полевской,65754000001
Свердловская область,1830,109.43908493150681,30703.3851044505,1825,Берёзовский городской округ,г. Березовский,65731000001
Свердловская область,1830,109.43908493150681,30703.3851044505,1825,Берёзовский городской округ,г. Березовский,65731000001
Свердловская область,1830,109.43908493150681,30703.3851044505,1825,Берёзовский городской округ,г. Березовский,65731000001
Свердловская область,1830,109.43908493150681,30703.3851044505,1825,Невьянский городской округ,г. Невьянск,65714000001
Свердловская область,1830,109.43908493150681,30703.3851044505,1825,Невьянский городской округ,г. Невьянск,65714000001
Свердловская область,1830,109.43908493150681,30703.3851044505,1825,Режевской городской округ,с. Першино,65720000236
Свердловская область,1830,109.43908493150681,30703.3851044505,1825,Белоярский городской округ,с. Колюткино,65706000201
Свердловская область,1830,109.43908493150681,30703.3851044505,1825,город Каменск-Уральский,г. Каменск-Уральский,65740000001
Свердловская область,1830,109.43908493150681,30703.3851044505,1825,город Каменск-Уральский,г. Каменск-Уральский,65740000001
Свердловская область,1830,109.43908493150681,30703.3851044505,1825,муниципальное образование «город Екатеринбург»,г. Екатеринбург,65701000001
Свердловская область,1830,109.43908493150681,30703.3851044505,1825,муниципальное образование «город Екатеринбург»,г. Екатеринбург,65701000001
Свердловская область,1830,109.43908493150681,30703.3851044505,1825,муниципальное образование «город Екатеринбург»,г. Екатеринбург,65701000001
Свердловская область,1830,109.43908493150681,30703.3851044505,1825,городской округ Красноуральск,г. Красноуральск,65746000001
Свердловская область,1830,109.43908493150681,30703.3851044505,1825,городской округ Красноуральск,г. Красноуральск,65746000001
Свердловская область,1830,109.43908493150681,30703.3851044505,1825,Полевской городской округ,г. Полевской,65754000001
Свердловская область,1830,109.43908493150681,30703.3851044505,1825,Полевской городской округ,г. Полевской,65754000001
Свердловская область,1830,109.43908493150681,30703.3851044505,1825,Берёзовский городской округ,г. Березовский,65731000001
Свердловская область,1830,109.43908493150681,30703.3851044505,1825,Невьянский городской округ,г. Невьянск,65714000001
Свердловская область,1830,109.43908493150681,30703.3851044505,1825,Невьянский городской округ,г. Невьянск,65714000001
Свердловская область,1830,109.43908493150681,30703.3851044505,1825,Новолялинский городской округ,г. Новая Ляля,65716000001
Свердловская область,1830,109.43908493150681,30703.3851044505,1825,муниципальное образование «город Екатеринбург»,г. Екатеринбург,65701000001
Свердловская область,1830,109.43908493150681,30703.3851044505,1825,муниципальное образование «город Екатеринбург»,г. Екатеринбург,65701000001
Свердловская область,1830,109.43908493150681,30703.3851044505,1825,городской округ Красноуральск,г. Красноуральск,65746000001
Свердловская область,1830,109.43908493150681,30703.3851044505,1825,Тавдинский городской округ,г. Тавда,65723000001
Свердловская область,1830,109.43908493150681,30703.3851044505,1825,Тавдинский городской округ,г. Тавда,65723000001
Свердловская область,1830,109.43908493150681,30703.3851044505,1825,Берёзовский городской округ,г. Березовский,65731000001
Свердловская область,1830,109.43908493150681,30703.3851044505,1825,муниципальное образование «город Екатеринбург»,г. Екатеринбург,65701000001
Свердловская область,1830,109.43908493150681,30703.3851044505,1825,Невьянский городской округ,г. Невьянск,65714000001
Свердловская область,1830,109.43908493150681,30703.3851044505,1825,Новолялинский городской округ,г. Новая Ляля,65716000001
Свердловская область,1830,109.43908493150681,30703.3851044505,1825,муниципальное образование «город Екатеринбург»,г. Екатеринбург,65701000001
Свердловская область,1830,109.43908493150681,30703.3851044505,1825,Слободо-Туринский муниципальный район,с. Тимофеево,65639460161
Свердловская область,1830,109.43908493150681,30703.3851044505,1825,Берёзовский городской округ,г. Березовский,65731000001
Свердловская область,1830,109.43908493150681,30703.3851044505,1825,Берёзовский городской округ,г. Березовский,65731000001
Свердловская область,1830,109.43908493150681,30703.3851044505,1825,Берёзовский городской округ,г. Березовский,65731000001
Свердловская область,1830,109.43908493150681,30703.3851044505,1825,Слободо-Туринский муниципальный район,с. Краснослободское,65639470191
Свердловская область,1830,109.43908493150681,30703.3851044505,1825,Невьянский городской округ,г. Невьянск,65714000001
Свердловская область,1830,109.43908493150681,30703.3851044505,1825,Новолялинский городской округ,г. Новая Ляля,65716000001
Свердловская область,1830,109.43908493150681,30703.3851044505,1825,муниципальное образование «город Екатеринбург»,г. Екатеринбург,65701000001
Свердловская область,1830,109.43908493150681,30703.3851044505,1825,городской округ Красноуральск,г. Красноуральск,65746000001
Свердловская область,1830,109.43908493150681,30703.3851044505,1825,Слободо-Туринский муниципальный район,с. Тимофеево,65639460161
Свердловская область,1830,109.43908493150681,30703.3851044505,1825,Слободо-Туринский муниципальный район,с. Тимофеево,65639460161
Свердловская область,1830,109.43908493150681,30703.3851044505,1825,Серовский городской округ,п. Черноярский,65756000271
Свердловская область,1830,109.43908493150681,30703.3851044505,1825,городской округ Верхотурский,с. Прокопьевская Салда,65709000346
Свердловская область,1830,109.43908493150681,30703.3851044505,1825,Талицкий городской округ,г. Талица,65724000001
Свердловская область,1830,109.43908493150681,30703.3851044505,1825,муниципальное образование «город Екатеринбург»,г. Екатеринбург,65701000001
Свердловская область,1830,109.43908493150681,30703.3851044505,1825,Невьянский городской округ,г. Невьянск,65714000001
Свердловская область,1830,109.43908493150681,30703.3851044505,1825,Новолялинский городской округ,г. Новая Ляля,65716000001
Свердловская область,1830,109.43908493150681,30703.3851044505,1825,муниципальное образование «город Екатеринбург»,г. Екатеринбург,65701000001
Свердловская область,1830,109.43908493150681,30703.3851044505,1825,муниципальное образование «город Екатеринбург»,г. Екатеринбург,65701000001
Свердловская область,1830,109.43908493150681,30703.3851044505,1825,городской округ Красноуральск,г. Красноуральск,65746000001
Свердловская область,1830,109.43908493150681,30703.3851044505,1825,городской округ Первоуральск,г. Первоуральск,65753000001
Свердловская область,1830,109.43908493150681,30703.3851044505,1825,Ивдельский городской округ,г. Ивдель,65738000001
Свердловская область,1830,109.43908493150681,30703.3851044505,1825,Ивдельский городской округ,г. Ивдель,65738000001
Свердловская область,1830,109.43908493150681,30703.3851044505,1825,Ивдельский городской округ,г. Ивдель,65738000001
Свердловская область,1830,109.43908493150681,30703.3851044505,1825,городской округ Ревда,г. Ревда,65719000001
Свердловская область,1830,109.43908493150681,30703.3851044505,1825,муниципальное образование «город Екатеринбург»,г. Екатеринбург,65701000001
Свердловская область,1830,109.43908493150681,30703.3851044505,1825,Невьянский городской округ,г. Невьянск,65714000001
Свердловская область,1830,109.43908493150681,30703.3851044505,1825,Новолялинский городской округ,г. Новая Ляля,65716000001
Свердловская область,1830,109.43908493150681,30703.3851044505,1825,муниципальное образование «город Екатеринбург»,г. Екатеринбург,65701000001
Свердловская область,1830,109.43908493150681,30703.3851044505,1825,город Нижний Тагил,г. Нижний Тагил,65751000001
Свердловская область,1830,109.43908493150681,30703.3851044505,1825,Берёзовский городской округ,г. Березовский,65731000001
Свердловская область,1830,109.43908493150681,30703.3851044505,1825,Берёзовский городской округ,г. Березовский,65731000001
Свердловская область,1830,109.43908493150681,30703.3851044505,1825,Берёзовский городской округ,г. Березовский,65731000001
Свердловская область,1830,109.43908493150681,30703.3851044505,1825,городской округ Красноуральск,г. Красноуральск,65746000001
Свердловская область,1830,109.43908493150681,30703.3851044505,1825,городской округ Красноуральск,г. Красноуральск,65746000001
Свердловская область,1830,109.43908493150681,30703.3851044505,1825,городской округ Красноуральск,г. Красноуральск,65746000001
Свердловская область,1830,109.43908493150681,30703.3851044505,1825,Ивдельский городской округ,г. Ивдель,65738000001
Свердловская область,1830,109.43908493150681,30703.3851044505,1825,Туринский городской округ,г. Туринск,65726000001
Свердловская область,1830,109.43908493150681,30703.3851044505,1825,Ивдельский городской округ,г. Ивдель,65738000001
Свердловская область,1830,109.43908493150681,30703.3851044505,1825,Ивдельский городской округ,г. Ивдель,65738000001
Свердловская область,1830,109.43908493150681,30703.3851044505,1825,Полевской городской округ,г. Полевской,65754000001
Свердловская область,1830,109.43908493150681,30703.3851044505,1825,Берёзовский городской округ,г. Березовский,65731000001
Свердловская область,1830,109.43908493150681,30703.3851044505,1825,муниципальное образование «город Екатеринбург»,г. Екатеринбург,65701000001
Свердловская область,1830,109.43908493150681,30703.3851044505,1825,Ирбитское муниципальное образование,г. Ирбит,65739000001
Свердловская область,1830,109.43908493150681,30703.3851044505,1825,муниципальное образование «город Екатеринбург»,г. Екатеринбург,65701000001
Свердловская область,1830,109.43908493150681,30703.3851044505,1825,Берёзовский городской округ,г. Березовский,65731000001
Свердловская область,1830,109.43908493150681,30703.3851044505,1825,Ивдельский городской округ,г. Ивдель,65738000001
Свердловская область,1830,109.43908493150681,30703.3851044505,1825,Слободо-Туринский муниципальный район,с. Тимофеево,65639460161
Свердловская область,1830,109.43908493150681,30703.3851044505,1825,Туринский городской округ,г. Туринск,65726000001
Свердловская область,1830,109.43908493150681,30703.3851044505,1825,Ивдельский городской округ,г. Ивдель,65738000001
Свердловская область,1830,109.43908493150681,30703.3851044505,1825,Ивдельский городской округ,г. Ивдель,65738000001
Свердловская область,1830,109.43908493150681,30703.3851044505,1825,Ивдельский городской округ,г. Ивдель,65738000001
Свердловская область,1830,109.43908493150681,30703.3851044505,1825,Тавдинский городской округ,г. Тавда,65723000001
Свердловская область,1830,109.43908493150681,30703.3851044505,1825,городской округ Верхний Тагил,г. Верхний Тагил,65733000001
Свердловская область,1830,109.43908493150681,30703.3851044505,1825,муниципальное образование «город Екатеринбург»,г. Екатеринбург,65701000001
Свердловская область,1830,109.43908493150681,30703.3851044505,1825,Ивдельский городской округ,г. Ивдель,65738000001
Свердловская область,1830,109.43908493150681,30703.3851044505,1825,Берёзовский городской округ,г. Березовский,65731000001
Свердловская область,1830,109.43908493150681,30703.3851044505,1825,городской округ Красноуральск,г. Красноуральск,65746000001
Свердловская область,1830,109.43908493150681,30703.3851044505,1825,Невьянский городской округ,г. Невьянск,65714000001
Свердловская область,1830,109.43908493150681,30703.3851044505,1825,муниципальное образование «город Екатеринбург»,г. Екатеринбург,65701000001
Свердловская область,1830,109.43908493150681,30703.3851044505,1825,Талицкий городской округ,г. Талица,65724000001
Свердловская область,1830,109.43908493150681,30703.3851044505,1825,Берёзовский городской округ,г. Березовский,65731000001
Свердловская область,1830,109.43908493150681,30703.3851044505,1825,городской округ Первоуральск,г. Первоуральск,65753000001
Свердловская область,1830,109.43908493150681,30703.3851044505,1825,муниципальное образование «город Екатеринбург»,г. Екатеринбург,65701000001
Свердловская область,1830,109.43908493150681,30703.3851044505,1825,Арамильский городской округ,г. Арамиль,65729000001
Свердловская область,1830,109.43908493150681,30703.3851044505,1825,Берёзовский городской округ,г. Березовский,65731000001
Свердловская область,1830,109.43908493150681,30703.3851044505,1825,Горноуральский городской округ,п. Черноисточинск,65717000306
Свердловская область,1830,109.43908493150681,30703.3851044505,1825,городской округ Верхний Тагил,г. Верхний Тагил,65733000001
Свердловская область,1830,109.43908493150681,30703.3851044505,1825,Талицкий городской округ,г. Талица,65724000001
Свердловская область,1830,109.43908493150681,30703.3851044505,1825,Талицкий городской округ,г. Талица,65724000001
Свердловская область,1830,109.43908493150681,30703.3851044505,1825,город Каменск-Уральский,г. Каменск-Уральский,65740000001
Свердловская область,1830,109.43908493150681,30703.3851044505,1825,муниципальное образование «город Екатеринбург»,г. Екатеринбург,65701000001
Свердловская область,1830,109.43908493150681,30703.3851044505,1825,городской округ Верхний Тагил,г. Верхний Тагил,65733000001
Свердловская область,1830,109.43908493150681,30703.3851044505,1825,Берёзовский городской округ,г. Березовский,65731000001
Свердловская область,1830,109.43908493150681,30703.3851044505,1825,муниципальное образование «город Екатеринбург»,г. Екатеринбург,65701000001
Свердловская область,1830,109.43908493150681,30703.3851044505,1825,Берёзовский городской округ,г. Березовский,65731000001
Свердловская область,1830,109.43908493150681,30703.3851044505,1825,Талицкий городской округ,г. Талица,65724000001
Свердловская область,1830,109.43908493150681,30703.3851044505,1825,Талицкий городской округ,г. Талица,65724000001
Свердловская область,1830,109.43908493150681,30703.3851044505,1825,Ирбитское муниципальное образование,г. Ирбит,65739000001
Свердловская область,1830,109.43908493150681,30703.3851044505,1825,Ирбитское муниципальное образование,г. Ирбит,65739000001
Свердловская область,1830,109.43908493150681,30703.3851044505,1825,Невьянский городской округ,г. Невьянск,65714000001
Свердловская область,1830,109.43908493150681,30703.3851044505,1825,муниципальное образование «город Екатеринбург»,г. Екатеринбург,65701000001
Свердловская область,1830,109.43908493150681,30703.3851044505,1825,муниципальное образование «город Екатеринбург»,г. Екатеринбург,65701000001
Свердловская область,1830,109.43908493150681,30703.3851044505,1825,Арамильский городской округ,г. Арамиль,65729000001
Свердловская область,1830,109.43908493150681,30703.3851044505,1825,Ирбитское муниципальное образование,г. Ирбит,65739000001
Свердловская область,1830,109.43908493150681,30703.3851044505,1825,город Нижний Тагил,г. Нижний Тагил,65751000001
Свердловская область,1830,109.43908493150681,30703.3851044505,1825,город Нижний Тагил,г. Нижний Тагил,65751000001
Свердловская область,1830,109.43908493150681,30703.3851044505,1825,Берёзовский городской округ,г. Березовский,65731000001
Свердловская область,1830,109.43908493150681,30703.3851044505,1825,городской округ Заречный,г. Заречный,65737000001
Свердловская область,1830,109.43908493150681,30703.3851044505,1825,городской округ Заречный,г. Заречный,65737000001
Свердловская область,1830,109.43908493150681,30703.3851044505,1825,городской округ Краснотурьинск,г. Краснотурьинск,65745000001
Свердловская область,1830,109.43908493150681,30703.3851044505,1825,городской округ Краснотурьинск,г. Краснотурьинск,65745000001
Свердловская область,1830,109.43908493150681,30703.3851044505,1825,Тавдинский городской округ,г. Тавда,65723000001
Свердловская область,1830,109.43908493150681,30703.3851044505,1825,Полевской городской округ,г. Полевской,65754000001
Свердловская область,1830,109.43908493150681,30703.3851044505,1825,Полевской городской округ,г. Полевской,65754000001
Свердловская область,1830,109.43908493150681,30703.3851044505,1825,Полевской городской округ,г. Полевской,65754000001
Свердловская область,1830,109.43908493150681,30703.3851044505,1825,городской округ Верхотурский,с. Прокопьевская Салда,65709000346
Свердловская область,1830,109.43908493150681,30703.3851044505,1825,городской округ Сухой Лог,г. Сухой Лог,65758000001
Свердловская область,1830,109.43908493150681,30703.3851044505,1825,городской округ Сухой Лог,г. Сухой Лог,65758000001
Свердловская область,1830,109.43908493150681,30703.3851044505,1825,Камышловский городской округ,г. Камышлов,65741000001
Свердловская область,1830,109.43908493150681,30703.3851044505,1825,муниципальное образование «город Екатеринбург»,г. Екатеринбург,65701000001
Свердловская область,1830,109.43908493150681,30703.3851044505,1825,Ирбитское муниципальное образование,г. Ирбит,65739000001
Свердловская область,1830,109.43908493150681,30703.3851044505,1825,Невьянский городской округ,г. Невьянск,65714000001
Свердловская область,1830,109.43908493150681,30703.3851044505,1825,Невьянский городской округ,г. Невьянск,65714000001
Свердловская область,1830,109.43908493150681,30703.3851044505,1825,Невьянский городской округ,г. Невьянск,65714000001
Свердловская область,1830,109.43908493150681,30703.3851044505,1825,Новолялинский городской округ,г. Новая Ляля,65716000001
Свердловская область,1830,109.43908493150681,30703.3851044505,1825,Берёзовский городской округ,г. Березовский,65731000001
Свердловская область,1830,109.43908493150681,30703.3851044505,1825,городской округ Красноуральск,г. Красноуральск,65746000001
Свердловская область,1830,109.43908493150681,30703.3851044505,1825,городской округ Красноуфимск,г. Красноуфимск,65747000001
Свердловская область,1830,109.43908493150681,30703.3851044505,1825,Слободо-Туринский муниципальный район,с. Тимофеево,65639460161
Свердловская область,1830,109.43908493150681,30703.3851044505,1825,Нижнетуринский городской округ,г. Нижняя Тура,65715000001
Свердловская область,1830,109.43908493150681,30703.3851044505,1825,городской округ Верхний Тагил,г. Верхний Тагил,65733000001
Свердловская область,1830,109.43908493150681,30703.3851044505,1825,Тавдинский городской округ,г. Тавда,65723000001
Свердловская область,1830,109.43908493150681,30703.3851044505,1825,Тавдинский городской округ,г. Тавда,65723000001
Свердловская область,1830,109.43908493150681,30703.3851044505,1825,Тавдинский городской округ,г. Тавда,65723000001
Свердловская область,1830,109.43908493150681,30703.3851044505,1825,Тавдинский городской округ,г. Тавда,65723000001
Свердловская область,1830,109.43908493150681,30703.3851044505,1825,Полевской городской округ,г. Полевской,65754000001
Свердловская область,1830,109.43908493150681,30703.3851044505,1825,Полевской городской округ,г. Полевской,65754000001
Свердловская область,1830,109.43908493150681,30703.3851044505,1825,Полевской городской округ,г. Полевской,65754000001
Свердловская область,1830,109.43908493150681,30703.3851044505,1825,Берёзовский городской округ,г. Березовский,65731000001
Свердловская область,1830,109.43908493150681,30703.3851044505,1825,муниципальное образование «город Екатеринбург»,г. Екатеринбург,65701000001
Свердловская область,1830,109.43908493150681,30703.3851044505,1825,Невьянский городской округ,г. Невьянск,65714000001
Свердловская область,1830,109.43908493150681,30703.3851044505,1825,Новолялинский городской округ,г. Новая Ляля,65716000001
Свердловская область,1830,109.43908493150681,30703.3851044505,1825,Новолялинский городской округ,г. Новая Ляля,65716000001
Свердловская область,1830,109.43908493150681,30703.3851044505,1825,Новолялинский городской округ,г. Новая Ляля,65716000001
Свердловская область,1830,109.43908493150681,30703.3851044505,1825,муниципальное образование «город Екатеринбург»,г. Екатеринбург,65701000001
Свердловская область,1830,109.43908493150681,30703.3851044505,1825,Берёзовский городской округ,г. Березовский,65731000001
Свердловская область,1830,109.43908493150681,30703.3851044505,1825,городской округ Красноуральск,г. Красноуральск,65746000001
Свердловская область,1830,109.43908493150681,30703.3851044505,1825,Тавдинский городской округ,г. Тавда,65723000001
Свердловская область,1830,109.43908493150681,30703.3851044505,1825,Полевской городской округ,г. Полевской,65754000001
Свердловская область,1830,109.43908493150681,30703.3851044505,1825,Полевской городской округ,г. Полевской,65754000001
Свердловская область,1830,109.43908493150681,30703.3851044505,1825,Полевской городской округ,г. Полевской,65754000001
Свердловская область,1830,109.43908493150681,30703.3851044505,1825,Берёзовский городской округ,г. Березовский,65731000001
Свердловская область,1830,109.43908493150681,30703.3851044505,1825,муниципальное образование «город Екатеринбург»,г. Екатеринбург,65701000001
Свердловская область,1830,109.43908493150681,30703.3851044505,1825,Невьянский городской округ,г. Невьянск,65714000001
Свердловская область,1830,109.43908493150681,30703.3851044505,1825,Невьянский городской округ,г. Невьянск,65714000001
Свердловская область,1830,109.43908493150681,30703.3851044505,1825,Новолялинский городской округ,г. Новая Ляля,65716000001
Свердловская область,1830,109.43908493150681,30703.3851044505,1825,муниципальное образование «город Екатеринбург»,г. Екатеринбург,65701000001
Свердловская область,1830,109.43908493150681,30703.3851044505,1825,городской округ Красноуральск,г. Красноуральск,65746000001
Свердловская область,1830,109.43908493150681,30703.3851044505,1825,Слободо-Туринский муниципальный район,с. Тимофеево,65639460161
Свердловская область,1830,109.43908493150681,30703.3851044505,1825,Слободо-Туринский муниципальный район,с. Тимофеево,65639460161
Свердловская область,1830,109.43908493150681,30703.3851044505,1825,Туринский городской округ,г. Туринск,65726000001
Свердловская область,1830,109.43908493150681,30703.3851044505,1825,Туринский городской округ,г. Туринск,65726000001
Свердловская область,1830,109.43908493150681,30703.3851044505,1825,городской округ Верхний Тагил,г. Верхний Тагил,65733000001
Свердловская область,1830,109.43908493150681,30703.3851044505,1825,Тавдинский городской округ,г. Тавда,65723000001
Свердловская область,1830,109.43908493150681,30703.3851044505,1825,Тавдинский городской округ,г. Тавда,65723000001
Свердловская область,1830,109.43908493150681,30703.3851044505,1825,Полевской городской округ,г. Полевской,65754000001
Свердловская область,1830,109.43908493150681,30703.3851044505,1825,Полевской городской округ,г. Полевской,65754000001
Свердловская область,1830,109.43908493150681,30703.3851044505,1825,Полевской городской округ,г. Полевской,65754000001
Свердловская область,1830,109.43908493150681,30703.3851044505,1825,городской округ Верхотурский,с. Прокопьевская Салда,65709000346
Свердловская область,1830,109.43908493150681,30703.3851044505,1825,муниципальное образование «город Екатеринбург»,г. Екатеринбург,65701000001
Свердловская область,1830,109.43908493150681,30703.3851044505,1825,Невьянский городской округ,г. Невьянск,65714000001
Свердловская область,1830,109.43908493150681,30703.3851044505,1825,Невьянский городской округ,г. Невьянск,65714000001
Свердловская область,1830,109.43908493150681,30703.3851044505,1825,Новолялинский городской округ,г. Новая Ляля,65716000001
Свердловская область,1830,109.43908493150681,30703.3851044505,1825,муниципальное образование «город Екатеринбург»,г. Екатеринбург,65701000001
Свердловская область,1830,109.43908493150681,30703.3851044505,1825,Слободо-Туринский муниципальный район,с. Тимофеево,65639460161
Свердловская область,1830,109.43908493150681,30703.3851044505,1825,Слободо-Туринский муниципальный район,с. Тимофеево,65639460161
Свердловская область,1830,109.43908493150681,30703.3851044505,1825,городской округ Первоуральск,г. Первоуральск,65753000001
Свердловская область,1830,109.43908493150681,30703.3851044505,1825,городской округ Первоуральск,г. Первоуральск,65753000001
Свердловская область,1830,109.43908493150681,30703.3851044505,1825,Полевской городской округ,г. Полевской,65754000001
Свердловская область,1830,109.43908493150681,30703.3851044505,1825,Полевской городской округ,г. Полевской,65754000001
Свердловская область,1830,109.43908493150681,30703.3851044505,1825,Полевской городской округ,г. Полевской,65754000001
Свердловская область,1830,109.43908493150681,30703.3851044505,1825,городской округ Верхотурский,с. Прокопьевская Салда,65709000346
Свердловская область,1830,109.43908493150681,30703.3851044505,1825,городской округ Верхотурский,с. Прокопьевская Салда,65709000346
Свердловская область,1830,109.43908493150681,30703.3851044505,1825,городской округ Верхотурский,с. Прокопьевская Салда,65709000346
Свердловская область,1830,109.43908493150681,30703.3851044505,1825,Талицкий городской округ,г. Талица,65724000001
Свердловская область,1830,109.43908493150681,30703.3851044505,1825,городской округ Первоуральск,г. Первоуральск,65753000001
Свердловская область,1830,109.43908493150681,30703.3851044505,1825,городской округ Первоуральск,г. Первоуральск,65753000001
Свердловская область,1830,109.43908493150681,30703.3851044505,1825,муниципальное образование «город Екатеринбург»,г. Екатеринбург,65701000001
Свердловская область,1830,109.43908493150681,30703.3851044505,1825,Невьянский городской округ,г. Невьянск,65714000001
Свердловская область,1830,109.43908493150681,30703.3851044505,1825,муниципальное образование «город Екатеринбург»,г. Екатеринбург,65701000001
Свердловская область,1830,109.43908493150681,30703.3851044505,1825,муниципальное образование «город Екатеринбург»,г. Екатеринбург,65701000001
Свердловская область,1830,109.43908493150681,30703.3851044505,1825,Берёзовский городской округ,г. Березовский,65731000001
Свердловская область,1830,109.43908493150681,30703.3851044505,1825,Полевской городской округ,г. Полевской,65754000001
Свердловская область,1830,109.43908493150681,30703.3851044505,1825,Полевской городской округ,г. Полевской,65754000001
Свердловская область,1830,109.43908493150681,30703.3851044505,1825,городской округ Верхотурский,с. Прокопьевская Салда,65709000346
Свердловская область,1830,109.43908493150681,30703.3851044505,1825,городской округ Первоуральск,г. Первоуральск,65753000001
Свердловская область,1830,109.43908493150681,30703.3851044505,1825,муниципальное образование «город Екатеринбург»,г. Екатеринбург,65701000001
Свердловская область,1830,109.43908493150681,30703.3851044505,1825,Новолялинский городской округ,г. Новая Ляля,65716000001
Свердловская область,1830,109.43908493150681,30703.3851044505,1825,Новолялинский городской округ,г. Новая Ляля,65716000001
Свердловская область,1830,109.43908493150681,30703.3851044505,1825,городской округ Красноуральск,г. Красноуральск,65746000001
Свердловская область,1830,109.43908493150681,30703.3851044505,1825,городской округ Красноуральск,г. Красноуральск,65746000001
Свердловская область,1830,109.43908493150681,30703.3851044505,1825,Полевской городской округ,г. Полевской,65754000001
Свердловская область,1830,109.43908493150681,30703.3851044505,1825,муниципальное образование «город Екатеринбург»,г. Екатеринбург,65701000001
Свердловская область,1830,109.43908493150681,30703.3851044505,1825,городской округ Красноуральск,г. Красноуральск,65746000001
Свердловская область,1830,109.43908493150681,30703.3851044505,1825,Полевской городской округ,г. Полевской,65754000001
Свердловская область,1830,109.43908493150681,30703.3851044505,1825,Берёзовский городской округ,г. Березовский,65731000001
Свердловская область,1830,109.43908493150681,30703.3851044505,1825,Берёзовский городской округ,г. Березовский,65731000001
Свердловская область,1830,109.43908493150681,30703.3851044505,1825,муниципальное образование «город Екатеринбург»,г. Екатеринбург,65701000001
Свердловская область,1830,109.43908493150681,30703.3851044505,1825,Берёзовский городской округ,г. Березовский,65731000001
Свердловская область,1830,109.43908493150681,30703.3851044505,1825,Берёзовский городской округ,г. Березовский,65731000001
Свердловская область,1830,109.43908493150681,30703.3851044505,1825,городской округ Красноуральск,г. Красноуральск,65746000001
Свердловская область,1830,109.43908493150681,30703.3851044505,1825,городской округ Красноуральск,г. Красноуральск,65746000001
Свердловская область,1830,109.43908493150681,30703.3851044505,1825,Горноуральский городской округ,п. Черноисточинск,65717000306
Свердловская область,1830,109.43908493150681,30703.3851044505,1825,городской округ Краснотурьинск,г. Краснотурьинск,65745000001
Свердловская область,1830,109.43908493150681,30703.3851044505,1825,городской округ Краснотурьинск,г. Краснотурьинск,65745000001
Свердловская область,1830,109.43908493150681,30703.3851044505,1825,городской округ Краснотурьинск,г. Краснотурьинск,65745000001
Свердловская область,1830,109.43908493150681,30703.3851044505,1825,Серовский городской округ,п. Черноярский,65756000271
Свердловская область,1830,109.43908493150681,30703.3851044505,1825,городской округ Верхний Тагил,г. Верхний Тагил,65733000001
Свердловская область,1830,109.43908493150681,30703.3851044505,1825,Берёзовский городской округ,г. Березовский,65731000001
Свердловская область,1830,109.43908493150681,30703.3851044505,1825,городской округ Первоуральск,г. Первоуральск,65753000001
Свердловская область,1830,109.43908493150681,30703.3851044505,1825,Новолялинский городской округ,г. Новая Ляля,65716000001
Свердловская область,1830,109.43908493150681,30703.3851044505,1825,муниципальное образование «город Екатеринбург»,г. Екатеринбург,65701000001
Свердловская область,1830,109.43908493150681,30703.3851044505,1825,Берёзовский городской округ,г. Березовский,65731000001
Свердловская область,1830,109.43908493150681,30703.3851044505,1825,городской округ Красноуральск,г. Красноуральск,65746000001
Свердловская область,1830,109.43908493150681,30703.3851044505,1825,городской округ Красноуральск,г. Красноуральск,65746000001
Свердловская область,1830,109.43908493150681,30703.3851044505,1825,городской округ Красноуральск,г. Красноуральск,65746000001
Свердловская область,1830,109.43908493150681,30703.3851044505,1825,городской округ Красноуральск,г. Красноуральск,65746000001
Свердловская область,1830,109.43908493150681,30703.3851044505,1825,городской округ Верхний Тагил,г. Верхний Тагил,65733000001
Свердловская область,1830,109.43908493150681,30703.3851044505,1825,городской округ Верхотурский,с. Прокопьевская Салда,65709000346
Свердловская область,1830,109.43908493150681,30703.3851044505,1825,городской округ Верхотурский,с. Прокопьевская Салда,65709000346
Свердловская область,1830,109.43908493150681,30703.3851044505,1825,Берёзовский городской округ,г. Березовский,65731000001
Свердловская область,1830,109.43908493150681,30703.3851044505,1825,Берёзовский городской округ,г. Березовский,65731000001
Свердловская область,1830,109.43908493150681,30703.3851044505,1825,городской округ Красноуральск,г. Красноуральск,65746000001
Свердловская область,1830,109.43908493150681,30703.3851044505,1825,городской округ Красноуральск,г. Красноуральск,65746000001
Свердловская область,1830,109.43908493150681,30703.3851044505,1825,городской округ Верхний Тагил,г. Верхний Тагил,65733000001
Свердловская область,1830,109.43908493150681,30703.3851044505,1825,Берёзовский городской округ,г. Березовский,65731000001
Свердловская область,1830,109.43908493150681,30703.3851044505,1825,городской округ Красноуральск,г. Красноуральск,65746000001
Свердловская область,1830,109.43908493150681,30703.3851044505,1825,городской округ Красноуральск,г. Красноуральск,65746000001
Свердловская область,1830,109.43908493150681,30703.3851044505,1825,городской округ Первоуральск,г. Первоуральск,65753000001
Свердловская область,1830,109.43908493150681,30703.3851044505,1825,городской округ Верхотурский,г. Верхотурье,65709000001
Свердловская область,1830,109.43908493150681,30703.3851044505,1825,Талицкий городской округ,г. Талица,65724000001
Свердловская область,1830,109.43908493150681,30703.3851044505,1825,Талицкий городской округ,г. Талица,65724000001
Свердловская область,1830,109.43908493150681,30703.3851044505,1825,Ирбитское муниципальное образование,г. Ирбит,65739000001
Свердловская область,1830,109.43908493150681,30703.3851044505,1825,муниципальное образование «город Екатеринбург»,г. Екатеринбург,65701000001
Свердловская область,1830,109.43908493150681,30703.3851044505,1825,муниципальное образование «город Екатеринбург»,г. Екатеринбург,65701000001
Свердловская область,1830,109.43908493150681,30703.3851044505,1825,муниципальное образование «город Екатеринбург»,г. Екатеринбург,65701000001
Свердловская область,1830,109.43908493150681,30703.3851044505,1825,муниципальное образование «город Екатеринбург»,г. Екатеринбург,65701000001
Свердловская область,1830,109.43908493150681,30703.3851044505,1825,городской округ Красноуральск,г. Красноуральск,65746000001
Свердловская область,1830,109.43908493150681,30703.3851044505,1825,городской округ Красноуральск,г. Красноуральск,65746000001
Свердловская область,1830,109.43908493150681,30703.3851044505,1825,городской округ Красноуральск,г. Красноуральск,65746000001
Свердловская область,1830,109.43908493150681,30703.3851044505,1825,муниципальное образование «город Екатеринбург»,г. Екатеринбург,65701000001
Свердловская область,1830,109.43908493150681,30703.3851044505,1825,городской округ Краснотурьинск,г. Краснотурьинск,65745000001
Свердловская область,1830,109.43908493150681,30703.3851044505,1825,Полевской городской округ,г. Полевской,65754000001
Свердловская область,1830,109.43908493150681,30703.3851044505,1825,Полевской городской округ,г. Полевской,65754000001
Свердловская область,1830,109.43908493150681,30703.3851044505,1825,Полевской городской округ,г. Полевской,65754000001
Свердловская область,1830,109.43908493150681,30703.3851044505,1825,Полевской городской округ,г. Полевской,65754000001
Свердловская область,1830,109.43908493150681,30703.3851044505,1825,городской округ Верхотурский,с. Прокопьевская Салда,65709000346
Свердловская область,1830,109.43908493150681,30703.3851044505,1825,городской округ Верхотурский,с. Прокопьевская Салда,65709000346
Свердловская область,1830,109.43908493150681,30703.3851044505,1825,муниципальное образование «город Екатеринбург»,г. Екатеринбург,65701000001
Свердловская область,1830,109.43908493150681,30703.3851044505,1825,муниципальное образование «город Екатеринбург»,г. Екатеринбург,65701000001
Свердловская область,1830,109.43908493150681,30703.3851044505,1825,Невьянский городской округ,г. Невьянск,65714000001
Свердловская область,1830,109.43908493150681,30703.3851044505,1825,Муниципальное образование город Алапаевск,г. Алапаевск,65728000001
Свердловская область,1830,109.43908493150681,30703.3851044505,1825,Белоярский городской округ,с. Колюткино,65706000201
Свердловская область,1830,109.43908493150681,30703.3851044505,1825,город Каменск-Уральский,г. Каменск-Уральский,65740000001
Свердловская область,1830,109.43908493150681,30703.3851044505,1825,город Каменск-Уральский,г. Каменск-Уральский,65740000001
Свердловская область,1830,109.43908493150681,30703.3851044505,1825,город Каменск-Уральский,г. Каменск-Уральский,65740000001
Свердловская область,1830,109.43908493150681,30703.3851044505,1825,муниципальное образование «город Екатеринбург»,г. Екатеринбург,65701000001
Свердловская область,1830,109.43908493150681,30703.3851044505,1825,муниципальное образование «город Екатеринбург»,г. Екатеринбург,65701000001
Свердловская область,1830,109.43908493150681,30703.3851044505,1825,муниципальное образование «город Екатеринбург»,г. Екатеринбург,65701000001
Свердловская область,1830,109.43908493150681,30703.3851044505,1825,муниципальное образование «город Екатеринбург»,г. Екатеринбург,65701000001
Свердловская область,1830,109.43908493150681,30703.3851044505,1825,Берёзовский городской округ,г. Березовский,65731000001
Свердловская область,1830,109.43908493150681,30703.3851044505,1825,городской округ Красноуральск,г. Красноуральск,65746000001
Свердловская область,1830,109.43908493150681,30703.3851044505,1825,городской округ Красноуральск,г. Красноуральск,65746000001
Свердловская область,1830,109.43908493150681,30703.3851044505,1825,городской округ Красноуральск,г. Красноуральск,65746000001
Свердловская область,1830,109.43908493150681,30703.3851044505,1825,городской округ Красноуральск,г. Красноуральск,65746000001
Свердловская область,1830,109.43908493150681,30703.3851044505,1825,городской округ Красноуфимск,г. Красноуфимск,65747000001
Свердловская область,1830,109.43908493150681,30703.3851044505,1825,Слободо-Туринский муниципальный район,с. Тимофеево,65639460161
Свердловская область,1830,109.43908493150681,30703.3851044505,1825,городской округ Верхний Тагил,г. Верхний Тагил,65733000001
Свердловская область,1830,109.43908493150681,30703.3851044505,1825,городской округ Верхний Тагил,г. Верхний Тагил,65733000001
Свердловская область,1830,109.43908493150681,30703.3851044505,1825,городской округ Верхний Тагил,г. Верхний Тагил,65733000001
Свердловская область,1830,109.43908493150681,30703.3851044505,1825,Тавдинский городской округ,г. Тавда,65723000001
Свердловская область,1830,109.43908493150681,30703.3851044505,1825,Тавдинский городской округ,г. Тавда,65723000001
Свердловская область,1830,109.43908493150681,30703.3851044505,1825,Полевской городской округ,г. Полевской,65754000001
Свердловская область,1830,109.43908493150681,30703.3851044505,1825,городской округ Верхотурский,с. Прокопьевская Салда,65709000346
Свердловская область,1830,109.43908493150681,30703.3851044505,1825,городской округ Верхотурский,с. Прокопьевская Салда,65709000346
Свердловская область,1830,109.43908493150681,30703.3851044505,1825,городской округ Верхотурский,с. Прокопьевская Салда,65709000346
Свердловская область,1830,109.43908493150681,30703.3851044505,1825,городской округ Верхотурский,с. Прокопьевская Салда,65709000346
Свердловская область,1830,109.43908493150681,30703.3851044505,1825,муниципальное образование «город Екатеринбург»,г. Екатеринбург,65701000001
Свердловская область,1830,109.43908493150681,30703.3851044505,1825,Невьянский городской округ,г. Невьянск,65714000001
Свердловская область,1830,109.43908493150681,30703.3851044505,1825,Невьянский городской округ,г. Невьянск,65714000001
Свердловская область,1830,109.43908493150681,30703.3851044505,1825,городской округ Богданович,г. Богданович,65707000001
Свердловская область,1830,109.43908493150681,30703.3851044505,1825,муниципальное образование «город Екатеринбург»,г. Екатеринбург,65701000001
Свердловская область,1830,109.43908493150681,30703.3851044505,1825,муниципальное образование «город Екатеринбург»,г. Екатеринбург,65701000001
Свердловская область,1830,109.43908493150681,30703.3851044505,1825,городской округ Красноуральск,г. Красноуральск,65746000001
Свердловская область,1830,109.43908493150681,30703.3851044505,1825,городской округ Красноуральск,г. Красноуральск,65746000001
Свердловская область,1830,109.43908493150681,30703.3851044505,1825,городской округ Красноуральск,г. Красноуральск,65746000001
Свердловская область,1830,109.43908493150681,30703.3851044505,1825,городской округ Красноуральск,г. Красноуральск,65746000001
Свердловская область,1830,109.43908493150681,30703.3851044505,1825,городской округ Красноуфимск,г. Красноуфимск,65747000001
Свердловская область,1830,109.43908493150681,30703.3851044505,1825,Слободо-Туринский муниципальный район,с. Тимофеево,65639460161
Свердловская область,1830,109.43908493150681,30703.3851044505,1825,городской округ Верхний Тагил,г. Верхний Тагил,65733000001
Свердловская область,1830,109.43908493150681,30703.3851044505,1825,Тавдинский городской округ,г. Тавда,65723000001
Свердловская область,1830,109.43908493150681,30703.3851044505,1825,Тавдинский городской округ,г. Тавда,65723000001
Свердловская область,1830,109.43908493150681,30703.3851044505,1825,Нижнесергинский муниципальный район,г. Михайловск,65628104001
Свердловская область,1830,109.43908493150681,30703.3851044505,1825,Полевской городской округ,г. Полевской,65754000001
Свердловская область,1830,109.43908493150681,30703.3851044505,1825,Полевской городской округ,г. Полевской,65754000001
Свердловская область,1830,109.43908493150681,30703.3851044505,1825,Полевской городской округ,г. Полевской,65754000001
Свердловская область,1830,109.43908493150681,30703.3851044505,1825,городской округ Верхотурский,с. Прокопьевская Салда,65709000346
Свердловская область,1830,109.43908493150681,30703.3851044505,1825,городской округ Верхотурский,с. Прокопьевская Салда,65709000346
Свердловская область,1830,109.43908493150681,30703.3851044505,1825,городской округ Верхотурский,с. Прокопьевская Салда,65709000346
Свердловская область,1830,109.43908493150681,30703.3851044505,1825,Пышминский городской округ,рп. Пышма,65718000051
Свердловская область,1830,109.43908493150681,30703.3851044505,1825,Берёзовский городской округ,г. Березовский,65731000001
Свердловская область,1830,109.43908493150681,30703.3851044505,1825,Берёзовский городской округ,г. Березовский,65731000001
Свердловская область,1830,109.43908493150681,30703.3851044505,1825,Берёзовский городской округ,г. Березовский,65731000001
Свердловская область,1830,109.43908493150681,30703.3851044505,1825,муниципальное образование «город Екатеринбург»,г. Екатеринбург,65701000001
Свердловская область,1830,109.43908493150681,30703.3851044505,1825,Невьянский городской округ,г. Невьянск,65714000001
Свердловская область,1830,109.43908493150681,30703.3851044505,1825,муниципальное образование «город Екатеринбург»,г. Екатеринбург,65701000001
Свердловская область,1830,109.43908493150681,30703.3851044505,1825,Ирбитское муниципальное образование,г. Ирбит,65739000001
Свердловская область,1830,109.43908493150681,30703.3851044505,1825,городской округ Красноуральск,г. Красноуральск,65746000001
Свердловская область,1830,109.43908493150681,30703.3851044505,1825,городской округ Красноуральск,г. Красноуральск,65746000001
Свердловская область,1830,109.43908493150681,30703.3851044505,1825,городской округ Красноуральск,г. Красноуральск,65746000001
Свердловская область,1830,109.43908493150681,30703.3851044505,1825,городской округ Красноуральск,г. Красноуральск,65746000001
Свердловская область,1830,109.43908493150681,30703.3851044505,1825,городской округ Красноуральск,г. Красноуральск,65746000001
Свердловская область,1830,109.43908493150681,30703.3851044505,1825,городской округ Красноуральск,г. Красноуральск,65746000001
Свердловская область,1830,109.43908493150681,30703.3851044505,1825,городской округ Красноуральск,г. Красноуральск,65746000001
Свердловская область,1830,109.43908493150681,30703.3851044505,1825,городской округ Красноуральск,г. Красноуральск,65746000001
Свердловская область,1830,109.43908493150681,30703.3851044505,1825,Слободо-Туринский муниципальный район,с. Тимофеево,65639460161
Свердловская область,1830,109.43908493150681,30703.3851044505,1825,городской округ Верхний Тагил,г. Верхний Тагил,65733000001
Свердловская область,1830,109.43908493150681,30703.3851044505,1825,Полевской городской округ,г. Полевской,65754000001
Свердловская область,1830,109.43908493150681,30703.3851044505,1825,Полевской городской округ,г. Полевской,65754000001
Свердловская область,1830,109.43908493150681,30703.3851044505,1825,Полевской городской округ,г. Полевской,65754000001
Свердловская область,1830,109.43908493150681,30703.3851044505,1825,муниципальное образование «город Екатеринбург»,г. Екатеринбург,65701000001
Свердловская область,1830,109.43908493150681,30703.3851044505,1825,Невьянский городской округ,г. Невьянск,65714000001
Свердловская область,1830,109.43908493150681,30703.3851044505,1825,Невьянский городской округ,г. Невьянск,65714000001
Свердловская область,1830,109.43908493150681,30703.3851044505,1825,Новолялинский городской округ,г. Новая Ляля,65716000001
Свердловская область,1830,109.43908493150681,30703.3851044505,1825,городской округ Богданович,г. Богданович,65707000001
Свердловская область,1830,109.43908493150681,30703.3851044505,1825,муниципальное образование «город Екатеринбург»,г. Екатеринбург,65701000001
Свердловская область,1830,109.43908493150681,30703.3851044505,1825,муниципальное образование «город Екатеринбург»,г. Екатеринбург,65701000001
Свердловская область,1830,109.43908493150681,30703.3851044505,1825,Полевской городской округ,г. Полевской,65754000001
Свердловская область,1830,109.43908493150681,30703.3851044505,1825,Полевской городской округ,г. Полевской,65754000001
Свердловская область,1830,109.43908493150681,30703.3851044505,1825,Полевской городской округ,г. Полевской,65754000001
Свердловская область,1830,109.43908493150681,30703.3851044505,1825,городской округ Верхотурский,с. Прокопьевская Салда,65709000346
Свердловская область,1830,109.43908493150681,30703.3851044505,1825,муниципальное образование «город Екатеринбург»,г. Екатеринбург,65701000001
Свердловская область,1830,109.43908493150681,30703.3851044505,1825,муниципальное образование «город Екатеринбург»,г. Екатеринбург,65701000001
Свердловская область,1830,109.43908493150681,30703.3851044505,1825,Невьянский городской округ,г. Невьянск,65714000001
Свердловская область,1830,109.43908493150681,30703.3851044505,1825,муниципальное образование «город Екатеринбург»,г. Екатеринбург,65701000001
Свердловская область,1830,109.43908493150681,30703.3851044505,1825,Берёзовский городской округ,г. Березовский,65731000001
Свердловская область,1830,109.43908493150681,30703.3851044505,1825,городской округ Красноуральск,г. Красноуральск,65746000001
Свердловская область,1830,109.43908493150681,30703.3851044505,1825,городской округ Красноуральск,г. Красноуральск,65746000001
Свердловская область,1830,109.43908493150681,30703.3851044505,1825,городской округ Красноуральск,г. Красноуральск,65746000001
Свердловская область,1830,109.43908493150681,30703.3851044505,1825,городской округ Красноуральск,г. Красноуральск,65746000001
Свердловская область,1830,109.43908493150681,30703.3851044505,1825,городской округ Верхний Тагил,г. Верхний Тагил,65733000001
Свердловская область,1830,109.43908493150681,30703.3851044505,1825,Полевской городской округ,г. Полевской,65754000001
Свердловская область,1830,109.43908493150681,30703.3851044505,1825,Полевской городской округ,г. Полевской,65754000001
Свердловская область,1830,109.43908493150681,30703.3851044505,1825,Полевской городской округ,г. Полевской,65754000001
Свердловская область,1830,109.43908493150681,30703.3851044505,1825,муниципальное образование «город Екатеринбург»,г. Екатеринбург,65701000001
Свердловская область,1830,109.43908493150681,30703.3851044505,1825,муниципальное образование «город Екатеринбург»,г. Екатеринбург,65701000001
Свердловская область,1830,109.43908493150681,30703.3851044505,1825,Берёзовский городской округ,г. Березовский,65731000001
Свердловская область,1830,109.43908493150681,30703.3851044505,1825,городской округ Первоуральск,г. Первоуральск,65753000001
Свердловская область,1830,109.43908493150681,30703.3851044505,1825,городской округ Первоуральск,г. Первоуральск,65753000001
Свердловская область,1830,109.43908493150681,30703.3851044505,1825,городской округ Первоуральск,г. Первоуральск,65753000001
Свердловская область,1830,109.43908493150681,30703.3851044505,1825,Слободо-Туринский муниципальный район,с. Тимофеево,65639460161
Свердловская область,1830,109.43908493150681,30703.3851044505,1825,Полевской городской округ,г. Полевской,65754000001
Свердловская область,1830,109.43908493150681,30703.3851044505,1825,Берёзовский городской округ,г. Березовский,65731000001
Свердловская область,1830,109.43908493150681,30703.3851044505,1825,городской округ Красноуральск,г. Красноуральск,65746000001
Свердловская область,1830,109.43908493150681,30703.3851044505,1825,городской округ Красноуральск,г. Красноуральск,65746000001
Свердловская область,1830,109.43908493150681,30703.3851044505,1825,Полевской городской округ,г. Полевской,65754000001
Свердловская область,1830,109.43908493150681,30703.3851044505,1825,Полевской городской округ,г. Полевской,65754000001
Свердловская область,1830,109.43908493150681,30703.3851044505,1825,Сысертский городской округ,п. Двуреченск,65722000181
Свердловская область,1830,109.43908493150681,30703.3851044505,1825,Сысертский городской округ,п. Двуреченск,65722000181
Свердловская область,1830,109.43908493150681,30703.3851044505,1825,город Каменск-Уральский,г. Каменск-Уральский,65740000001
Свердловская область,1830,109.43908493150681,30703.3851044505,1825,город Каменск-Уральский,г. Каменск-Уральский,65740000001
Свердловская область,1830,109.43908493150681,30703.3851044505,1825,Берёзовский городской округ,г. Березовский,65731000001
Свердловская область,1830,109.43908493150681,30703.3851044505,1825,городской округ Первоуральск,с. Новоалексеевское,65753000241
Свердловская область,1830,109.43908493150681,30703.3851044505,1825,городской округ Первоуральск,с. Новоалексеевское,65753000241
Свердловская область,1830,109.43908493150681,30703.3851044505,1825,Шалинский городской округ,рп. Староуткинск,65766000051
Свердловская область,1830,109.43908493150681,30703.3851044505,1825,Туринский городской округ,г. Туринск,65726000001
Свердловская область,1830,109.43908493150681,30703.3851044505,1825,Полевской городской округ,г. Полевской,65754000001
Свердловская область,1830,109.43908493150681,30703.3851044505,1825,Полевской городской округ,г. Полевской,65754000001
Свердловская область,1830,109.43908493150681,30703.3851044505,1825,Полевской городской округ,г. Полевской,65754000001
Свердловская область,1830,109.43908493150681,30703.3851044505,1825,Пышминский городской округ,рп. Пышма,65718000051
Свердловская область,1830,109.43908493150681,30703.3851044505,1825,Талицкий городской округ,г. Талица,65724000001
Свердловская область,1830,109.43908493150681,30703.3851044505,1825,Берёзовский городской округ,г. Березовский,65731000001
Свердловская область,1830,109.43908493150681,30703.3851044505,1825,Слободо-Туринский муниципальный район,с. Краснослободское,65639470191
Свердловская область,1830,109.43908493150681,30703.3851044505,1825,город Каменск-Уральский,г. Каменск-Уральский,65740000001
Свердловская область,1830,109.43908493150681,30703.3851044505,1825,Берёзовский городской округ,г. Березовский,65731000001
Свердловская область,1830,109.43908493150681,30703.3851044505,1825,городской округ Красноуральск,г. Красноуральск,65746000001
Свердловская область,1830,109.43908493150681,30703.3851044505,1825,городской округ Красноуральск,г. Красноуральск,65746000001
Свердловская область,1830,109.43908493150681,30703.3851044505,1825,городской округ Красноуральск,г. Красноуральск,65746000001
Свердловская область,1830,109.43908493150681,30703.3851044505,1825,Туринский городской округ,г. Туринск,65726000001
Свердловская область,1830,109.43908493150681,30703.3851044505,1825,Полевской городской округ,г. Полевской,65754000001
Свердловская область,1830,109.43908493150681,30703.3851044505,1825,Полевской городской округ,г. Полевской,65754000001
Свердловская область,1830,109.43908493150681,30703.3851044505,1825,Полевской городской округ,г. Полевской,65754000001
Свердловская область,1830,109.43908493150681,30703.3851044505,1825,Талицкий городской округ,г. Талица,65724000001
Свердловская область,1830,109.43908493150681,30703.3851044505,1825,Берёзовский городской округ,г. Березовский,65731000001
Свердловская область,1830,109.43908493150681,30703.3851044505,1825,Берёзовский городской округ,г. Березовский,65731000001
Свердловская область,1830,109.43908493150681,30703.3851044505,1825,Берёзовский городской округ,г. Березовский,65731000001
Свердловская область,1830,109.43908493150681,30703.3851044505,1825,Ирбитское муниципальное образование,г. Ирбит,65739000001
Свердловская область,1830,109.43908493150681,30703.3851044505,1825,Невьянский городской округ,г. Невьянск,65714000001
Свердловская область,1830,109.43908493150681,30703.3851044505,1825,городской округ Богданович,г. Богданович,65707000001
Свердловская область,1830,109.43908493150681,30703.3851044505,1825,город Каменск-Уральский,г. Каменск-Уральский,65740000001
Свердловская область,1830,109.43908493150681,30703.3851044505,1825,Берёзовский городской округ,г. Березовский,65731000001
Свердловская область,1830,109.43908493150681,30703.3851044505,1825,городской округ Красноуральск,г. Красноуральск,65746000001
Свердловская область,1830,109.43908493150681,30703.3851044505,1825,городской округ Красноуральск,г. Красноуральск,65746000001
Свердловская область,1830,109.43908493150681,30703.3851044505,1825,городской округ Красноуральск,г. Красноуральск,65746000001
Свердловская область,1830,109.43908493150681,30703.3851044505,1825,городской округ Красноуральск,г. Красноуральск,65746000001
Свердловская область,1830,109.43908493150681,30703.3851044505,1825,городской округ Верхотурский,с. Прокопьевская Салда,65709000346
Свердловская область,1830,109.43908493150681,30703.3851044505,1825,Невьянский городской округ,г. Невьянск,65714000001
Свердловская область,1830,109.43908493150681,30703.3851044505,1825,Сысертский городской округ,п. Двуреченск,65722000181
Свердловская область,1830,109.43908493150681,30703.3851044505,1825,Сысертский городской округ,п. Двуреченск,65722000181
Свердловская область,1830,109.43908493150681,30703.3851044505,1825,город Каменск-Уральский,г. Каменск-Уральский,65740000001
Свердловская область,1830,109.43908493150681,30703.3851044505,1825,город Каменск-Уральский,г. Каменск-Уральский,65740000001
Свердловская область,1830,109.43908493150681,30703.3851044505,1825,муниципальное образование «город Екатеринбург»,г. Екатеринбург,65701000001
Свердловская область,1830,109.43908493150681,30703.3851044505,1825,Сысертский городской округ,с. Щелкун,65722000286
Свердловская область,1830,109.43908493150681,30703.3851044505,1825,городской округ Красноуральск,г. Красноуральск,65746000001
Свердловская область,1830,109.43908493150681,30703.3851044505,1825,городской округ Красноуральск,г. Красноуральск,65746000001
Свердловская область,1830,109.43908493150681,30703.3851044505,1825,городской округ Красноуральск,г. Красноуральск,65746000001
Свердловская область,1830,109.43908493150681,30703.3851044505,1825,городской округ Красноуральск,г. Красноуральск,65746000001
Свердловская область,1830,109.43908493150681,30703.3851044505,1825,Полевской городской округ,г. Полевской,65754000001
Свердловская область,1830,109.43908493150681,30703.3851044505,1825,Полевской городской округ,г. Полевской,65754000001
Свердловская область,1830,109.43908493150681,30703.3851044505,1825,Полевской городской округ,г. Полевской,65754000001
Свердловская область,1830,109.43908493150681,30703.3851044505,1825,Талицкий городской округ,г. Талица,65724000001
Свердловская область,1830,109.43908493150681,30703.3851044505,1825,Талицкий городской округ,г. Талица,65724000001
Свердловская область,1830,109.43908493150681,30703.3851044505,1825,Сысертский городской округ,п. Двуреченск,65722000181
Свердловская область,1830,109.43908493150681,30703.3851044505,1825,Сысертский городской округ,п. Двуреченск,65722000181
Свердловская область,1830,109.43908493150681,30703.3851044505,1825,Белоярский городской округ,с. Колюткино,65706000201
Свердловская область,1830,109.43908493150681,30703.3851044505,1825,город Каменск-Уральский,г. Каменск-Уральский,65740000001
Свердловская область,1830,109.43908493150681,30703.3851044505,1825,город Каменск-Уральский,г. Каменск-Уральский,65740000001
Свердловская область,1830,109.43908493150681,30703.3851044505,1825,муниципальное образование «город Екатеринбург»,г. Екатеринбург,65701000001
Свердловская область,1830,109.43908493150681,30703.3851044505,1825,Берёзовский городской округ,г. Березовский,65731000001
Свердловская область,1830,109.43908493150681,30703.3851044505,1825,городской округ Красноуральск,г. Красноуральск,65746000001
Свердловская область,1830,109.43908493150681,30703.3851044505,1825,Нижнесергинский муниципальный район,г. Михайловск,65628104001
Свердловская область,1830,109.43908493150681,30703.3851044505,1825,городской округ Красноуфимск,г. Красноуфимск,65747000001
Свердловская область,1830,109.43908493150681,30703.3851044505,1825,городской округ Красноуфимск,г. Красноуфимск,65747000001
Свердловская область,1830,109.43908493150681,30703.3851044505,1825,городской округ Краснотурьинск,г. Краснотурьинск,65745000001
Свердловская область,1830,109.43908493150681,30703.3851044505,1825,городской округ Краснотурьинск,г. Краснотурьинск,65745000001
Свердловская область,1830,109.43908493150681,30703.3851044505,1825,Слободо-Туринский муниципальный район,с. Тимофеево,65639460161
Свердловская область,1830,109.43908493150681,30703.3851044505,1825,Слободо-Туринский муниципальный район,с. Тимофеево,65639460161
Свердловская область,1830,109.43908493150681,30703.3851044505,1825,Туринский городской округ,г. Туринск,65726000001
Свердловская область,1830,109.43908493150681,30703.3851044505,1825,городской округ Верхний Тагил,г. Верхний Тагил,65733000001
Свердловская область,1830,109.43908493150681,30703.3851044505,1825,Тавдинский городской округ,г. Тавда,65723000001
Свердловская область,1830,109.43908493150681,30703.3851044505,1825,Тавдинский городской округ,г. Тавда,65723000001
Свердловская область,1830,109.43908493150681,30703.3851044505,1825,Полевской городской округ,г. Полевской,65754000001
Свердловская область,1830,109.43908493150681,30703.3851044505,1825,Полевской городской округ,г. Полевской,65754000001
Свердловская область,1830,109.43908493150681,30703.3851044505,1825,Полевской городской округ,г. Полевской,65754000001
Свердловская область,1830,109.43908493150681,30703.3851044505,1825,городской округ Верхотурский,с. Прокопьевская Салда,65709000346
Свердловская область,1830,109.43908493150681,30703.3851044505,1825,Белоярский район,р-н. Белоярский,71811151001
Свердловская область,1830,109.43908493150681,30703.3851044505,1825,Талицкий городской округ,г. Талица,65724000001
Свердловская область,1830,109.43908493150681,30703.3851044505,1825,Берёзовский городской округ,г. Березовский,65731000001
Свердловская область,1830,109.43908493150681,30703.3851044505,1825,муниципальное образование «город Екатеринбург»,г. Екатеринбург,65701000001
Свердловская область,1830,109.43908493150681,30703.3851044505,1825,Невьянский городской округ,г. Невьянск,65714000001
Свердловская область,1830,109.43908493150681,30703.3851044505,1825,Невьянский городской округ,г. Невьянск,65714000001
Свердловская область,1830,109.43908493150681,30703.3851044505,1825,Сысертский городской округ,п. Двуреченск,65722000181
Свердловская область,1830,109.43908493150681,30703.3851044505,1825,Сысертский городской округ,п. Двуреченск,65722000181
Свердловская область,1830,109.43908493150681,30703.3851044505,1825,город Каменск-Уральский,г. Каменск-Уральский,65740000001
Свердловская область,1830,109.43908493150681,30703.3851044505,1825,муниципальное образование «город Екатеринбург»,г. Екатеринбург,65701000001
Свердловская область,1830,109.43908493150681,30703.3851044505,1825,Ирбитское муниципальное образование,г. Ирбит,65739000001
Свердловская область,1830,109.43908493150681,30703.3851044505,1825,Берёзовский городской округ,г. Березовский,65731000001
Свердловская область,1830,109.43908493150681,30703.3851044505,1825,городской округ Красноуральск,г. Красноуральск,65746000001
Свердловская область,1830,109.43908493150681,30703.3851044505,1825,городской округ Красноуральск,г. Красноуральск,65746000001
Свердловская область,1830,109.43908493150681,30703.3851044505,1825,городской округ Красноуральск,г. Красноуральск,65746000001
Свердловская область,1830,109.43908493150681,30703.3851044505,1825,городской округ Красноуральск,г. Красноуральск,65746000001
Свердловская область,1830,109.43908493150681,30703.3851044505,1825,городской округ Красноуральск,г. Красноуральск,65746000001
Свердловская область,1830,109.43908493150681,30703.3851044505,1825,городской округ Красноуральск,г. Красноуральск,65746000001
Свердловская область,1830,109.43908493150681,30703.3851044505,1825,городской округ Первоуральск,г. Первоуральск,65753000001
Свердловская область,1830,109.43908493150681,30703.3851044505,1825,Слободо-Туринский муниципальный район,с. Тимофеево,65639460161
Свердловская область,1830,109.43908493150681,30703.3851044505,1825,Слободо-Туринский муниципальный район,с. Тимофеево,65639460161
Свердловская область,1830,109.43908493150681,30703.3851044505,1825,городской округ Верхний Тагил,г. Верхний Тагил,65733000001
Свердловская область,1830,109.43908493150681,30703.3851044505,1825,городской округ Верхний Тагил,г. Верхний Тагил,65733000001
Свердловская область,1830,109.43908493150681,30703.3851044505,1825,городской округ Верхний Тагил,г. Верхний Тагил,65733000001
Свердловская область,1830,109.43908493150681,30703.3851044505,1825,Тавдинский городской округ,г. Тавда,65723000001
Свердловская область,1830,109.43908493150681,30703.3851044505,1825,Тавдинский городской округ,г. Тавда,65723000001
Свердловская область,1830,109.43908493150681,30703.3851044505,1825,Тавдинский городской округ,г. Тавда,65723000001
Свердловская область,1830,109.43908493150681,30703.3851044505,1825,Тавдинский городской округ,г. Тавда,65723000001
Свердловская область,1830,109.43908493150681,30703.3851044505,1825,городской округ Верхотурский,с. Прокопьевская Салда,65709000346
Свердловская область,1830,109.43908493150681,30703.3851044505,1825,городской округ Верхотурский,с. Прокопьевская Салда,65709000346
Свердловская область,1830,109.43908493150681,30703.3851044505,1825,Берёзовский городской округ,г. Березовский,65731000001
Свердловская область,1830,109.43908493150681,30703.3851044505,1825,городской округ Первоуральск,г. Первоуральск,65753000001
Свердловская область,1830,109.43908493150681,30703.3851044505,1825,городской округ Первоуральск,г. Первоуральск,65753000001
Свердловская область,1830,109.43908493150681,30703.3851044505,1825,городской округ Первоуральск,г. Первоуральск,65753000001
Свердловская область,1830,109.43908493150681,30703.3851044505,1825,муниципальное образование «город Екатеринбург»,г. Екатеринбург,65701000001
Свердловская область,1830,109.43908493150681,30703.3851044505,1825,Невьянский городской округ,г. Невьянск,65714000001
Свердловская область,1830,109.43908493150681,30703.3851044505,1825,Берёзовский городской округ,г. Березовский,65731000001
Свердловская область,1830,109.43908493150681,30703.3851044505,1825,городской округ Красноуральск,г. Красноуральск,65746000001
Свердловская область,1830,109.43908493150681,30703.3851044505,1825,городской округ Красноуральск,г. Красноуральск,65746000001
Свердловская область,1830,109.43908493150681,30703.3851044505,1825,городской округ Красноуральск,г. Красноуральск,65746000001
Свердловская область,1830,109.43908493150681,30703.3851044505,1825,городской округ Красноуральск,г. Красноуральск,65746000001
Свердловская область,1830,109.43908493150681,30703.3851044505,1825,городской округ Красноуфимск,г. Красноуфимск,65747000001
Свердловская область,1830,109.43908493150681,30703.3851044505,1825,Слободо-Туринский муниципальный район,с. Тимофеево,65639460161
Свердловская область,1830,109.43908493150681,30703.3851044505,1825,Слободо-Туринский муниципальный район,с. Тимофеево,65639460161
Свердловская область,1830,109.43908493150681,30703.3851044505,1825,Туринский городской округ,г. Туринск,65726000001
Свердловская область,1830,109.43908493150681,30703.3851044505,1825,Тавдинский городской округ,г. Тавда,65723000001
Свердловская область,1830,109.43908493150681,30703.3851044505,1825,Тавдинский городской округ,г. Тавда,65723000001
Свердловская область,1830,109.43908493150681,30703.3851044505,1825,Тавдинский городской округ,г. Тавда,65723000001
Свердловская область,1830,109.43908493150681,30703.3851044505,1825,Тавдинский городской округ,г. Тавда,65723000001
Свердловская область,1830,109.43908493150681,30703.3851044505,1825,городской округ Верхотурский,с. Прокопьевская Салда,65709000346
Свердловская область,1830,109.43908493150681,30703.3851044505,1825,Берёзовский городской округ,г. Березовский,65731000001
Свердловская область,1830,109.43908493150681,30703.3851044505,1825,муниципальное образование «город Екатеринбург»,г. Екатеринбург,65701000001
Свердловская область,1830,109.43908493150681,30703.3851044505,1825,Невьянский городской округ,г. Невьянск,65714000001
Свердловская область,1830,109.43908493150681,30703.3851044505,1825,Новолялинский городской округ,г. Новая Ляля,65716000001
Свердловская область,1830,109.43908493150681,30703.3851044505,1825,Серовский городской округ,г. Серов,65756000001
Свердловская область,1830,109.43908493150681,30703.3851044505,1825,Ирбитское муниципальное образование,г. Ирбит,65739000001
Свердловская область,1830,109.43908493150681,30703.3851044505,1825,городской округ Красноуральск,г. Красноуральск,65746000001
Свердловская область,1830,109.43908493150681,30703.3851044505,1825,городской округ Красноуральск,г. Красноуральск,65746000001
Свердловская область,1830,109.43908493150681,30703.3851044505,1825,городской округ Первоуральск,г. Первоуральск,65753000001
Свердловская область,1830,109.43908493150681,30703.3851044505,1825,городской округ Первоуральск,г. Первоуральск,65753000001
Свердловская область,1830,109.43908493150681,30703.3851044505,1825,Слободо-Туринский муниципальный район,с. Тимофеево,65639460161
Свердловская область,1830,109.43908493150681,30703.3851044505,1825,Слободо-Туринский муниципальный район,с. Тимофеево,65639460161
Свердловская область,1830,109.43908493150681,30703.3851044505,1825,городской округ Верхний Тагил,г. Верхний Тагил,65733000001
Свердловская область,1830,109.43908493150681,30703.3851044505,1825,Тавдинский городской округ,г. Тавда,65723000001
Свердловская область,1830,109.43908493150681,30703.3851044505,1825,Полевской городской округ,г. Полевской,65754000001
Свердловская область,1830,109.43908493150681,30703.3851044505,1825,Полевской городской округ,г. Полевской,65754000001
Свердловская область,1830,109.43908493150681,30703.3851044505,1825,Полевской городской округ,г. Полевской,65754000001
Свердловская область,1830,109.43908493150681,30703.3851044505,1825,городской округ Верхотурский,с. Прокопьевская Салда,65709000346
Свердловская область,1830,109.43908493150681,30703.3851044505,1825,Берёзовский городской округ,г. Березовский,65731000001
Свердловская область,1830,109.43908493150681,30703.3851044505,1825,городской округ Первоуральск,г. Первоуральск,65753000001
Свердловская область,1830,109.43908493150681,30703.3851044505,1825,муниципальное образование «город Екатеринбург»,г. Екатеринбург,65701000001
Свердловская область,1830,109.43908493150681,30703.3851044505,1825,Невьянский городской округ,г. Невьянск,65714000001
Свердловская область,1830,109.43908493150681,30703.3851044505,1825,городской округ Красноуральск,г. Красноуральск,65746000001
Свердловская область,1830,109.43908493150681,30703.3851044505,1825,городской округ Красноуральск,г. Красноуральск,65746000001
Свердловская область,1830,109.43908493150681,30703.3851044505,1825,городской округ Первоуральск,г. Первоуральск,65753000001
Свердловская область,1830,109.43908493150681,30703.3851044505,1825,городской округ Первоуральск,г. Первоуральск,65753000001
Свердловская область,1830,109.43908493150681,30703.3851044505,1825,городской округ Первоуральск,г. Первоуральск,65753000001
Свердловская область,1830,109.43908493150681,30703.3851044505,1825,городской округ Красноуфимск,г. Красноуфимск,65747000001
Свердловская область,1830,109.43908493150681,30703.3851044505,1825,городской округ Краснотурьинск,г. Краснотурьинск,65745000001
Свердловская область,1830,109.43908493150681,30703.3851044505,1825,Слободо-Туринский муниципальный район,с. Тимофеево,65639460161
Свердловская область,1830,109.43908493150681,30703.3851044505,1825,Слободо-Туринский муниципальный район,с. Тимофеево,65639460161
Свердловская область,1830,109.43908493150681,30703.3851044505,1825,Серовский городской округ,п. Черноярский,65756000271
Свердловская область,1830,109.43908493150681,30703.3851044505,1825,Нижнесергинский муниципальный район,г. Михайловск,65628104001
Свердловская область,1830,109.43908493150681,30703.3851044505,1825,Полевской городской округ,г. Полевской,65754000001
Свердловская область,1830,109.43908493150681,30703.3851044505,1825,Полевской городской округ,г. Полевской,65754000001
Свердловская область,1830,109.43908493150681,30703.3851044505,1825,городской округ Верхотурский,с. Прокопьевская Салда,65709000346
Свердловская область,1830,109.43908493150681,30703.3851044505,1825,городской округ Сухой Лог,г. Сухой Лог,65758000001
Свердловская область,1830,109.43908493150681,30703.3851044505,1825,Берёзовский городской округ,г. Березовский,65731000001
Свердловская область,1830,109.43908493150681,30703.3851044505,1825,городской округ Первоуральск,г. Первоуральск,65753000001
Свердловская область,1830,109.43908493150681,30703.3851044505,1825,городской округ Первоуральск,г. Первоуральск,65753000001
Свердловская область,1830,109.43908493150681,30703.3851044505,1825,городской округ Первоуральск,г. Первоуральск,65753000001
Свердловская область,1830,109.43908493150681,30703.3851044505,1825,муниципальное образование «город Екатеринбург»,г. Екатеринбург,65701000001
Свердловская область,1830,109.43908493150681,30703.3851044505,1825,Невьянский городской округ,г. Невьянск,65714000001
Свердловская область,1830,109.43908493150681,30703.3851044505,1825,муниципальное образование «город Екатеринбург»,г. Екатеринбург,65701000001
Свердловская область,1830,109.43908493150681,30703.3851044505,1825,городской округ Красноуральск,г. Красноуральск,65746000001
Свердловская область,1830,109.43908493150681,30703.3851044505,1825,городской округ Красноуральск,г. Красноуральск,65746000001
Свердловская область,1830,109.43908493150681,30703.3851044505,1825,городской округ Заречный,г. Заречный,65737000001
Свердловская область,1830,109.43908493150681,30703.3851044505,1825,городской округ Первоуральск,г. Первоуральск,65753000001
Свердловская область,1830,109.43908493150681,30703.3851044505,1825,городской округ Первоуральск,г. Первоуральск,65753000001
Свердловская область,1830,109.43908493150681,30703.3851044505,1825,городской округ Первоуральск,г. Первоуральск,65753000001
Свердловская область,1830,109.43908493150681,30703.3851044505,1825,городской округ Первоуральск,г. Первоуральск,65753000001
Свердловская область,1830,109.43908493150681,30703.3851044505,1825,Полевской городской округ,г. Полевской,65754000001
Свердловская область,1830,109.43908493150681,30703.3851044505,1825,Полевской городской округ,г. Полевской,65754000001
Свердловская область,1830,109.43908493150681,30703.3851044505,1825,Полевской городской округ,г. Полевской,65754000001
Свердловская область,1830,109.43908493150681,30703.3851044505,1825,городской округ Верхотурский,с. Прокопьевская Салда,65709000346
Свердловская область,1830,109.43908493150681,30703.3851044505,1825,городской округ Рефтинский,рп. Рефтинский,65763000051
Свердловская область,1830,109.43908493150681,30703.3851044505,1825,городской округ Рефтинский,рп. Рефтинский,65763000051
Свердловская область,1830,109.43908493150681,30703.3851044505,1825,городской округ Рефтинский,рп. Рефтинский,65763000051
Свердловская область,1830,109.43908493150681,30703.3851044505,1825,городской округ Рефтинский,рп. Рефтинский,65763000051
Свердловская область,1830,109.43908493150681,30703.3851044505,1825,городской округ Первоуральск,г. Первоуральск,65753000001
Свердловская область,1830,109.43908493150681,30703.3851044505,1825,городской округ Первоуральск,г. Первоуральск,65753000001
Свердловская область,1830,109.43908493150681,30703.3851044505,1825,городской округ Первоуральск,г. Первоуральск,65753000001
Свердловская область,1830,109.43908493150681,30703.3851044505,1825,городской округ Первоуральск,г. Первоуральск,65753000001
Свердловская область,1830,109.43908493150681,30703.3851044505,1825,муниципальное образование «город Екатеринбург»,г. Екатеринбург,65701000001
Свердловская область,1830,109.43908493150681,30703.3851044505,1825,муниципальное образование «город Екатеринбург»,г. Екатеринбург,65701000001
Свердловская область,1830,109.43908493150681,30703.3851044505,1825,муниципальное образование «город Екатеринбург»,г. Екатеринбург,65701000001
Свердловская область,1830,109.43908493150681,30703.3851044505,1825,Берёзовский городской округ,г. Березовский,65731000001
Свердловская область,1830,109.43908493150681,30703.3851044505,1825,Берёзовский городской округ,г. Березовский,65731000001
Свердловская область,1830,109.43908493150681,30703.3851044505,1825,городской округ Красноуральск,г. Красноуральск,65746000001
Свердловская область,1830,109.43908493150681,30703.3851044505,1825,городской округ Красноуральск,г. Красноуральск,65746000001
Свердловская область,1830,109.43908493150681,30703.3851044505,1825,городской округ Красноуральск,г. Красноуральск,65746000001
Свердловская область,1830,109.43908493150681,30703.3851044505,1825,городской округ Красноуральск,г. Красноуральск,65746000001
Свердловская область,1830,109.43908493150681,30703.3851044505,1825,городской округ Верхний Тагил,г. Верхний Тагил,65733000001
Свердловская область,1830,109.43908493150681,30703.3851044505,1825,Полевской городской округ,г. Полевской,65754000001
Свердловская область,1830,109.43908493150681,30703.3851044505,1825,муниципальное образование «город Екатеринбург»,г. Екатеринбург,65701000001
Свердловская область,1830,109.43908493150681,30703.3851044505,1825,муниципальное образование «город Екатеринбург»,г. Екатеринбург,65701000001
Свердловская область,1830,109.43908493150681,30703.3851044505,1825,городской округ Верхотурский,с. Прокопьевская Салда,65709000346
Свердловская область,1830,109.43908493150681,30703.3851044505,1825,муниципальное образование «город Екатеринбург»,г. Екатеринбург,65701000001
Свердловская область,1830,109.43908493150681,30703.3851044505,1825,муниципальное образование «город Екатеринбург»,г. Екатеринбург,65701000001
Свердловская область,1830,109.43908493150681,30703.3851044505,1825,Берёзовский городской округ,г. Березовский,65731000001
Свердловская область,1830,109.43908493150681,30703.3851044505,1825,Берёзовский городской округ,г. Березовский,65731000001
Свердловская область,1830,109.43908493150681,30703.3851044505,1825,городской округ Верхотурский,с. Прокопьевская Салда,65709000346
Свердловская область,1830,109.43908493150681,30703.3851044505,1825,Камышловский городской округ,г. Камышлов,65741000001
Свердловская область,1830,109.43908493150681,30703.3851044505,1825,Берёзовский городской округ,г. Березовский,65731000001
Свердловская область,1830,109.43908493150681,30703.3851044505,1825,Туринский городской округ,г. Туринск,65726000001
Свердловская область,1830,109.43908493150681,30703.3851044505,1825,Полевской городской округ,г. Полевской,65754000001
Свердловская область,1830,109.43908493150681,30703.3851044505,1825,Полевской городской округ,г. Полевской,65754000001
Свердловская область,1830,109.43908493150681,30703.3851044505,1825,Полевской городской округ,г. Полевской,65754000001
Свердловская область,1830,109.43908493150681,30703.3851044505,1825,городской округ Верхотурский,с. Прокопьевская Салда,65709000346
Свердловская область,1830,109.43908493150681,30703.3851044505,1825,Талицкий городской округ,г. Талица,65724000001
Свердловская область,1830,109.43908493150681,30703.3851044505,1825,городской округ Рефтинский,рп. Рефтинский,65763000051
Свердловская область,1830,109.43908493150681,30703.3851044505,1825,городской округ Рефтинский,рп. Рефтинский,65763000051
Свердловская область,1830,109.43908493150681,30703.3851044505,1825,городской округ Рефтинский,рп. Рефтинский,65763000051
Свердловская область,1830,109.43908493150681,30703.3851044505,1825,город Каменск-Уральский,г. Каменск-Уральский,65740000001
Свердловская область,1830,109.43908493150681,30703.3851044505,1825,городской округ Красноуральск,г. Красноуральск,65746000001
Свердловская область,1830,109.43908493150681,30703.3851044505,1825,городской округ Первоуральск,г. Первоуральск,65753000001
Свердловская область,1830,109.43908493150681,30703.3851044505,1825,городской округ Первоуральск,г. Первоуральск,65753000001
Свердловская область,1830,109.43908493150681,30703.3851044505,1825,городской округ Верхний Тагил,г. Верхний Тагил,65733000001
Свердловская область,1830,109.43908493150681,30703.3851044505,1825,Полевской городской округ,г. Полевской,65754000001
Свердловская область,1830,109.43908493150681,30703.3851044505,1825,Режевской городской округ,г. Реж,65720000001
Свердловская область,1830,109.43908493150681,30703.3851044505,1825,Белоярский район,р-н. Белоярский,71811151001
Свердловская область,1830,109.43908493150681,30703.3851044505,1825,Талицкий городской округ,г. Талица,65724000001
Свердловская область,1830,109.43908493150681,30703.3851044505,1825,Талицкий городской округ,г. Талица,65724000001
Свердловская область,1830,109.43908493150681,30703.3851044505,1825,Камышловский городской округ,г. Камышлов,65741000001
Свердловская область,1830,109.43908493150681,30703.3851044505,1825,Камышловский городской округ,г. Камышлов,65741000001
Свердловская область,1830,109.43908493150681,30703.3851044505,1825,Берёзовский городской округ,г. Березовский,65731000001
Свердловская область,1830,109.43908493150681,30703.3851044505,1825,городской округ Первоуральск,г. Первоуральск,65753000001
Свердловская область,1830,109.43908493150681,30703.3851044505,1825,городской округ Первоуральск,г. Первоуральск,65753000001
Свердловская область,1830,109.43908493150681,30703.3851044505,1825,городской округ Первоуральск,г. Первоуральск,65753000001
Свердловская область,1830,109.43908493150681,30703.3851044505,1825,муниципальное образование «город Екатеринбург»,г. Екатеринбург,65701000001
Свердловская область,1830,109.43908493150681,30703.3851044505,1825,Берёзовский городской округ,г. Березовский,65731000001
Свердловская область,1830,109.43908493150681,30703.3851044505,1825,городской округ Первоуральск,г. Первоуральск,65753000001
Свердловская область,1830,109.43908493150681,30703.3851044505,1825,Слободо-Туринский муниципальный район,с. Тимофеево,65639460161
Свердловская область,1830,109.43908493150681,30703.3851044505,1825,Полевской городской округ,г. Полевской,65754000001
Свердловская область,1830,109.43908493150681,30703.3851044505,1825,Полевской городской округ,г. Полевской,65754000001
Свердловская область,1830,109.43908493150681,30703.3851044505,1825,Полевской городской округ,г. Полевской,65754000001
Свердловская область,1830,109.43908493150681,30703.3851044505,1825,Талицкий городской округ,г. Талица,65724000001
Свердловская область,1830,109.43908493150681,30703.3851044505,1825,Камышловский городской округ,г. Камышлов,65741000001
Свердловская область,1830,109.43908493150681,30703.3851044505,1825,Берёзовский городской округ,г. Березовский,65731000001
Свердловская область,1830,109.43908493150681,30703.3851044505,1825,городской округ Первоуральск,г. Первоуральск,65753000001
Свердловская область,1830,109.43908493150681,30703.3851044505,1825,городской округ Первоуральск,г. Первоуральск,65753000001
Свердловская область,1830,109.43908493150681,30703.3851044505,1825,городской округ Первоуральск,г. Первоуральск,65753000001
Свердловская область,1830,109.43908493150681,30703.3851044505,1825,городской округ Первоуральск,г. Первоуральск,65753000001
Свердловская область,1830,109.43908493150681,30703.3851044505,1825,городской округ Первоуральск,г. Первоуральск,65753000001
Свердловская область,1830,109.43908493150681,30703.3851044505,1825,городской округ Первоуральск,г. Первоуральск,65753000001
Свердловская область,1830,109.43908493150681,30703.3851044505,1825,городской округ Первоуральск,г. Первоуральск,65753000001
Свердловская область,1830,109.43908493150681,30703.3851044505,1825,городской округ Первоуральск,г. Первоуральск,65753000001
Свердловская область,1830,109.43908493150681,30703.3851044505,1825,городской округ Первоуральск,г. Первоуральск,65753000001
Свердловская область,1830,109.43908493150681,30703.3851044505,1825,городской округ Первоуральск,г. Первоуральск,65753000001
Свердловская область,1830,109.43908493150681,30703.3851044505,1825,городской округ Первоуральск,г. Первоуральск,65753000001
Свердловская область,1830,109.43908493150681,30703.3851044505,1825,муниципальное образование «город Екатеринбург»,г. Екатеринбург,65701000001
Свердловская область,1830,109.43908493150681,30703.3851044505,1825,Ирбитское муниципальное образование,г. Ирбит,65739000001
Свердловская область,1830,109.43908493150681,30703.3851044505,1825,Сысертский городской округ,п. Двуреченск,65722000181
Свердловская область,1830,109.43908493150681,30703.3851044505,1825,Сысертский городской округ,п. Двуреченск,65722000181
Свердловская область,1830,109.43908493150681,30703.3851044505,1825,Белоярский городской округ,с. Колюткино,65706000201
Свердловская область,1830,109.43908493150681,30703.3851044505,1825,муниципальное образование «город Екатеринбург»,г. Екатеринбург,65701000001
Свердловская область,1830,109.43908493150681,30703.3851044505,1825,муниципальное образование «город Екатеринбург»,г. Екатеринбург,65701000001
Свердловская область,1830,109.43908493150681,30703.3851044505,1825,городской округ Красноуральск,г. Красноуральск,65746000001
Свердловская область,1830,109.43908493150681,30703.3851044505,1825,муниципальное образование «город Екатеринбург»,г. Екатеринбург,65701000001
Свердловская область,1830,109.43908493150681,30703.3851044505,1825,городской округ Первоуральск,г. Первоуральск,65753000001
Свердловская область,1830,109.43908493150681,30703.3851044505,1825,городской округ Верхотурский,г. Верхотурье,65709000001
Свердловская область,1830,109.43908493150681,30703.3851044505,1825,Сысертский городской округ,п. Двуреченск,65722000181
Свердловская область,1830,109.43908493150681,30703.3851044505,1825,Сысертский городской округ,п. Двуреченск,65722000181
Свердловская область,1830,109.43908493150681,30703.3851044505,1825,Полевской городской округ,г. Полевской,65754000001
Свердловская область,1830,109.43908493150681,30703.3851044505,1825,Полевской городской округ,г. Полевской,65754000001
Свердловская область,1830,109.43908493150681,30703.3851044505,1825,Полевской городской округ,г. Полевской,65754000001
Свердловская область,1830,109.43908493150681,30703.3851044505,1825,Талицкий городской округ,г. Талица,65724000001
Свердловская область,1830,109.43908493150681,30703.3851044505,1825,Талицкий городской округ,г. Талица,65724000001
Свердловская область,1830,109.43908493150681,30703.3851044505,1825,Берёзовский городской округ,г. Березовский,65731000001
Свердловская область,1830,109.43908493150681,30703.3851044505,1825,городской округ Первоуральск,г. Первоуральск,65753000001
Свердловская область,1830,109.43908493150681,30703.3851044505,1825,городской округ Первоуральск,г. Первоуральск,65753000001
Свердловская область,1830,109.43908493150681,30703.3851044505,1825,городской округ Первоуральск,г. Первоуральск,65753000001
Свердловская область,1830,109.43908493150681,30703.3851044505,1825,городской округ Первоуральск,г. Первоуральск,65753000001
Свердловская область,1830,109.43908493150681,30703.3851044505,1825,городской округ Первоуральск,г. Первоуральск,65753000001
Свердловская область,1830,109.43908493150681,30703.3851044505,1825,городской округ Первоуральск,г. Первоуральск,65753000001
Свердловская область,1830,109.43908493150681,30703.3851044505,1825,городской округ Первоуральск,г. Первоуральск,65753000001
Свердловская область,1830,109.43908493150681,30703.3851044505,1825,городской округ Первоуральск,г. Первоуральск,65753000001
Свердловская область,1830,109.43908493150681,30703.3851044505,1825,городской округ Первоуральск,г. Первоуральск,65753000001
Свердловская область,1830,109.43908493150681,30703.3851044505,1825,городской округ Первоуральск,г. Первоуральск,65753000001
Свердловская область,1830,109.43908493150681,30703.3851044505,1825,городской округ Первоуральск,г. Первоуральск,65753000001
Свердловская область,1830,109.43908493150681,30703.3851044505,1825,город Каменск-Уральский,г. Каменск-Уральский,65740000001
Свердловская область,1830,109.43908493150681,30703.3851044505,1825,муниципальное образование «город Екатеринбург»,г. Екатеринбург,65701000001
Свердловская область,1830,109.43908493150681,30703.3851044505,1825,муниципальное образование «город Екатеринбург»,г. Екатеринбург,65701000001
Свердловская область,1830,109.43908493150681,30703.3851044505,1825,муниципальное образование «город Екатеринбург»,г. Екатеринбург,65701000001
Свердловская область,1830,109.43908493150681,30703.3851044505,1825,Североуральский городской округ,г. Североуральск,65755000001
Свердловская область,1830,109.43908493150681,30703.3851044505,1825,Берёзовский городской округ,г. Березовский,65731000001
Свердловская область,1830,109.43908493150681,30703.3851044505,1825,Берёзовский городской округ,г. Березовский,65731000001
Свердловская область,1830,109.43908493150681,30703.3851044505,1825,городской округ Красноуральск,г. Красноуральск,65746000001
Свердловская область,1830,109.43908493150681,30703.3851044505,1825,городской округ Красноуральск,г. Красноуральск,65746000001
Свердловская область,1830,109.43908493150681,30703.3851044505,1825,городской округ Заречный,г. Заречный,65737000001
Свердловская область,1830,109.43908493150681,30703.3851044505,1825,Полевской городской округ,с. Косой Брод,65754000151
Свердловская область,1830,109.43908493150681,30703.3851044505,1825,Туринский городской округ,г. Туринск,65726000001
Свердловская область,1830,109.43908493150681,30703.3851044505,1825,Туринский городской округ,г. Туринск,65726000001
Свердловская область,1830,109.43908493150681,30703.3851044505,1825,городской округ Верхний Тагил,г. Верхний Тагил,65733000001
Свердловская область,1830,109.43908493150681,30703.3851044505,1825,Тавдинский городской округ,г. Тавда,65723000001
Свердловская область,1830,109.43908493150681,30703.3851044505,1825,Тавдинский городской округ,г. Тавда,65723000001
Свердловская область,1830,109.43908493150681,30703.3851044505,1825,Полевской городской округ,г. Полевской,65754000001
Свердловская область,1830,109.43908493150681,30703.3851044505,1825,Полевской городской округ,г. Полевской,65754000001
Свердловская область,1830,109.43908493150681,30703.3851044505,1825,Полевской городской округ,г. Полевской,65754000001
Свердловская область,1830,109.43908493150681,30703.3851044505,1825,городской округ Верхотурский,с. Прокопьевская Салда,65709000346
Свердловская область,1830,109.43908493150681,30703.3851044505,1825,городской округ Сухой Лог,г. Сухой Лог,65758000001
Свердловская область,1830,109.43908493150681,30703.3851044505,1825,городской округ Сухой Лог,г. Сухой Лог,65758000001
Свердловская область,1830,109.43908493150681,30703.3851044505,1825,Камышловский городской округ,г. Камышлов,65741000001
Свердловская область,1830,109.43908493150681,30703.3851044505,1825,Камышловский городской округ,г. Камышлов,65741000001
Свердловская область,1830,109.43908493150681,30703.3851044505,1825,Берёзовский городской округ,г. Березовский,65731000001
Свердловская область,1830,109.43908493150681,30703.3851044505,1825,Берёзовский городской округ,г. Березовский,65731000001
Свердловская область,1830,109.43908493150681,30703.3851044505,1825,городской округ Первоуральск,г. Первоуральск,65753000001
Свердловская область,1830,109.43908493150681,30703.3851044505,1825,городской округ Первоуральск,г. Первоуральск,65753000001
Свердловская область,1830,109.43908493150681,30703.3851044505,1825,городской округ Первоуральск,г. Первоуральск,65753000001
Свердловская область,1830,109.43908493150681,30703.3851044505,1825,муниципальное образование «город Екатеринбург»,г. Екатеринбург,65701000001
Свердловская область,1830,109.43908493150681,30703.3851044505,1825,муниципальное образование «город Екатеринбург»,г. Екатеринбург,65701000001
Свердловская область,1830,109.43908493150681,30703.3851044505,1825,Невьянский городской округ,г. Невьянск,65714000001
Свердловская область,1830,109.43908493150681,30703.3851044505,1825,Невьянский городской округ,г. Невьянск,65714000001
Свердловская область,1830,109.43908493150681,30703.3851044505,1825,Новолялинский городской округ,п. Лобва,65716000151
Свердловская область,1830,109.43908493150681,30703.3851044505,1825,городской округ Богданович,г. Богданович,65707000001
Свердловская область,1830,109.43908493150681,30703.3851044505,1825,Белоярский городской округ,с. Колюткино,65706000201
Свердловская область,1830,109.43908493150681,30703.3851044505,1825,город Каменск-Уральский,г. Каменск-Уральский,65740000001
Свердловская область,1830,109.43908493150681,30703.3851044505,1825,Слободо-Туринский муниципальный район,с. Тимофеево,65639460161
Свердловская область,1830,109.43908493150681,30703.3851044505,1825,городской округ Верхний Тагил,г. Верхний Тагил,65733000001
Свердловская область,1830,109.43908493150681,30703.3851044505,1825,городской округ Верхний Тагил,г. Верхний Тагил,65733000001
Свердловская область,1830,109.43908493150681,30703.3851044505,1825,Полевской городской округ,г. Полевской,65754000001
Свердловская область,1830,109.43908493150681,30703.3851044505,1825,Полевской городской округ,г. Полевской,65754000001
Свердловская область,1830,109.43908493150681,30703.3851044505,1825,Полевской городской округ,г. Полевской,65754000001
Свердловская область,1830,109.43908493150681,30703.3851044505,1825,городской округ Верхотурский,с. Прокопьевская Салда,65709000346
Свердловская область,1830,109.43908493150681,30703.3851044505,1825,Берёзовский городской округ,г. Березовский,65731000001
Свердловская область,1830,109.43908493150681,30703.3851044505,1825,Берёзовский городской округ,г. Березовский,65731000001
Свердловская область,1830,109.43908493150681,30703.3851044505,1825,Невьянский городской округ,г. Невьянск,65714000001
Свердловская область,1830,109.43908493150681,30703.3851044505,1825,Невьянский городской округ,г. Невьянск,65714000001
Свердловская область,1830,109.43908493150681,30703.3851044505,1825,муниципальное образование «город Екатеринбург»,г. Екатеринбург,65701000001
Свердловская область,1830,109.43908493150681,30703.3851044505,1825,муниципальное образование «город Екатеринбург»,г. Екатеринбург,65701000001
Свердловская область,1830,109.43908493150681,30703.3851044505,1825,Слободо-Туринский муниципальный район,с. Тимофеево,65639460161
Свердловская область,1830,109.43908493150681,30703.3851044505,1825,городской округ Верхний Тагил,г. Верхний Тагил,65733000001
Свердловская область,1830,109.43908493150681,30703.3851044505,1825,Муниципальное образование Алапаевское,с. Нижняя Синячиха,65771000431
Свердловская область,1830,109.43908493150681,30703.3851044505,1825,Полевской городской округ,г. Полевской,65754000001
Свердловская область,1830,109.43908493150681,30703.3851044505,1825,Полевской городской округ,г. Полевской,65754000001
Свердловская область,1830,109.43908493150681,30703.3851044505,1825,Полевской городской округ,г. Полевской,65754000001
Свердловская область,1830,109.43908493150681,30703.3851044505,1825,Берёзовский городской округ,г. Березовский,65731000001
Свердловская область,1830,109.43908493150681,30703.3851044505,1825,Невьянский городской округ,г. Невьянск,65714000001
Свердловская область,1830,109.43908493150681,30703.3851044505,1825,Новолялинский городской округ,г. Новая Ляля,65716000001
Свердловская область,1830,109.43908493150681,30703.3851044505,1825,муниципальное образование «город Екатеринбург»,г. Екатеринбург,65701000001
Свердловская область,1830,109.43908493150681,30703.3851044505,1825,муниципальное образование «город Екатеринбург»,г. Екатеринбург,65701000001
Свердловская область,1830,109.43908493150681,30703.3851044505,1825,муниципальное образование «город Екатеринбург»,г. Екатеринбург,65701000001
Свердловская область,1830,109.43908493150681,30703.3851044505,1825,Ирбитское муниципальное образование,г. Ирбит,65739000001
Свердловская область,1830,109.43908493150681,30703.3851044505,1825,городской округ Красноуральск,г. Красноуральск,65746000001
Свердловская область,1830,109.43908493150681,30703.3851044505,1825,городской округ Красноуральск,г. Красноуральск,65746000001
Свердловская область,1830,109.43908493150681,30703.3851044505,1825,Полевской городской округ,г. Полевской,65754000001
Свердловская область,1830,109.43908493150681,30703.3851044505,1825,Полевской городской округ,г. Полевской,65754000001
Свердловская область,1830,109.43908493150681,30703.3851044505,1825,Новолялинский городской округ,г. Новая Ляля,65716000001
Свердловская область,1830,109.43908493150681,30703.3851044505,1825,Серовский городской округ,г. Серов,65756000001
Свердловская область,1830,109.43908493150681,30703.3851044505,1825,муниципальное образование «город Екатеринбург»,г. Екатеринбург,65701000001
Свердловская область,1830,109.43908493150681,30703.3851044505,1825,городской округ Красноуральск,г. Красноуральск,65746000001
Свердловская область,1830,109.43908493150681,30703.3851044505,1825,городской округ Красноуральск,г. Красноуральск,65746000001
Свердловская область,1830,109.43908493150681,30703.3851044505,1825,городской округ Красноуфимск,г. Красноуфимск,65747000001
Свердловская область,1830,109.43908493150681,30703.3851044505,1825,Полевской городской округ,г. Полевской,65754000001
Свердловская область,1830,109.43908493150681,30703.3851044505,1825,Полевской городской округ,г. Полевской,65754000001
Свердловская область,1830,109.43908493150681,30703.3851044505,1825,Полевской городской округ,г. Полевской,65754000001
Свердловская область,1830,109.43908493150681,30703.3851044505,1825,Полевской городской округ,г. Полевской,65754000001
Свердловская область,1830,109.43908493150681,30703.3851044505,1825,Берёзовский городской округ,г. Березовский,65731000001
Свердловская область,1830,109.43908493150681,30703.3851044505,1825,Новолялинский городской округ,п. Лобва,65716000151
Свердловская область,1830,109.43908493150681,30703.3851044505,1825,муниципальное образование «город Екатеринбург»,г. Екатеринбург,65701000001
Свердловская область,1830,109.43908493150681,30703.3851044505,1825,муниципальное образование «город Екатеринбург»,г. Екатеринбург,65701000001
Свердловская область,1830,109.43908493150681,30703.3851044505,1825,городской округ Красноуральск,г. Красноуральск,65746000001
Свердловская область,1830,109.43908493150681,30703.3851044505,1825,городской округ Красноуральск,г. Красноуральск,65746000001
Свердловская область,1830,109.43908493150681,30703.3851044505,1825,городской округ Красноуфимск,г. Красноуфимск,65747000001
Свердловская область,1830,109.43908493150681,30703.3851044505,1825,Полевской городской округ,г. Полевской,65754000001
Свердловская область,1830,109.43908493150681,30703.3851044505,1825,Полевской городской округ,г. Полевской,65754000001
Свердловская область,1830,109.43908493150681,30703.3851044505,1825,Полевской городской округ,г. Полевской,65754000001
Свердловская область,1830,109.43908493150681,30703.3851044505,1825,муниципальное образование «город Екатеринбург»,г. Екатеринбург,65701000001
Свердловская область,1830,109.43908493150681,30703.3851044505,1825,Муниципальное образование Алапаевское,с. Нижняя Синячиха,65771000431
Свердловская область,1830,109.43908493150681,30703.3851044505,1825,Полевской городской округ,г. Полевской,65754000001
Свердловская область,1830,109.43908493150681,30703.3851044505,1825,Режевской городской округ,г. Реж,65720000001
Свердловская область,1830,109.43908493150681,30703.3851044505,1825,Берёзовский городской округ,г. Березовский,65731000001
Свердловская область,1830,109.43908493150681,30703.3851044505,1825,городской округ Первоуральск,г. Первоуральск,65753000001
Свердловская область,1830,109.43908493150681,30703.3851044505,1825,муниципальное образование «город Екатеринбург»,г. Екатеринбург,65701000001
Свердловская область,1830,109.43908493150681,30703.3851044505,1825,городской округ Красноуральск,г. Красноуральск,65746000001
Свердловская область,1830,109.43908493150681,30703.3851044505,1825,городской округ Красноуральск,г. Красноуральск,65746000001
Свердловская область,1830,109.43908493150681,30703.3851044505,1825,Талицкий городской округ,г. Талица,65724000001
Свердловская область,1830,109.43908493150681,30703.3851044505,1825,Талицкий городской округ,г. Талица,65724000001
Свердловская область,1830,109.43908493150681,30703.3851044505,1825,Новолялинский городской округ,г. Новая Ляля,65716000001
Свердловская область,1830,109.43908493150681,30703.3851044505,1825,муниципальное образование «город Екатеринбург»,г. Екатеринбург,65701000001
Свердловская область,1830,109.43908493150681,30703.3851044505,1825,городской округ Красноуральск,г. Красноуральск,65746000001
Свердловская область,1830,109.43908493150681,30703.3851044505,1825,городской округ Красноуральск,г. Красноуральск,65746000001
Свердловская область,1830,109.43908493150681,30703.3851044505,1825,Туринский городской округ,г. Туринск,65726000001
Свердловская область,1830,109.43908493150681,30703.3851044505,1825,городской округ Верхотурский,г. Верхотурье,65709000001
Свердловская область,1830,109.43908493150681,30703.3851044505,1825,Полевской городской округ,г. Полевской,65754000001
Свердловская область,1830,109.43908493150681,30703.3851044505,1825,Полевской городской округ,г. Полевской,65754000001
Свердловская область,1830,109.43908493150681,30703.3851044505,1825,городской округ Верхотурский,с. Прокопьевская Салда,65709000346
Свердловская область,1830,109.43908493150681,30703.3851044505,1825,Талицкий городской округ,г. Талица,65724000001
Свердловская область,1830,109.43908493150681,30703.3851044505,1825,Берёзовский городской округ,г. Березовский,65731000001
Свердловская область,1830,109.43908493150681,30703.3851044505,1825,Берёзовский городской округ,г. Березовский,65731000001
Свердловская область,1830,109.43908493150681,30703.3851044505,1825,муниципальное образование «город Екатеринбург»,г. Екатеринбург,65701000001
Свердловская область,1830,109.43908493150681,30703.3851044505,1825,муниципальное образование «город Екатеринбург»,г. Екатеринбург,65701000001
Свердловская область,1830,109.43908493150681,30703.3851044505,1825,Полевской городской округ,г. Полевской,65754000001
Свердловская область,1830,109.43908493150681,30703.3851044505,1825,Полевской городской округ,г. Полевской,65754000001
Свердловская область,1830,109.43908493150681,30703.3851044505,1825,Талицкий городской округ,г. Талица,65724000001
Свердловская область,1830,109.43908493150681,30703.3851044505,1825,Берёзовский городской округ,г. Березовский,65731000001
Свердловская область,1830,109.43908493150681,30703.3851044505,1825,Берёзовский городской округ,г. Березовский,65731000001
Свердловская область,1830,109.43908493150681,30703.3851044505,1825,городской округ Первоуральск,г. Первоуральск,65753000001
Свердловская область,1830,109.43908493150681,30703.3851044505,1825,городской округ Первоуральск,г. Первоуральск,65753000001
Свердловская область,1830,109.43908493150681,30703.3851044505,1825,Муниципальное образование город Алапаевск,г. Алапаевск,65728000001
Свердловская область,1830,109.43908493150681,30703.3851044505,1825,городской округ Красноуральск,г. Красноуральск,65746000001
Свердловская область,1830,109.43908493150681,30703.3851044505,1825,городской округ Красноуральск,г. Красноуральск,65746000001
Свердловская область,1830,109.43908493150681,30703.3851044505,1825,городской округ Красноуральск,г. Красноуральск,65746000001
Свердловская область,1830,109.43908493150681,30703.3851044505,1825,городской округ Первоуральск,г. Первоуральск,65753000001
Свердловская область,1830,109.43908493150681,30703.3851044505,1825,городской округ Краснотурьинск,г. Краснотурьинск,65745000001
Свердловская область,1830,109.43908493150681,30703.3851044505,1825,Полевской городской округ,г. Полевской,65754000001
Свердловская область,1830,109.43908493150681,30703.3851044505,1825,Полевской городской округ,г. Полевской,65754000001
Свердловская область,1830,109.43908493150681,30703.3851044505,1825,Полевской городской округ,г. Полевской,65754000001
Свердловская область,1830,109.43908493150681,30703.3851044505,1825,Талицкий городской округ,г. Талица,65724000001
Свердловская область,1830,109.43908493150681,30703.3851044505,1825,Талицкий городской округ,г. Талица,65724000001
Свердловская область,1830,109.43908493150681,30703.3851044505,1825,Камышловский городской округ,г. Камышлов,65741000001
Свердловская область,1830,109.43908493150681,30703.3851044505,1825,муниципальное образование «город Екатеринбург»,г. Екатеринбург,65701000001
Свердловская область,1830,109.43908493150681,30703.3851044505,1825,городской округ Красноуральск,г. Красноуральск,65746000001
Свердловская область,1830,109.43908493150681,30703.3851044505,1825,городской округ Красноуральск,г. Красноуральск,65746000001
Свердловская область,1830,109.43908493150681,30703.3851044505,1825,городской округ Красноуральск,г. Красноуральск,65746000001
Свердловская область,1830,109.43908493150681,30703.3851044505,1825,городской округ Красноуральск,г. Красноуральск,65746000001
Свердловская область,1830,109.43908493150681,30703.3851044505,1825,Полевской городской округ,г. Полевской,65754000001
Свердловская область,1830,109.43908493150681,30703.3851044505,1825,Полевской городской округ,г. Полевской,65754000001
Свердловская область,1830,109.43908493150681,30703.3851044505,1825,Полевской городской округ,г. Полевской,65754000001
Свердловская область,1830,109.43908493150681,30703.3851044505,1825,Полевской городской округ,г. Полевской,65754000001
Свердловская область,1830,109.43908493150681,30703.3851044505,1825,Талицкий городской округ,г. Талица,65724000001
Свердловская область,1830,109.43908493150681,30703.3851044505,1825,Талицкий городской округ,г. Талица,65724000001
Свердловская область,1830,109.43908493150681,30703.3851044505,1825,город Каменск-Уральский,г. Каменск-Уральский,65740000001
Свердловская область,1830,109.43908493150681,30703.3851044505,1825,муниципальное образование «город Екатеринбург»,г. Екатеринбург,65701000001
Свердловская область,1830,109.43908493150681,30703.3851044505,1825,Полевской городской округ,г. Полевской,65754000001
Свердловская область,1830,109.43908493150681,30703.3851044505,1825,Полевской городской округ,г. Полевской,65754000001
Свердловская область,1830,109.43908493150681,30703.3851044505,1825,Полевской городской округ,г. Полевской,65754000001
Свердловская область,1830,109.43908493150681,30703.3851044505,1825,Полевской городской округ,г. Полевской,65754000001
Свердловская область,1830,109.43908493150681,30703.3851044505,1825,Горноуральский городской округ,д. Усть-Утка,65751000126
Свердловская область,1830,109.43908493150681,30703.3851044505,1825,Нижнесергинский муниципальный район,г. Михайловск,65628104001
Свердловская область,1830,109.43908493150681,30703.3851044505,1825,городской округ Красноуфимск,г. Красноуфимск,65747000001
Свердловская область,1830,109.43908493150681,30703.3851044505,1825,городской округ Верхний Тагил,г. Верхний Тагил,65733000001
Свердловская область,1830,109.43908493150681,30703.3851044505,1825,Полевской городской округ,г. Полевской,65754000001
Свердловская область,1830,109.43908493150681,30703.3851044505,1825,Полевской городской округ,г. Полевской,65754000001
Свердловская область,1830,109.43908493150681,30703.3851044505,1825,Полевской городской округ,г. Полевской,65754000001
Свердловская область,1830,109.43908493150681,30703.3851044505,1825,городской округ Верхотурский,с. Прокопьевская Салда,65709000346
Свердловская область,1830,109.43908493150681,30703.3851044505,1825,Берёзовский городской округ,г. Березовский,65731000001
Свердловская область,1830,109.43908493150681,30703.3851044505,1825,Невьянский городской округ,г. Невьянск,65714000001
Свердловская область,1830,109.43908493150681,30703.3851044505,1825,Невьянский городской округ,г. Невьянск,65714000001
Свердловская область,1830,109.43908493150681,30703.3851044505,1825,Новолялинский городской округ,г. Новая Ляля,65716000001
Свердловская область,1830,109.43908493150681,30703.3851044505,1825,муниципальное образование «город Екатеринбург»,г. Екатеринбург,65701000001
Свердловская область,1830,109.43908493150681,30703.3851044505,1825,муниципальное образование «город Екатеринбург»,г. Екатеринбург,65701000001
Свердловская область,1830,109.43908493150681,30703.3851044505,1825,городской округ Красноуральск,г. Красноуральск,65746000001
Свердловская область,1830,109.43908493150681,30703.3851044505,1825,городской округ Красноуральск,г. Красноуральск,65746000001
Свердловская область,1830,109.43908493150681,30703.3851044505,1825,городской округ Красноуральск,г. Красноуральск,65746000001
Свердловская область,1830,109.43908493150681,30703.3851044505,1825,городской округ Красноуральск,г. Красноуральск,65746000001
Свердловская область,1830,109.43908493150681,30703.3851044505,1825,городской округ Красноуральск,г. Красноуральск,65746000001
Свердловская область,1830,109.43908493150681,30703.3851044505,1825,городской округ Красноуральск,г. Красноуральск,65746000001
Свердловская область,1830,109.43908493150681,30703.3851044505,1825,городской округ Красноуральск,г. Красноуральск,65746000001
Свердловская область,1830,109.43908493150681,30703.3851044505,1825,Полевской городской округ,г. Полевской,65754000001
Свердловская область,1830,109.43908493150681,30703.3851044505,1825,Невьянский городской округ,г. Невьянск,65714000001
Свердловская область,1830,109.43908493150681,30703.3851044505,1825,городской округ Первоуральск,с. Новоалексеевское,65753000241
Свердловская область,1830,109.43908493150681,30703.3851044505,1825,Слободо-Туринский муниципальный район,с. Тимофеево,65639460161
Свердловская область,1830,109.43908493150681,30703.3851044505,1825,городской округ Верхний Тагил,г. Верхний Тагил,65733000001
Свердловская область,1830,109.43908493150681,30703.3851044505,1825,Муниципальное образование Алапаевское,с. Нижняя Синячиха,65771000431
Свердловская область,1830,109.43908493150681,30703.3851044505,1825,Полевской городской округ,г. Полевской,65754000001
Свердловская область,1830,109.43908493150681,30703.3851044505,1825,Полевской городской округ,г. Полевской,65754000001
Свердловская область,1830,109.43908493150681,30703.3851044505,1825,городской округ Верхотурский,с. Прокопьевская Салда,65709000346
Свердловская область,1830,109.43908493150681,30703.3851044505,1825,Берёзовский городской округ,г. Березовский,65731000001
Свердловская область,1830,109.43908493150681,30703.3851044505,1825,Невьянский городской округ,г. Невьянск,65714000001
Свердловская область,1830,109.43908493150681,30703.3851044505,1825,Невьянский городской округ,г. Невьянск,65714000001
Свердловская область,1830,109.43908493150681,30703.3851044505,1825,городской округ Богданович,г. Богданович,65707000001
Свердловская область,1830,109.43908493150681,30703.3851044505,1825,муниципальное образование «город Екатеринбург»,г. Екатеринбург,65701000001
Свердловская область,1830,109.43908493150681,30703.3851044505,1825,муниципальное образование «город Екатеринбург»,г. Екатеринбург,65701000001
Свердловская область,1830,109.43908493150681,30703.3851044505,1825,Ирбитское муниципальное образование,г. Ирбит,65739000001
Свердловская область,1830,109.43908493150681,30703.3851044505,1825,городской округ Красноуральск,г. Красноуральск,65746000001
Свердловская область,1830,109.43908493150681,30703.3851044505,1825,городской округ Красноуральск,г. Красноуральск,65746000001
Свердловская область,1830,109.43908493150681,30703.3851044505,1825,Слободо-Туринский муниципальный район,с. Тимофеево,65639460161
Свердловская область,1830,109.43908493150681,30703.3851044505,1825,городской округ Верхний Тагил,г. Верхний Тагил,65733000001
Свердловская область,1830,109.43908493150681,30703.3851044505,1825,Полевской городской округ,г. Полевской,65754000001
Свердловская область,1830,109.43908493150681,30703.3851044505,1825,городской округ «Нижняя Салда»,с. Медведево,65750000126
Свердловская область,1830,109.43908493150681,30703.3851044505,1825,Берёзовский городской округ,г. Березовский,65731000001
Свердловская область,1830,109.43908493150681,30703.3851044505,1825,Берёзовский городской округ,г. Березовский,65731000001
Свердловская область,1830,109.43908493150681,30703.3851044505,1825,Невьянский городской округ,г. Невьянск,65714000001
Свердловская область,1830,109.43908493150681,30703.3851044505,1825,муниципальное образование «город Екатеринбург»,г. Екатеринбург,65701000001
Свердловская область,1830,109.43908493150681,30703.3851044505,1825,муниципальное образование «город Екатеринбург»,г. Екатеринбург,65701000001
Свердловская область,1830,109.43908493150681,30703.3851044505,1825,городской округ Красноуральск,г. Красноуральск,65746000001
Свердловская область,1830,109.43908493150681,30703.3851044505,1825,городской округ Красноуральск,г. Красноуральск,65746000001
Свердловская область,1830,109.43908493150681,30703.3851044505,1825,городской округ Красноуральск,г. Красноуральск,65746000001
Свердловская область,1830,109.43908493150681,30703.3851044505,1825,городской округ Первоуральск,г. Первоуральск,65753000001
Свердловская область,1830,109.43908493150681,30703.3851044505,1825,Полевской городской округ,г. Полевской,65754000001
Свердловская область,1830,109.43908493150681,30703.3851044505,1825,Полевской городской округ,г. Полевской,65754000001
Свердловская область,1830,109.43908493150681,30703.3851044505,1825,Полевской городской округ,г. Полевской,65754000001
Свердловская область,1830,109.43908493150681,30703.3851044505,1825,городской округ Верхотурский,с. Прокопьевская Салда,65709000346
Свердловская область,1830,109.43908493150681,30703.3851044505,1825,муниципальное образование «город Екатеринбург»,г. Екатеринбург,65701000001
Свердловская область,1830,109.43908493150681,30703.3851044505,1825,муниципальное образование «город Екатеринбург»,г. Екатеринбург,65701000001
Свердловская область,1830,109.43908493150681,30703.3851044505,1825,муниципальное образование «город Екатеринбург»,г. Екатеринбург,65701000001
Свердловская область,1830,109.43908493150681,30703.3851044505,1825,городской округ Красноуральск,г. Красноуральск,65746000001
Свердловская область,1830,109.43908493150681,30703.3851044505,1825,городской округ Красноуральск,г. Красноуральск,65746000001
Свердловская область,1830,109.43908493150681,30703.3851044505,1825,городской округ Красноуральск,г. Красноуральск,65746000001
Свердловская область,1830,109.43908493150681,30703.3851044505,1825,городской округ Красноуральск,г. Красноуральск,65746000001
Свердловская область,1830,109.43908493150681,30703.3851044505,1825,городской округ Красноуральск,г. Красноуральск,65746000001
Свердловская область,1830,109.43908493150681,30703.3851044505,1825,Полевской городской округ,г. Полевской,65754000001
Свердловская область,1830,109.43908493150681,30703.3851044505,1825,Полевской городской округ,г. Полевской,65754000001
Свердловская область,1830,109.43908493150681,30703.3851044505,1825,Полевской городской округ,г. Полевской,65754000001
Свердловская область,1830,109.43908493150681,30703.3851044505,1825,муниципальное образование «город Екатеринбург»,г. Екатеринбург,65701000001
Свердловская область,1830,109.43908493150681,30703.3851044505,1825,городской округ Красноуральск,г. Красноуральск,65746000001
Свердловская область,1830,109.43908493150681,30703.3851044505,1825,городской округ Красноуральск,г. Красноуральск,65746000001
Свердловская область,1830,109.43908493150681,30703.3851044505,1825,городской округ Красноуральск,г. Красноуральск,65746000001
Свердловская область,1830,109.43908493150681,30703.3851044505,1825,городской округ Красноуральск,г. Красноуральск,65746000001
Свердловская область,1830,109.43908493150681,30703.3851044505,1825,городской округ Красноуральск,г. Красноуральск,65746000001
Свердловская область,1830,109.43908493150681,30703.3851044505,1825,Полевской городской округ,г. Полевской,65754000001
Свердловская область,1830,109.43908493150681,30703.3851044505,1825,Полевской городской округ,г. Полевской,65754000001
Свердловская область,1830,109.43908493150681,30703.3851044505,1825,Полевской городской округ,г. Полевской,65754000001
Свердловская область,1830,109.43908493150681,30703.3851044505,1825,городской округ Верхотурский,с. Прокопьевская Салда,65709000346
Свердловская область,1830,109.43908493150681,30703.3851044505,1825,муниципальное образование «город Екатеринбург»,г. Екатеринбург,65701000001
Свердловская область,1830,109.43908493150681,30703.3851044505,1825,Новолялинский городской округ,п. Лобва,65716000151
Свердловская область,1830,109.43908493150681,30703.3851044505,1825,муниципальное образование «город Екатеринбург»,г. Екатеринбург,65701000001
Свердловская область,1830,109.43908493150681,30703.3851044505,1825,муниципальное образование «город Екатеринбург»,г. Екатеринбург,65701000001
Свердловская область,1830,109.43908493150681,30703.3851044505,1825,муниципальное образование «город Екатеринбург»,г. Екатеринбург,65701000001
Свердловская область,1830,109.43908493150681,30703.3851044505,1825,муниципальное образование «город Екатеринбург»,г. Екатеринбург,65701000001
Свердловская область,1830,109.43908493150681,30703.3851044505,1825,городской округ Красноуральск,г. Красноуральск,65746000001
Свердловская область,1830,109.43908493150681,30703.3851044505,1825,городской округ Красноуральск,г. Красноуральск,65746000001
Свердловская область,1830,109.43908493150681,30703.3851044505,1825,городской округ Красноуральск,г. Красноуральск,65746000001
Свердловская область,1830,109.43908493150681,30703.3851044505,1825,Ивдельский городской округ,г. Ивдель,65738000001
Свердловская область,1830,109.43908493150681,30703.3851044505,1825,городской округ Первоуральск,г. Первоуральск,65753000001
Свердловская область,1830,109.43908493150681,30703.3851044505,1825,городской округ Первоуральск,г. Первоуральск,65753000001
Свердловская область,1830,109.43908493150681,30703.3851044505,1825,Полевской городской округ,г. Полевской,65754000001
Свердловская область,1830,109.43908493150681,30703.3851044505,1825,Полевской городской округ,г. Полевской,65754000001
Свердловская область,1830,109.43908493150681,30703.3851044505,1825,городской округ Первоуральск,г. Первоуральск,65753000001
Свердловская область,1830,109.43908493150681,30703.3851044505,1825,городской округ Первоуральск,г. Первоуральск,65753000001
Свердловская область,1830,109.43908493150681,30703.3851044505,1825,городской округ Первоуральск,г. Первоуральск,65753000001
Свердловская область,1830,109.43908493150681,30703.3851044505,1825,городской округ Первоуральск,г. Первоуральск,65753000001
Свердловская область,1830,109.43908493150681,30703.3851044505,1825,городской округ Красноуральск,г. Красноуральск,65746000001
Свердловская область,1830,109.43908493150681,30703.3851044505,1825,городской округ Красноуральск,г. Красноуральск,65746000001
Свердловская область,1830,109.43908493150681,30703.3851044505,1825,Ивдельский городской округ,г. Ивдель,65738000001
Свердловская область,1830,109.43908493150681,30703.3851044505,1825,Ивдельский городской округ,г. Ивдель,65738000001
Свердловская область,1830,109.43908493150681,30703.3851044505,1825,Полевской городской округ,г. Полевской,65754000001
Свердловская область,1830,109.43908493150681,30703.3851044505,1825,Полевской городской округ,г. Полевской,65754000001
Свердловская область,1830,109.43908493150681,30703.3851044505,1825,Полевской городской округ,г. Полевской,65754000001
Свердловская область,1830,109.43908493150681,30703.3851044505,1825,Берёзовский городской округ,г. Березовский,65731000001
Свердловская область,1830,109.43908493150681,30703.3851044505,1825,Берёзовский городской округ,г. Березовский,65731000001
Свердловская область,1830,109.43908493150681,30703.3851044505,1825,город Каменск-Уральский,г. Каменск-Уральский,65740000001
Свердловская область,1830,109.43908493150681,30703.3851044505,1825,город Каменск-Уральский,г. Каменск-Уральский,65740000001
Свердловская область,1830,109.43908493150681,30703.3851044505,1825,муниципальное образование «город Екатеринбург»,г. Екатеринбург,65701000001
Свердловская область,1830,109.43908493150681,30703.3851044505,1825,муниципальное образование «город Екатеринбург»,г. Екатеринбург,65701000001
Свердловская область,1830,109.43908493150681,30703.3851044505,1825,муниципальное образование «город Екатеринбург»,г. Екатеринбург,65701000001
Свердловская область,1830,109.43908493150681,30703.3851044505,1825,городской округ Красноуральск,г. Красноуральск,65746000001
Свердловская область,1830,109.43908493150681,30703.3851044505,1825,городской округ Красноуральск,г. Красноуральск,65746000001
Свердловская область,1830,109.43908493150681,30703.3851044505,1825,городской округ Красноуральск,г. Красноуральск,65746000001
Свердловская область,1830,109.43908493150681,30703.3851044505,1825,городской округ Красноуральск,г. Красноуральск,65746000001
Свердловская область,1830,109.43908493150681,30703.3851044505,1825,Нижнетуринский городской округ,г. Нижняя Тура,65715000001
Свердловская область,1830,109.43908493150681,30703.3851044505,1825,Нижнетуринский городской округ,г. Нижняя Тура,65715000001
Свердловская область,1830,109.43908493150681,30703.3851044505,1825,Ивдельский городской округ,г. Ивдель,65738000001
Свердловская область,1830,109.43908493150681,30703.3851044505,1825,Полевской городской округ,г. Полевской,65754000001
Свердловская область,1830,109.43908493150681,30703.3851044505,1825,Полевской городской округ,г. Полевской,65754000001
Свердловская область,1830,109.43908493150681,30703.3851044505,1825,Полевской городской округ,г. Полевской,65754000001
Свердловская область,1830,109.43908493150681,30703.3851044505,1825,Белоярский городской округ,с. Колюткино,65706000201
Свердловская область,1830,109.43908493150681,30703.3851044505,1825,муниципальное образование «город Екатеринбург»,г. Екатеринбург,65701000001
Свердловская область,1830,109.43908493150681,30703.3851044505,1825,муниципальное образование «город Екатеринбург»,г. Екатеринбург,65701000001
Свердловская область,1830,109.43908493150681,30703.3851044505,1825,муниципальное образование «город Екатеринбург»,г. Екатеринбург,65701000001
Свердловская область,1830,109.43908493150681,30703.3851044505,1825,городской округ Красноуральск,г. Красноуральск,65746000001
Свердловская область,1830,109.43908493150681,30703.3851044505,1825,городской округ Красноуральск,г. Красноуральск,65746000001
Свердловская область,1830,109.43908493150681,30703.3851044505,1825,городской округ Красноуральск,г. Красноуральск,65746000001
Свердловская область,1830,109.43908493150681,30703.3851044505,1825,городской округ Красноуральск,г. Красноуральск,65746000001
Свердловская область,1830,109.43908493150681,30703.3851044505,1825,Полевской городской округ,г. Полевской,65754000001
Свердловская область,1830,109.43908493150681,30703.3851044505,1825,Полевской городской округ,г. Полевской,65754000001
Свердловская область,1830,109.43908493150681,30703.3851044505,1825,Полевской городской округ,г. Полевской,65754000001
Свердловская область,1830,109.43908493150681,30703.3851044505,1825,Талицкий городской округ,г. Талица,65724000001
Свердловская область,1830,109.43908493150681,30703.3851044505,1825,Невьянский городской округ,г. Невьянск,65714000001
Свердловская область,1830,109.43908493150681,30703.3851044505,1825,муниципальное образование «город Екатеринбург»,г. Екатеринбург,65701000001
Свердловская область,1830,109.43908493150681,30703.3851044505,1825,муниципальное образование «город Екатеринбург»,г. Екатеринбург,65701000001
Свердловская область,1830,109.43908493150681,30703.3851044505,1825,Полевской городской округ,г. Полевской,65754000001
Свердловская область,1830,109.43908493150681,30703.3851044505,1825,Полевской городской округ,г. Полевской,65754000001
Свердловская область,1830,109.43908493150681,30703.3851044505,1825,Полевской городской округ,г. Полевской,65754000001
Свердловская область,1830,109.43908493150681,30703.3851044505,1825,Полевской городской округ,г. Полевской,65754000001
Свердловская область,1830,109.43908493150681,30703.3851044505,1825,Полевской городской округ,г. Полевской,65754000001
Свердловская область,1830,109.43908493150681,30703.3851044505,1825,Полевской городской округ,г. Полевской,65754000001
Свердловская область,1830,109.43908493150681,30703.3851044505,1825,Полевской городской округ,г. Полевской,65754000001
Свердловская область,1830,109.43908493150681,30703.3851044505,1825,Полевской городской округ,г. Полевской,65754000001
Свердловская область,1830,109.43908493150681,30703.3851044505,1825,Полевской городской округ,г. Полевской,65754000001
Свердловская область,1830,109.43908493150681,30703.3851044505,1825,Полевской городской округ,г. Полевской,65754000001
Свердловская область,1830,109.43908493150681,30703.3851044505,1825,городской округ Заречный,г. Заречный,65737000001
Свердловская область,1830,109.43908493150681,30703.3851044505,1825,городской округ Первоуральск,г. Первоуральск,65753000001
Свердловская область,1830,109.43908493150681,30703.3851044505,1825,Полевской городской округ,г. Полевской,65754000001
Свердловская область,1830,109.43908493150681,30703.3851044505,1825,Полевской городской округ,г. Полевской,65754000001
Свердловская область,1830,109.43908493150681,30703.3851044505,1825,Полевской городской округ,г. Полевской,65754000001
Свердловская область,1830,109.43908493150681,30703.3851044505,1825,Полевской городской округ,г. Полевской,65754000001
Свердловская область,1830,109.43908493150681,30703.3851044505,1825,Полевской городской округ,г. Полевской,65754000001
Свердловская область,1830,109.43908493150681,30703.3851044505,1825,Белоярский городской округ,с. Колюткино,65706000201
Свердловская область,1830,109.43908493150681,30703.3851044505,1825,Ивдельский городской округ,г. Ивдель,65738000001
Свердловская область,1830,109.43908493150681,30703.3851044505,1825,городской округ Красноуфимск,г. Красноуфимск,65747000001
Свердловская область,1830,109.43908493150681,30703.3851044505,1825,Слободо-Туринский муниципальный район,с. Тимофеево,65639460161
Свердловская область,1830,109.43908493150681,30703.3851044505,1825,городской округ Верхотурский,г. Верхотурье,65709000001
Свердловская область,1830,109.43908493150681,30703.3851044505,1825,городской округ Верхний Тагил,г. Верхний Тагил,65733000001
Свердловская область,1830,109.43908493150681,30703.3851044505,1825,Тавдинский городской округ,г. Тавда,65723000001
Свердловская область,1830,109.43908493150681,30703.3851044505,1825,Тавдинский городской округ,г. Тавда,65723000001
Свердловская область,1830,109.43908493150681,30703.3851044505,1825,Полевской городской округ,г. Полевской,65754000001
Свердловская область,1830,109.43908493150681,30703.3851044505,1825,Полевской городской округ,г. Полевской,65754000001
Свердловская область,1830,109.43908493150681,30703.3851044505,1825,Полевской городской округ,г. Полевской,65754000001
Свердловская область,1830,109.43908493150681,30703.3851044505,1825,муниципальное образование «город Екатеринбург»,г. Екатеринбург,65701000001
Свердловская область,1830,109.43908493150681,30703.3851044505,1825,Невьянский городской округ,г. Невьянск,65714000001
Свердловская область,1830,109.43908493150681,30703.3851044505,1825,Невьянский городской округ,г. Невьянск,65714000001
Свердловская область,1830,109.43908493150681,30703.3851044505,1825,Новолялинский городской округ,г. Новая Ляля,65716000001
Свердловская область,1830,109.43908493150681,30703.3851044505,1825,Белоярский городской округ,с. Колюткино,65706000201
Свердловская область,1830,109.43908493150681,30703.3851044505,1825,город Каменск-Уральский,г. Каменск-Уральский,65740000001
Свердловская область,1830,109.43908493150681,30703.3851044505,1825,муниципальное образование «город Екатеринбург»,г. Екатеринбург,65701000001
Свердловская область,1830,109.43908493150681,30703.3851044505,1825,муниципальное образование «город Екатеринбург»,г. Екатеринбург,65701000001
Свердловская область,1830,109.43908493150681,30703.3851044505,1825,городской округ Красноуральск,г. Красноуральск,65746000001
Свердловская область,1830,109.43908493150681,30703.3851044505,1825,городской округ Красноуральск,г. Красноуральск,65746000001
Свердловская область,1830,109.43908493150681,30703.3851044505,1825,городской округ Первоуральск,г. Первоуральск,65753000001
Свердловская область,1830,109.43908493150681,30703.3851044505,1825,Слободо-Туринский муниципальный район,с. Туринская Слобода,65639460101
Свердловская область,1830,109.43908493150681,30703.3851044505,1825,Слободо-Туринский муниципальный район,с. Туринская Слобода,65639460101
Свердловская область,1830,109.43908493150681,30703.3851044505,1825,Слободо-Туринский муниципальный район,с. Тимофеево,65639460161
Свердловская область,1830,109.43908493150681,30703.3851044505,1825,Слободо-Туринский муниципальный район,с. Тимофеево,65639460161
Свердловская область,1830,109.43908493150681,30703.3851044505,1825,Туринский городской округ,г. Туринск,65726000001
Свердловская область,1830,109.43908493150681,30703.3851044505,1825,Туринский городской округ,г. Туринск,65726000001
Свердловская область,1830,109.43908493150681,30703.3851044505,1825,Туринский городской округ,г. Туринск,65726000001
Свердловская область,1830,109.43908493150681,30703.3851044505,1825,Туринский городской округ,г. Туринск,65726000001
Свердловская область,1830,109.43908493150681,30703.3851044505,1825,Туринский городской округ,г. Туринск,65726000001
Свердловская область,1830,109.43908493150681,30703.3851044505,1825,Туринский городской округ,г. Туринск,65726000001
Свердловская область,1830,109.43908493150681,30703.3851044505,1825,Туринский городской округ,г. Туринск,65726000001
Свердловская область,1830,109.43908493150681,30703.3851044505,1825,Туринский городской округ,г. Туринск,65726000001
Свердловская область,1830,109.43908493150681,30703.3851044505,1825,Туринский городской округ,г. Туринск,65726000001
Свердловская область,1830,109.43908493150681,30703.3851044505,1825,Туринский городской округ,г. Туринск,65726000001
Свердловская область,1830,109.43908493150681,30703.3851044505,1825,Туринский городской округ,г. Туринск,65726000001
Свердловская область,1830,109.43908493150681,30703.3851044505,1825,городской округ Верхний Тагил,г. Верхний Тагил,65733000001
Свердловская область,1830,109.43908493150681,30703.3851044505,1825,Тавдинский городской округ,г. Тавда,65723000001
Свердловская область,1830,109.43908493150681,30703.3851044505,1825,Полевской городской округ,г. Полевской,65754000001
Свердловская область,1830,109.43908493150681,30703.3851044505,1825,Полевской городской округ,г. Полевской,65754000001
Свердловская область,1830,109.43908493150681,30703.3851044505,1825,Полевской городской округ,г. Полевской,65754000001
Свердловская область,1830,109.43908493150681,30703.3851044505,1825,городской округ Верхотурский,с. Прокопьевская Салда,65709000346
Свердловская область,1830,109.43908493150681,30703.3851044505,1825,Берёзовский городской округ,г. Березовский,65731000001
Свердловская область,1830,109.43908493150681,30703.3851044505,1825,муниципальное образование «город Екатеринбург»,г. Екатеринбург,65701000001
Свердловская область,1830,109.43908493150681,30703.3851044505,1825,Невьянский городской округ,г. Невьянск,65714000001
Свердловская область,1830,109.43908493150681,30703.3851044505,1825,Берёзовский городской округ,п. Монетный,65731000151
Свердловская область,1830,109.43908493150681,30703.3851044505,1825,Берёзовский городской округ,п. Монетный,65731000151
Свердловская область,1830,109.43908493150681,30703.3851044505,1825,Берёзовский городской округ,п. Монетный,65731000151
Свердловская область,1830,109.43908493150681,30703.3851044505,1825,муниципальное образование «город Екатеринбург»,г. Екатеринбург,65701000001
Свердловская область,1830,109.43908493150681,30703.3851044505,1825,муниципальное образование «город Екатеринбург»,г. Екатеринбург,65701000001
Свердловская область,1830,109.43908493150681,30703.3851044505,1825,Асбестовский городской округ,г. Асбест,65730000001
Свердловская область,1830,109.43908493150681,30703.3851044505,1825,Слободо-Туринский муниципальный район,с. Тимофеево,65639460161
Свердловская область,1830,109.43908493150681,30703.3851044505,1825,Слободо-Туринский муниципальный район,с. Тимофеево,65639460161
Свердловская область,1830,109.43908493150681,30703.3851044505,1825,Туринский городской округ,г. Туринск,65726000001
Свердловская область,1830,109.43908493150681,30703.3851044505,1825,городской округ Верхний Тагил,г. Верхний Тагил,65733000001
Свердловская область,1830,109.43908493150681,30703.3851044505,1825,Полевской городской округ,г. Полевской,65754000001
Свердловская область,1830,109.43908493150681,30703.3851044505,1825,Полевской городской округ,г. Полевской,65754000001
Свердловская область,1830,109.43908493150681,30703.3851044505,1825,Полевской городской округ,г. Полевской,65754000001
Свердловская область,1830,109.43908493150681,30703.3851044505,1825,городской округ Верхотурский,с. Прокопьевская Салда,65709000346
Свердловская область,1830,109.43908493150681,30703.3851044505,1825,Берёзовский городской округ,г. Березовский,65731000001
Свердловская область,1830,109.43908493150681,30703.3851044505,1825,Берёзовский городской округ,г. Березовский,65731000001
Свердловская область,1830,109.43908493150681,30703.3851044505,1825,Невьянский городской округ,г. Невьянск,65714000001
Свердловская область,1830,109.43908493150681,30703.3851044505,1825,Новолялинский городской округ,г. Новая Ляля,65716000001
Свердловская область,1830,109.43908493150681,30703.3851044505,1825,муниципальное образование «город Екатеринбург»,г. Екатеринбург,65701000001
Свердловская область,1830,109.43908493150681,30703.3851044505,1825,Ирбитское муниципальное образование,г. Ирбит,65739000001
Свердловская область,1830,109.43908493150681,30703.3851044505,1825,Ирбитское муниципальное образование,г. Ирбит,65739000001
Свердловская область,1830,109.43908493150681,30703.3851044505,1825,Туринский городской округ,г. Туринск,65726000001
Свердловская область,1830,109.43908493150681,30703.3851044505,1825,городской округ Верхний Тагил,г. Верхний Тагил,65733000001
Свердловская область,1830,109.43908493150681,30703.3851044505,1825,Полевской городской округ,г. Полевской,65754000001
Свердловская область,1830,109.43908493150681,30703.3851044505,1825,Полевской городской округ,г. Полевской,65754000001
Свердловская область,1830,109.43908493150681,30703.3851044505,1825,Полевской городской округ,г. Полевской,65754000001
Свердловская область,1830,109.43908493150681,30703.3851044505,1825,городской округ Верхотурский,с. Прокопьевская Салда,65709000346
Свердловская область,1830,109.43908493150681,30703.3851044505,1825,Берёзовский городской округ,г. Березовский,65731000001
Свердловская область,1830,109.43908493150681,30703.3851044505,1825,Невьянский городской округ,г. Невьянск,65714000001
Свердловская область,1830,109.43908493150681,30703.3851044505,1825,муниципальное образование «город Екатеринбург»,г. Екатеринбург,65701000001
Свердловская область,1830,109.43908493150681,30703.3851044505,1825,муниципальное образование «город Екатеринбург»,г. Екатеринбург,65701000001
Свердловская область,1830,109.43908493150681,30703.3851044505,1825,городской округ Первоуральск,г. Первоуральск,65753000001
Свердловская область,1830,109.43908493150681,30703.3851044505,1825,Ивдельский городской округ,г. Ивдель,65738000001
Свердловская область,1830,109.43908493150681,30703.3851044505,1825,городской округ Красноуфимск,г. Красноуфимск,65747000001
Свердловская область,1830,109.43908493150681,30703.3851044505,1825,Полевской городской округ,г. Полевской,65754000001
Свердловская область,1830,109.43908493150681,30703.3851044505,1825,Полевской городской округ,г. Полевской,65754000001
Свердловская область,1830,109.43908493150681,30703.3851044505,1825,Полевской городской округ,г. Полевской,65754000001
Свердловская область,1830,109.43908493150681,30703.3851044505,1825,городской округ Верхотурский,с. Прокопьевская Салда,65709000346
Свердловская область,1830,109.43908493150681,30703.3851044505,1825,муниципальное образование «город Екатеринбург»,г. Екатеринбург,65701000001
Свердловская область,1830,109.43908493150681,30703.3851044505,1825,Новолялинский городской округ,г. Новая Ляля,65716000001
Свердловская область,1830,109.43908493150681,30703.3851044505,1825,муниципальное образование «город Екатеринбург»,г. Екатеринбург,65701000001
Свердловская область,1830,109.43908493150681,30703.3851044505,1825,городской округ Красноуральск,г. Красноуральск,65746000001
Свердловская область,1830,109.43908493150681,30703.3851044505,1825,городской округ Красноуральск,г. Красноуральск,65746000001
Свердловская область,1830,109.43908493150681,30703.3851044505,1825,городской округ Красноуральск,г. Красноуральск,65746000001
Свердловская область,1830,109.43908493150681,30703.3851044505,1825,Ивдельский городской округ,г. Ивдель,65738000001
Свердловская область,1830,109.43908493150681,30703.3851044505,1825,Полевской городской округ,г. Полевской,65754000001
Свердловская область,1830,109.43908493150681,30703.3851044505,1825,муниципальное образование «город Екатеринбург»,г. Екатеринбург,65701000001
Свердловская область,1830,109.43908493150681,30703.3851044505,1825,город Каменск-Уральский,г. Каменск-Уральский,65740000001
Свердловская область,1830,109.43908493150681,30703.3851044505,1825,муниципальное образование «город Екатеринбург»,г. Екатеринбург,65701000001
Свердловская область,1830,109.43908493150681,30703.3851044505,1825,муниципальное образование «город Екатеринбург»,г. Екатеринбург,65701000001
Свердловская область,1830,109.43908493150681,30703.3851044505,1825,городской округ Красноуральск,г. Красноуральск,65746000001
Свердловская область,1830,109.43908493150681,30703.3851044505,1825,городской округ Красноуральск,г. Красноуральск,65746000001
Свердловская область,1830,109.43908493150681,30703.3851044505,1825,Ирбитское муниципальное образование,г. Ирбит,65739000001
Свердловская область,1830,109.43908493150681,30703.3851044505,1825,муниципальное образование «город Екатеринбург»,г. Екатеринбург,65701000001
Свердловская область,1830,109.43908493150681,30703.3851044505,1825,муниципальное образование «город Екатеринбург»,г. Екатеринбург,65701000001
Свердловская область,1830,109.43908493150681,30703.3851044505,1825,муниципальное образование «город Екатеринбург»,г. Екатеринбург,65701000001
Свердловская область,1830,109.43908493150681,30703.3851044505,1825,Полевской городской округ,г. Полевской,65754000001
Свердловская область,1830,109.43908493150681,30703.3851044505,1825,Полевской городской округ,г. Полевской,65754000001
Свердловская область,1830,109.43908493150681,30703.3851044505,1825,Талицкий городской округ,г. Талица,65724000001
Свердловская область,1830,109.43908493150681,30703.3851044505,1825,Талицкий городской округ,г. Талица,65724000001
Свердловская область,1830,109.43908493150681,30703.3851044505,1825,Слободо-Туринский муниципальный район,с. Тимофеево,65639460161
Свердловская область,1830,109.43908493150681,30703.3851044505,1825,Полевской городской округ,г. Полевской,65754000001
Свердловская область,1830,109.43908493150681,30703.3851044505,1825,Полевской городской округ,г. Полевской,65754000001
Свердловская область,1830,109.43908493150681,30703.3851044505,1825,Талицкий городской округ,г. Талица,65724000001
Свердловская область,1830,109.43908493150681,30703.3851044505,1825,Талицкий городской округ,г. Талица,65724000001
Свердловская область,1830,109.43908493150681,30703.3851044505,1825,Ирбитское муниципальное образование,г. Ирбит,65739000001
Свердловская область,1830,109.43908493150681,30703.3851044505,1825,Ирбитское муниципальное образование,г. Ирбит,65739000001
Свердловская область,1830,109.43908493150681,30703.3851044505,1825,городской округ Краснотурьинск,г. Краснотурьинск,65745000001
Свердловская область,1830,109.43908493150681,30703.3851044505,1825,Полевской городской округ,г. Полевской,65754000001
Свердловская область,1830,109.43908493150681,30703.3851044505,1825,Полевской городской округ,г. Полевской,65754000001
Свердловская область,1830,109.43908493150681,30703.3851044505,1825,Талицкий городской округ,г. Талица,65724000001
Свердловская область,1830,109.43908493150681,30703.3851044505,1825,Слободо-Туринский муниципальный район,с. Краснослободское,65639470191
Свердловская область,1830,109.43908493150681,30703.3851044505,1825,Ирбитское муниципальное образование,г. Ирбит,65739000001
Свердловская область,1830,109.43908493150681,30703.3851044505,1825,Ирбитское муниципальное образование,г. Ирбит,65739000001
Свердловская область,1830,109.43908493150681,30703.3851044505,1825,Невьянский городской округ,г. Невьянск,65714000001
Свердловская область,1830,109.43908493150681,30703.3851044505,1825,Новолялинский городской округ,п. Лобва,65716000151
Свердловская область,1830,109.43908493150681,30703.3851044505,1825,городской округ Богданович,г. Богданович,65707000001
Свердловская область,1830,109.43908493150681,30703.3851044505,1825,муниципальное образование «город Екатеринбург»,г. Екатеринбург,65701000001
Свердловская область,1830,109.43908493150681,30703.3851044505,1825,муниципальное образование «город Екатеринбург»,г. Екатеринбург,65701000001
Свердловская область,1830,109.43908493150681,30703.3851044505,1825,муниципальное образование «город Екатеринбург»,г. Екатеринбург,65701000001
Свердловская область,1830,109.43908493150681,30703.3851044505,1825,Ирбитское муниципальное образование,г. Ирбит,65739000001
Свердловская область,1830,109.43908493150681,30703.3851044505,1825,Нижнетуринский городской округ,д. Новая Тура,65715000116
Свердловская область,1830,109.43908493150681,30703.3851044505,1825,Тавдинский городской округ,г. Тавда,65723000001
Свердловская область,1830,109.43908493150681,30703.3851044505,1825,Тавдинский городской округ,г. Тавда,65723000001
Свердловская область,1830,109.43908493150681,30703.3851044505,1825,Полевской городской округ,г. Полевской,65754000001
Свердловская область,1830,109.43908493150681,30703.3851044505,1825,Полевской городской округ,г. Полевской,65754000001
Свердловская область,1830,109.43908493150681,30703.3851044505,1825,Полевской городской округ,г. Полевской,65754000001
Свердловская область,1830,109.43908493150681,30703.3851044505,1825,городской округ Верхотурский,с. Прокопьевская Салда,65709000346
Свердловская область,1830,109.43908493150681,30703.3851044505,1825,городской округ Верхотурский,с. Прокопьевская Салда,65709000346
Свердловская область,1830,109.43908493150681,30703.3851044505,1825,Талицкий городской округ,г. Талица,65724000001
Свердловская область,1830,109.43908493150681,30703.3851044505,1825,Камышловский городской округ,г. Камышлов,65741000001
Свердловская область,1830,109.43908493150681,30703.3851044505,1825,Берёзовский городской округ,г. Березовский,65731000001
Свердловская область,1830,109.43908493150681,30703.3851044505,1825,Слободо-Туринский муниципальный район,с. Краснослободское,65639470191
Свердловская область,1830,109.43908493150681,30703.3851044505,1825,Невьянский городской округ,г. Невьянск,65714000001
Свердловская область,1830,109.43908493150681,30703.3851044505,1825,Невьянский городской округ,г. Невьянск,65714000001
Свердловская область,1830,109.43908493150681,30703.3851044505,1825,городской округ Богданович,г. Богданович,65707000001
Свердловская область,1830,109.43908493150681,30703.3851044505,1825,Сысертский городской округ,п. Двуреченск,65722000181
Свердловская область,1830,109.43908493150681,30703.3851044505,1825,Сысертский городской округ,п. Двуреченск,65722000181
Свердловская область,1830,109.43908493150681,30703.3851044505,1825,Белоярский городской округ,с. Колюткино,65706000201
Свердловская область,1830,109.43908493150681,30703.3851044505,1825,Белоярский городской округ,с. Колюткино,65706000201
Свердловская область,1830,109.43908493150681,30703.3851044505,1825,город Каменск-Уральский,д. Кодинка,65740000106
Свердловская область,1830,109.43908493150681,30703.3851044505,1825,город Каменск-Уральский,г. Каменск-Уральский,65740000001
Свердловская область,1830,109.43908493150681,30703.3851044505,1825,город Каменск-Уральский,г. Каменск-Уральский,65740000001
Свердловская область,1830,109.43908493150681,30703.3851044505,1825,муниципальное образование «город Екатеринбург»,г. Екатеринбург,65701000001
Свердловская область,1830,109.43908493150681,30703.3851044505,1825,муниципальное образование «город Екатеринбург»,г. Екатеринбург,65701000001
Свердловская область,1830,109.43908493150681,30703.3851044505,1825,муниципальное образование «город Екатеринбург»,г. Екатеринбург,65701000001
Свердловская область,1830,109.43908493150681,30703.3851044505,1825,Арамильский городской округ,г. Арамиль,65729000001
Свердловская область,1830,109.43908493150681,30703.3851044505,1825,Слободо-Туринский муниципальный район,с. Тимофеево,65639460161
Свердловская область,1830,109.43908493150681,30703.3851044505,1825,Слободо-Туринский муниципальный район,с. Тимофеево,65639460161
Свердловская область,1830,109.43908493150681,30703.3851044505,1825,Туринский городской округ,г. Туринск,65726000001
Свердловская область,1830,109.43908493150681,30703.3851044505,1825,городской округ Верхний Тагил,г. Верхний Тагил,65733000001
Свердловская область,1830,109.43908493150681,30703.3851044505,1825,Тавдинский городской округ,г. Тавда,65723000001
Свердловская область,1830,109.43908493150681,30703.3851044505,1825,Тавдинский городской округ,г. Тавда,65723000001
Свердловская область,1830,109.43908493150681,30703.3851044505,1825,Полевской городской округ,г. Полевской,65754000001
Свердловская область,1830,109.43908493150681,30703.3851044505,1825,Берёзовский городской округ,г. Березовский,65731000001
Свердловская область,1830,109.43908493150681,30703.3851044505,1825,Невьянский городской округ,г. Невьянск,65714000001
Свердловская область,1830,109.43908493150681,30703.3851044505,1825,Невьянский городской округ,г. Невьянск,65714000001
Свердловская область,1830,109.43908493150681,30703.3851044505,1825,муниципальное образование «город Екатеринбург»,г. Екатеринбург,65701000001
Свердловская область,1830,109.43908493150681,30703.3851044505,1825,муниципальное образование «город Екатеринбург»,г. Екатеринбург,65701000001
Свердловская область,1830,109.43908493150681,30703.3851044505,1825,Слободо-Туринский муниципальный район,с. Тимофеево,65639460161
Свердловская область,1830,109.43908493150681,30703.3851044505,1825,Слободо-Туринский муниципальный район,с. Тимофеево,65639460161
Свердловская область,1830,109.43908493150681,30703.3851044505,1825,Туринский городской округ,г. Туринск,65726000001
Свердловская область,1830,109.43908493150681,30703.3851044505,1825,городской округ Верхний Тагил,г. Верхний Тагил,65733000001
Свердловская область,1830,109.43908493150681,30703.3851044505,1825,Полевской городской округ,г. Полевской,65754000001
Свердловская область,1830,109.43908493150681,30703.3851044505,1825,городской округ Первоуральск,с. Новоалексеевское,65753000241
Свердловская область,1830,109.43908493150681,30703.3851044505,1825,Берёзовский городской округ,г. Березовский,65731000001
Свердловская область,1830,109.43908493150681,30703.3851044505,1825,Невьянский городской округ,г. Невьянск,65714000001
Свердловская область,1830,109.43908493150681,30703.3851044505,1825,Ирбитское муниципальное образование,г. Ирбит,65739000001
Свердловская область,1830,109.43908493150681,30703.3851044505,1825,Слободо-Туринский муниципальный район,с. Тимофеево,65639460161
Свердловская область,1830,109.43908493150681,30703.3851044505,1825,Слободо-Туринский муниципальный район,с. Тимофеево,65639460161
Свердловская область,1830,109.43908493150681,30703.3851044505,1825,Туринский городской округ,г. Туринск,65726000001
Свердловская область,1830,109.43908493150681,30703.3851044505,1825,городской округ Верхний Тагил,г. Верхний Тагил,65733000001
Свердловская область,1830,109.43908493150681,30703.3851044505,1825,Полевской городской округ,г. Полевской,65754000001
Свердловская область,1830,109.43908493150681,30703.3851044505,1825,Берёзовский городской округ,г. Березовский,65731000001
Свердловская область,1830,109.43908493150681,30703.3851044505,1825,Невьянский городской округ,г. Невьянск,65714000001
Свердловская область,1830,109.43908493150681,30703.3851044505,1825,Серовский городской округ,г. Серов,65756000001
Свердловская область,1830,109.43908493150681,30703.3851044505,1825,муниципальное образование «город Екатеринбург»,г. Екатеринбург,65701000001
Свердловская область,1830,109.43908493150681,30703.3851044505,1825,муниципальное образование «город Екатеринбург»,г. Екатеринбург,65701000001
Свердловская область,1830,109.43908493150681,30703.3851044505,1825,Слободо-Туринский муниципальный район,с. Краснослободское,65639470191
Свердловская область,1830,109.43908493150681,30703.3851044505,1825,Новолялинский городской округ,п. Лобва,65716000151
Свердловская область,1830,109.43908493150681,30703.3851044505,1825,городской округ Дегтярск,г. Дегтярск,65736000001
Свердловская область,1830,109.43908493150681,30703.3851044505,1825,городской округ Дегтярск,г. Дегтярск,65736000001
Свердловская область,1830,109.43908493150681,30703.3851044505,1825,городской округ Дегтярск,г. Дегтярск,65736000001
Свердловская область,1830,109.43908493150681,30703.3851044505,1825,городской округ Дегтярск,г. Дегтярск,65736000001
Свердловская область,1830,109.43908493150681,30703.3851044505,1825,город Каменск-Уральский,г. Каменск-Уральский,65740000001
Свердловская область,1830,109.43908493150681,30703.3851044505,1825,муниципальное образование «город Екатеринбург»,г. Екатеринбург,65701000001
Свердловская область,1830,109.43908493150681,30703.3851044505,1825,городской округ Дегтярск,г. Дегтярск,65736000001
Свердловская область,1830,109.43908493150681,30703.3851044505,1825,городской округ Дегтярск,г. Дегтярск,65736000001
Свердловская область,1830,109.43908493150681,30703.3851044505,1825,городской округ Дегтярск,г. Дегтярск,65736000001
Свердловская область,1830,109.43908493150681,30703.3851044505,1825,муниципальное образование «город Екатеринбург»,г. Екатеринбург,65701000001
Свердловская область,1830,109.43908493150681,30703.3851044505,1825,Тавдинский городской округ,г. Тавда,65723000001
Свердловская область,1830,109.43908493150681,30703.3851044505,1825,городской округ Верхотурский,с. Прокопьевская Салда,65709000346
Свердловская область,1830,109.43908493150681,30703.3851044505,1825,городской округ Верхотурский,с. Прокопьевская Салда,65709000346
Свердловская область,1830,109.43908493150681,30703.3851044505,1825,городской округ Красноуральск,г. Красноуральск,65746000001
Свердловская область,1830,109.43908493150681,30703.3851044505,1825,Туринский городской округ,г. Туринск,65726000001
Свердловская область,1830,109.43908493150681,30703.3851044505,1825,Пышминский городской округ,рп. Пышма,65718000051
Свердловская область,1830,109.43908493150681,30703.3851044505,1825,Пышминский городской округ,рп. Пышма,65718000051
Свердловская область,1830,109.43908493150681,30703.3851044505,1825,Берёзовский городской округ,г. Березовский,65731000001
Свердловская область,1830,109.43908493150681,30703.3851044505,1825,Берёзовский городской округ,г. Березовский,65731000001
Свердловская область,1830,109.43908493150681,30703.3851044505,1825,город Каменск-Уральский,г. Каменск-Уральский,65740000001
Свердловская область,1830,109.43908493150681,30703.3851044505,1825,муниципальное образование «город Екатеринбург»,г. Екатеринбург,65701000001
Свердловская область,1830,109.43908493150681,30703.3851044505,1825,Асбестовский городской округ,г. Асбест,65730000001
Свердловская область,1830,109.43908493150681,30703.3851044505,1825,Асбестовский городской округ,г. Асбест,65730000001
Свердловская область,1830,109.43908493150681,30703.3851044505,1825,Асбестовский городской округ,г. Асбест,65730000001
Свердловская область,1830,109.43908493150681,30703.3851044505,1825,Асбестовский городской округ,г. Асбест,65730000001
Свердловская область,1830,109.43908493150681,30703.3851044505,1825,Белоярский городской округ,с. Колюткино,65706000201
Свердловская область,1830,109.43908493150681,30703.3851044505,1825,город Каменск-Уральский,г. Каменск-Уральский,65740000001
Свердловская область,1830,109.43908493150681,30703.3851044505,1825,муниципальное образование «город Екатеринбург»,г. Екатеринбург,65701000001
Свердловская область,1830,109.43908493150681,30703.3851044505,1825,муниципальное образование «город Екатеринбург»,г. Екатеринбург,65701000001
Свердловская область,1830,109.43908493150681,30703.3851044505,1825,муниципальное образование «город Екатеринбург»,г. Екатеринбург,65701000001
Свердловская область,1830,109.43908493150681,30703.3851044505,1825,городской округ Красноуральск,г. Красноуральск,65746000001
Свердловская область,1830,109.43908493150681,30703.3851044505,1825,городской округ Красноуральск,г. Красноуральск,65746000001
Свердловская область,1830,109.43908493150681,30703.3851044505,1825,Туринский городской округ,г. Туринск,65726000001
Свердловская область,1830,109.43908493150681,30703.3851044505,1825,Талицкий городской округ,г. Талица,65724000001
Свердловская область,1830,109.43908493150681,30703.3851044505,1825,Талицкий городской округ,г. Талица,65724000001
Свердловская область,1830,109.43908493150681,30703.3851044505,1825,Камышловский городской округ,г. Камышлов,65741000001
Свердловская область,1830,109.43908493150681,30703.3851044505,1825,Камышловский городской округ,г. Камышлов,65741000001
Свердловская область,1830,109.43908493150681,30703.3851044505,1825,Слободо-Туринский муниципальный район,с. Краснослободское,65639470191
Свердловская область,1830,109.43908493150681,30703.3851044505,1825,Ирбитское муниципальное образование,г. Ирбит,65739000001
Свердловская область,1830,109.43908493150681,30703.3851044505,1825,Невьянский городской округ,г. Невьянск,65714000001
Свердловская область,1830,109.43908493150681,30703.3851044505,1825,город Каменск-Уральский,г. Каменск-Уральский,65740000001
Свердловская область,1830,109.43908493150681,30703.3851044505,1825,город Нижний Тагил,г. Нижний Тагил,65751000001
Свердловская область,1830,109.43908493150681,30703.3851044505,1825,Талицкий городской округ,г. Талица,65724000001
Свердловская область,1830,109.43908493150681,30703.3851044505,1825,Талицкий городской округ,г. Талица,65724000001
Свердловская область,1830,109.43908493150681,30703.3851044505,1825,Камышловский городской округ,г. Камышлов,65741000001
Свердловская область,1830,109.43908493150681,30703.3851044505,1825,Камышловский городской округ,г. Камышлов,65741000001
Свердловская область,1830,109.43908493150681,30703.3851044505,1825,Ирбитское муниципальное образование,г. Ирбит,65739000001
Свердловская область,1830,109.43908493150681,30703.3851044505,1825,Ирбитское муниципальное образование,г. Ирбит,65739000001
Свердловская область,1830,109.43908493150681,30703.3851044505,1825,городской округ Красноуральск,г. Красноуральск,65746000001
Свердловская область,1830,109.43908493150681,30703.3851044505,1825,городской округ Красноуральск,г. Красноуральск,65746000001
Свердловская область,1830,109.43908493150681,30703.3851044505,1825,Белоярский городской округ,с. Колюткино,65706000201
Свердловская область,1830,109.43908493150681,30703.3851044505,1825,город Каменск-Уральский,г. Каменск-Уральский,65740000001
Свердловская область,1830,109.43908493150681,30703.3851044505,1825,город Каменск-Уральский,г. Каменск-Уральский,65740000001
Свердловская область,1830,109.43908493150681,30703.3851044505,1825,муниципальное образование «город Екатеринбург»,г. Екатеринбург,65701000001
Свердловская область,1830,109.43908493150681,30703.3851044505,1825,муниципальное образование «город Екатеринбург»,г. Екатеринбург,65701000001
Свердловская область,1830,109.43908493150681,30703.3851044505,1825,Ирбитское муниципальное образование,г. Ирбит,65739000001
Свердловская область,1830,109.43908493150681,30703.3851044505,1825,городской округ Красноуральск,г. Красноуральск,65746000001
Свердловская область,1830,109.43908493150681,30703.3851044505,1825,городской округ Красноуральск,г. Красноуральск,65746000001
Свердловская область,1830,109.43908493150681,30703.3851044505,1825,муниципальное образование «город Екатеринбург»,г. Екатеринбург,65701000001
Свердловская область,1830,109.43908493150681,30703.3851044505,1825,городской округ Первоуральск,г. Первоуральск,65753000001
Свердловская область,1830,109.43908493150681,30703.3851044505,1825,городской округ Верхний Тагил,г. Верхний Тагил,65733000001
Свердловская область,1830,109.43908493150681,30703.3851044505,1825,городской округ Верхний Тагил,г. Верхний Тагил,65733000001
Свердловская область,1830,109.43908493150681,30703.3851044505,1825,городской округ Верхний Тагил,г. Верхний Тагил,65733000001
Свердловская область,1830,109.43908493150681,30703.3851044505,1825,городской округ Верхний Тагил,г. Верхний Тагил,65733000001
Свердловская область,1830,109.43908493150681,30703.3851044505,1825,Тавдинский городской округ,г. Тавда,65723000001
Свердловская область,1830,109.43908493150681,30703.3851044505,1825,Тавдинский городской округ,г. Тавда,65723000001
Свердловская область,1830,109.43908493150681,30703.3851044505,1825,Полевской городской округ,г. Полевской,65754000001
Свердловская область,1830,109.43908493150681,30703.3851044505,1825,Полевской городской округ,г. Полевской,65754000001
Свердловская область,1830,109.43908493150681,30703.3851044505,1825,Полевской городской округ,г. Полевской,65754000001
Свердловская область,1830,109.43908493150681,30703.3851044505,1825,городской округ Верхотурский,с. Прокопьевская Салда,65709000346
Свердловская область,1830,109.43908493150681,30703.3851044505,1825,Талицкий городской округ,г. Талица,65724000001
Свердловская область,1830,109.43908493150681,30703.3851044505,1825,Талицкий городской округ,г. Талица,65724000001
Свердловская область,1830,109.43908493150681,30703.3851044505,1825,Камышловский городской округ,г. Камышлов,65741000001
Свердловская область,1830,109.43908493150681,30703.3851044505,1825,Берёзовский городской округ,г. Березовский,65731000001
Свердловская область,1830,109.43908493150681,30703.3851044505,1825,Слободо-Туринский муниципальный район,с. Краснослободское,65639470191
Свердловская область,1830,109.43908493150681,30703.3851044505,1825,Ирбитское муниципальное образование,г. Ирбит,65739000001
Свердловская область,1830,109.43908493150681,30703.3851044505,1825,Невьянский городской округ,г. Невьянск,65714000001
Свердловская область,1830,109.43908493150681,30703.3851044505,1825,городской округ Красноуральск,г. Красноуральск,65746000001
Свердловская область,1830,109.43908493150681,30703.3851044505,1825,городской округ Красноуральск,г. Красноуральск,65746000001
Свердловская область,1830,109.43908493150681,30703.3851044505,1825,городской округ Красноуральск,г. Красноуральск,65746000001
Свердловская область,1830,109.43908493150681,30703.3851044505,1825,городской округ Красноуральск,г. Красноуральск,65746000001
Свердловская область,1830,109.43908493150681,30703.3851044505,1825,городской округ Богданович,г. Богданович,65707000001
Свердловская область,1830,109.43908493150681,30703.3851044505,1825,Сысертский городской округ,п. Двуреченск,65722000181
Свердловская область,1830,109.43908493150681,30703.3851044505,1825,Сысертский городской округ,п. Двуреченск,65722000181
Свердловская область,1830,109.43908493150681,30703.3851044505,1825,Белоярский городской округ,с. Колюткино,65706000201
Свердловская область,1830,109.43908493150681,30703.3851044505,1825,город Каменск-Уральский,г. Каменск-Уральский,65740000001
Свердловская область,1830,109.43908493150681,30703.3851044505,1825,муниципальное образование «город Екатеринбург»,г. Екатеринбург,65701000001
Свердловская область,1830,109.43908493150681,30703.3851044505,1825,Ирбитское муниципальное образование,г. Ирбит,65739000001
Свердловская область,1830,109.43908493150681,30703.3851044505,1825,городской округ Красноуральск,г. Красноуральск,65746000001
Свердловская область,1830,109.43908493150681,30703.3851044505,1825,городской округ Красноуральск,г. Красноуральск,65746000001
Свердловская область,1830,109.43908493150681,30703.3851044505,1825,городской округ Красноуральск,г. Красноуральск,65746000001
Свердловская область,1830,109.43908493150681,30703.3851044505,1825,городской округ Красноуральск,г. Красноуральск,65746000001
Свердловская область,1830,109.43908493150681,30703.3851044505,1825,городской округ Красноуральск,г. Красноуральск,65746000001
Свердловская область,1830,109.43908493150681,30703.3851044505,1825,городской округ Красноуральск,г. Красноуральск,65746000001
Свердловская область,1830,109.43908493150681,30703.3851044505,1825,Слободо-Туринский муниципальный район,с. Тимофеево,65639460161
Свердловская область,1830,109.43908493150681,30703.3851044505,1825,городской округ Верхний Тагил,г. Верхний Тагил,65733000001
Свердловская область,1830,109.43908493150681,30703.3851044505,1825,городской округ Верхний Тагил,г. Верхний Тагил,65733000001
Свердловская область,1830,109.43908493150681,30703.3851044505,1825,Тавдинский городской округ,г. Тавда,65723000001
Свердловская область,1830,109.43908493150681,30703.3851044505,1825,Тавдинский городской округ,г. Тавда,65723000001
Свердловская область,1830,109.43908493150681,30703.3851044505,1825,Берёзовский городской округ,г. Березовский,65731000001
Свердловская область,1830,109.43908493150681,30703.3851044505,1825,муниципальное образование «город Екатеринбург»,г. Екатеринбург,65701000001
Свердловская область,1830,109.43908493150681,30703.3851044505,1825,Невьянский городской округ,г. Невьянск,65714000001
Свердловская область,1830,109.43908493150681,30703.3851044505,1825,городской округ Красноуральск,г. Красноуральск,65746000001
Свердловская область,1830,109.43908493150681,30703.3851044505,1825,городской округ Красноуральск,г. Красноуральск,65746000001
Свердловская область,1830,109.43908493150681,30703.3851044505,1825,городской округ Красноуральск,г. Красноуральск,65746000001
Свердловская область,1830,109.43908493150681,30703.3851044505,1825,Сысертский городской округ,п. Двуреченск,65722000181
Свердловская область,1830,109.43908493150681,30703.3851044505,1825,Сысертский городской округ,п. Двуреченск,65722000181
Свердловская область,1830,109.43908493150681,30703.3851044505,1825,городской округ Красноуральск,г. Красноуральск,65746000001
Свердловская область,1830,109.43908493150681,30703.3851044505,1825,Слободо-Туринский муниципальный район,с. Тимофеево,65639460161
Свердловская область,1830,109.43908493150681,30703.3851044505,1825,городской округ Верхний Тагил,г. Верхний Тагил,65733000001
Свердловская область,1830,109.43908493150681,30703.3851044505,1825,городской округ Верхний Тагил,г. Верхний Тагил,65733000001
Свердловская область,1830,109.43908493150681,30703.3851044505,1825,городской округ Верхний Тагил,г. Верхний Тагил,65733000001
Свердловская область,1830,109.43908493150681,30703.3851044505,1825,Тавдинский городской округ,г. Тавда,65723000001
Свердловская область,1830,109.43908493150681,30703.3851044505,1825,Тавдинский городской округ,г. Тавда,65723000001
Свердловская область,1830,109.43908493150681,30703.3851044505,1825,Берёзовский городской округ,г. Березовский,65731000001
Свердловская область,1830,109.43908493150681,30703.3851044505,1825,муниципальное образование «город Екатеринбург»,г. Екатеринбург,65701000001
Свердловская область,1830,109.43908493150681,30703.3851044505,1825,Невьянский городской округ,г. Невьянск,65714000001
Свердловская область,1830,109.43908493150681,30703.3851044505,1825,городской округ Красноуральск,г. Красноуральск,65746000001
Свердловская область,1830,109.43908493150681,30703.3851044505,1825,городской округ Красноуральск,г. Красноуральск,65746000001
Свердловская область,1830,109.43908493150681,30703.3851044505,1825,муниципальное образование «город Екатеринбург»,г. Екатеринбург,65701000001
Свердловская область,1830,109.43908493150681,30703.3851044505,1825,Ирбитское муниципальное образование,г. Ирбит,65739000001
Свердловская область,1830,109.43908493150681,30703.3851044505,1825,Слободо-Туринский муниципальный район,с. Тимофеево,65639460161
Свердловская область,1830,109.43908493150681,30703.3851044505,1825,Берёзовский городской округ,г. Березовский,65731000001
Свердловская область,1830,109.43908493150681,30703.3851044505,1825,муниципальное образование «город Екатеринбург»,г. Екатеринбург,65701000001
Свердловская область,1830,109.43908493150681,30703.3851044505,1825,Невьянский городской округ,г. Невьянск,65714000001
Свердловская область,1830,109.43908493150681,30703.3851044505,1825,городской округ Красноуральск,г. Красноуральск,65746000001
Свердловская область,1830,109.43908493150681,30703.3851044505,1825,городской округ Красноуральск,г. Красноуральск,65746000001
Свердловская область,1830,109.43908493150681,30703.3851044505,1825,Шалинский городской округ,рп. Староуткинск,65766000051
Свердловская область,1830,109.43908493150681,30703.3851044505,1825,городской округ Первоуральск,г. Первоуральск,65753000001
Свердловская область,1830,109.43908493150681,30703.3851044505,1825,Туринский городской округ,г. Туринск,65726000001
Свердловская область,1830,109.43908493150681,30703.3851044505,1825,Берёзовский городской округ,г. Березовский,65731000001
Свердловская область,1830,109.43908493150681,30703.3851044505,1825,муниципальное образование «город Екатеринбург»,г. Екатеринбург,65701000001
Свердловская область,1830,109.43908493150681,30703.3851044505,1825,городской округ Краснотурьинск,г. Краснотурьинск,65745000001
Свердловская область,1830,109.43908493150681,30703.3851044505,1825,городской округ Красноуральск,г. Красноуральск,65746000001
Свердловская область,1830,109.43908493150681,30703.3851044505,1825,городской округ Красноуральск,г. Красноуральск,65746000001
Свердловская область,1830,109.43908493150681,30703.3851044505,1825,городской округ Красноуральск,г. Красноуральск,65746000001
Свердловская область,1830,109.43908493150681,30703.3851044505,1825,Сысертский городской округ,п. Двуреченск,65722000181
Свердловская область,1830,109.43908493150681,30703.3851044505,1825,Сысертский городской округ,п. Двуреченск,65722000181
Свердловская область,1830,109.43908493150681,30703.3851044505,1825,Белоярский городской округ,с. Колюткино,65706000201
Свердловская область,1830,109.43908493150681,30703.3851044505,1825,муниципальное образование «город Екатеринбург»,г. Екатеринбург,65701000001
Свердловская область,1830,109.43908493150681,30703.3851044505,1825,городской округ Красноуральск,г. Красноуральск,65746000001
Свердловская область,1830,109.43908493150681,30703.3851044505,1825,городской округ Красноуральск,г. Красноуральск,65746000001
Свердловская область,1830,109.43908493150681,30703.3851044505,1825,Режевской городской округ,г. Реж,65720000001
Свердловская область,1830,109.43908493150681,30703.3851044505,1825,Асбестовский городской округ,г. Асбест,65730000001
Свердловская область,1830,109.43908493150681,30703.3851044505,1825,Асбестовский городской округ,г. Асбест,65730000001
Свердловская область,1830,109.43908493150681,30703.3851044505,1825,городской округ Красноуральск,г. Красноуральск,65746000001
Свердловская область,1830,109.43908493150681,30703.3851044505,1825,городской округ Красноуральск,г. Красноуральск,65746000001
Свердловская область,1830,109.43908493150681,30703.3851044505,1825,городской округ Красноуральск,г. Красноуральск,65746000001
Свердловская область,1830,109.43908493150681,30703.3851044505,1825,Белоярский городской округ,с. Колюткино,65706000201
Свердловская область,1830,109.43908493150681,30703.3851044505,1825,муниципальное образование «город Екатеринбург»,г. Екатеринбург,65701000001
Свердловская область,1830,109.43908493150681,30703.3851044505,1825,городской округ Красноуральск,г. Красноуральск,65746000001
Свердловская область,1830,109.43908493150681,30703.3851044505,1825,городской округ Красноуральск,г. Красноуральск,65746000001
Свердловская область,1830,109.43908493150681,30703.3851044505,1825,городской округ Красноуральск,г. Красноуральск,65746000001
Свердловская область,1830,109.43908493150681,30703.3851044505,1825,городской округ Красноуральск,г. Красноуральск,65746000001
Свердловская область,1830,109.43908493150681,30703.3851044505,1825,Талицкий городской округ,г. Талица,65724000001
Свердловская область,1830,109.43908493150681,30703.3851044505,1825,муниципальное образование «город Екатеринбург»,г. Екатеринбург,65701000001
Свердловская область,1830,109.43908493150681,30703.3851044505,1825,Асбестовский городской округ,г. Асбест,65730000001
Свердловская область,1830,109.43908493150681,30703.3851044505,1825,Асбестовский городской округ,г. Асбест,65730000001
Свердловская область,1830,109.43908493150681,30703.3851044505,1825,Асбестовский городской округ,г. Асбест,65730000001
Свердловская область,1830,109.43908493150681,30703.3851044505,1825,городской округ Верхотурский,с. Прокопьевская Салда,65709000346
Свердловская область,1830,109.43908493150681,30703.3851044505,1825,Талицкий городской округ,г. Талица,65724000001
Свердловская область,1830,109.43908493150681,30703.3851044505,1825,Талицкий городской округ,г. Талица,65724000001
Свердловская область,1830,109.43908493150681,30703.3851044505,1825,муниципальное образование «город Екатеринбург»,г. Екатеринбург,65701000001
Свердловская область,1830,109.43908493150681,30703.3851044505,1825,муниципальное образование «город Екатеринбург»,г. Екатеринбург,65701000001
Свердловская область,1830,109.43908493150681,30703.3851044505,1825,городской округ Красноуфимск,г. Красноуфимск,65747000001
Свердловская область,1830,109.43908493150681,30703.3851044505,1825,городской округ Верхотурский,с. Прокопьевская Салда,65709000346
Свердловская область,1830,109.43908493150681,30703.3851044505,1825,городской округ Верхотурский,с. Прокопьевская Салда,65709000346
Свердловская область,1830,109.43908493150681,30703.3851044505,1825,Талицкий городской округ,г. Талица,65724000001
Свердловская область,1830,109.43908493150681,30703.3851044505,1825,город Каменск-Уральский,г. Каменск-Уральский,65740000001
Свердловская область,1830,109.43908493150681,30703.3851044505,1825,муниципальное образование «город Екатеринбург»,г. Екатеринбург,65701000001
Свердловская область,1830,109.43908493150681,30703.3851044505,1825,муниципальное образование «город Екатеринбург»,г. Екатеринбург,65701000001
Свердловская область,1830,109.43908493150681,30703.3851044505,1825,городской округ Красноуральск,п. Межень,65746000136
Свердловская область,1830,109.43908493150681,30703.3851044505,1825,муниципальное образование «город Екатеринбург»,г. Екатеринбург,65701000001
Свердловская область,1830,109.43908493150681,30703.3851044505,1825,Талицкий городской округ,г. Талица,65724000001
Свердловская область,1830,109.43908493150681,30703.3851044505,1825,Талицкий городской округ,г. Талица,65724000001
Свердловская область,1830,109.43908493150681,30703.3851044505,1825,городской округ Сухой Лог,г. Сухой Лог,65758000001
Свердловская область,1830,109.43908493150681,30703.3851044505,1825,Камышловский городской округ,г. Камышлов,65741000001
Свердловская область,1830,109.43908493150681,30703.3851044505,1825,Слободо-Туринский муниципальный район,с. Краснослободское,65639470191
Свердловская область,1830,109.43908493150681,30703.3851044505,1825,Ирбитское муниципальное образование,г. Ирбит,65739000001
Свердловская область,1830,109.43908493150681,30703.3851044505,1825,городской округ Красноуральск,г. Красноуральск,65746000001
Свердловская область,1830,109.43908493150681,30703.3851044505,1825,городской округ Красноуральск,г. Красноуральск,65746000001
Свердловская область,1830,109.43908493150681,30703.3851044505,1825,городской округ Красноуральск,г. Красноуральск,65746000001
Свердловская область,1830,109.43908493150681,30703.3851044505,1825,городской округ Красноуральск,г. Красноуральск,65746000001
Свердловская область,1830,109.43908493150681,30703.3851044505,1825,городской округ Красноуральск,г. Красноуральск,65746000001
Свердловская область,1830,109.43908493150681,30703.3851044505,1825,городской округ Заречный,г. Заречный,65737000001
Свердловская область,1830,109.43908493150681,30703.3851044505,1825,Нижнесергинский муниципальный район,г. Михайловск,65628104001
Свердловская область,1830,109.43908493150681,30703.3851044505,1825,городской округ Красноуфимск,г. Красноуфимск,65747000001
Свердловская область,1830,109.43908493150681,30703.3851044505,1825,городской округ Красноуфимск,г. Красноуфимск,65747000001
Свердловская область,1830,109.43908493150681,30703.3851044505,1825,Невьянский городской округ,г. Невьянск,65714000001
Свердловская область,1830,109.43908493150681,30703.3851044505,1825,городской округ Красноуральск,г. Красноуральск,65746000001
Свердловская область,1830,109.43908493150681,30703.3851044505,1825,Белоярский городской округ,с. Колюткино,65706000201
Свердловская область,1830,109.43908493150681,30703.3851044505,1825,город Каменск-Уральский,г. Каменск-Уральский,65740000001
Свердловская область,1830,109.43908493150681,30703.3851044505,1825,город Каменск-Уральский,г. Каменск-Уральский,65740000001
Свердловская область,1830,109.43908493150681,30703.3851044505,1825,муниципальное образование «город Екатеринбург»,г. Екатеринбург,65701000001
Свердловская область,1830,109.43908493150681,30703.3851044505,1825,муниципальное образование «город Екатеринбург»,г. Екатеринбург,65701000001
Свердловская область,1830,109.43908493150681,30703.3851044505,1825,муниципальное образование «город Екатеринбург»,г. Екатеринбург,65701000001
Свердловская область,1830,109.43908493150681,30703.3851044505,1825,городской округ Красноуральск,г. Красноуральск,65746000001
Свердловская область,1830,109.43908493150681,30703.3851044505,1825,городской округ Красноуральск,г. Красноуральск,65746000001
Свердловская область,1830,109.43908493150681,30703.3851044505,1825,городской округ Первоуральск,с. Новоалексеевское,65753000241
Свердловская область,1830,109.43908493150681,30703.3851044505,1825,Тавдинский городской округ,г. Тавда,65723000001
Свердловская область,1830,109.43908493150681,30703.3851044505,1825,Тавдинский городской округ,г. Тавда,65723000001
Свердловская область,1830,109.43908493150681,30703.3851044505,1825,Тавдинский городской округ,г. Тавда,65723000001
Свердловская область,1830,109.43908493150681,30703.3851044505,1825,Полевской городской округ,г. Полевской,65754000001
Свердловская область,1830,109.43908493150681,30703.3851044505,1825,Полевской городской округ,г. Полевской,65754000001
Свердловская область,1830,109.43908493150681,30703.3851044505,1825,Полевской городской округ,г. Полевской,65754000001
Свердловская область,1830,109.43908493150681,30703.3851044505,1825,Берёзовский городской округ,г. Березовский,65731000001
Свердловская область,1830,109.43908493150681,30703.3851044505,1825,Асбестовский городской округ,г. Асбест,65730000001
Свердловская область,1830,109.43908493150681,30703.3851044505,1825,Невьянский городской округ,г. Невьянск,65714000001
Свердловская область,1830,109.43908493150681,30703.3851044505,1825,Невьянский городской округ,г. Невьянск,65714000001
Свердловская область,1830,109.43908493150681,30703.3851044505,1825,городской округ Красноуральск,г. Красноуральск,65746000001
Свердловская область,1830,109.43908493150681,30703.3851044505,1825,городской округ Красноуральск,г. Красноуральск,65746000001
Свердловская область,1830,109.43908493150681,30703.3851044505,1825,Кушвинский городской округ,г. Кушва,65748000001
Свердловская область,1830,109.43908493150681,30703.3851044505,1825,Кушвинский городской округ,г. Кушва,65748000001
Свердловская область,1830,109.43908493150681,30703.3851044505,1825,муниципальное образование «город Екатеринбург»,г. Екатеринбург,65701000001
Свердловская область,1830,109.43908493150681,30703.3851044505,1825,муниципальное образование «город Екатеринбург»,г. Екатеринбург,65701000001
Свердловская область,1830,109.43908493150681,30703.3851044505,1825,муниципальное образование «город Екатеринбург»,г. Екатеринбург,65701000001
Свердловская область,1830,109.43908493150681,30703.3851044505,1825,муниципальное образование «город Екатеринбург»,г. Екатеринбург,65701000001
Свердловская область,1830,109.43908493150681,30703.3851044505,1825,муниципальное образование «город Екатеринбург»,г. Екатеринбург,65701000001
Свердловская область,1830,109.43908493150681,30703.3851044505,1825,городской округ Красноуральск,г. Красноуральск,65746000001
Свердловская область,1830,109.43908493150681,30703.3851044505,1825,городской округ Красноуфимск,г. Красноуфимск,65747000001
Свердловская область,1830,109.43908493150681,30703.3851044505,1825,Слободо-Туринский муниципальный район,с. Тимофеево,65639460161
Свердловская область,1830,109.43908493150681,30703.3851044505,1825,городской округ Верхний Тагил,г. Верхний Тагил,65733000001
Свердловская область,1830,109.43908493150681,30703.3851044505,1825,Берёзовский городской округ,г. Березовский,65731000001
Свердловская область,1830,109.43908493150681,30703.3851044505,1825,Берёзовский городской округ,г. Березовский,65731000001
Свердловская область,1830,109.43908493150681,30703.3851044505,1825,муниципальное образование «город Екатеринбург»,г. Екатеринбург,65701000001
Свердловская область,1830,109.43908493150681,30703.3851044505,1825,Невьянский городской округ,г. Невьянск,65714000001
Свердловская область,1830,109.43908493150681,30703.3851044505,1825,Невьянский городской округ,г. Невьянск,65714000001
Свердловская область,1830,109.43908493150681,30703.3851044505,1825,городской округ Красноуральск,г. Красноуральск,65746000001
Свердловская область,1830,109.43908493150681,30703.3851044505,1825,городской округ Красноуральск,г. Красноуральск,65746000001
Свердловская область,1830,109.43908493150681,30703.3851044505,1825,Белоярский городской округ,с. Колюткино,65706000201
Свердловская область,1830,109.43908493150681,30703.3851044505,1825,муниципальное образование «город Екатеринбург»,г. Екатеринбург,65701000001
Свердловская область,1830,109.43908493150681,30703.3851044505,1825,муниципальное образование «город Екатеринбург»,г. Екатеринбург,65701000001
Свердловская область,1830,109.43908493150681,30703.3851044505,1825,городской округ Красноуральск,г. Красноуральск,65746000001
Свердловская область,1830,109.43908493150681,30703.3851044505,1825,муниципальное образование «город Екатеринбург»,г. Екатеринбург,65701000001
Свердловская область,1830,109.43908493150681,30703.3851044505,1825,городской округ Красноуфимск,г. Красноуфимск,65747000001
Свердловская область,1830,109.43908493150681,30703.3851044505,1825,городской округ Верхний Тагил,г. Верхний Тагил,65733000001
Свердловская область,1830,109.43908493150681,30703.3851044505,1825,Берёзовский городской округ,г. Березовский,65731000001
Свердловская область,1830,109.43908493150681,30703.3851044505,1825,муниципальное образование «город Екатеринбург»,г. Екатеринбург,65701000001
Свердловская область,1830,109.43908493150681,30703.3851044505,1825,Невьянский городской округ,г. Невьянск,65714000001
Свердловская область,1830,109.43908493150681,30703.3851044505,1825,муниципальное образование «город Екатеринбург»,г. Екатеринбург,65701000001
Свердловская область,1830,109.43908493150681,30703.3851044505,1825,Ирбитское муниципальное образование,г. Ирбит,65739000001
Свердловская область,1830,109.43908493150681,30703.3851044505,1825,городской округ Красноуральск,г. Красноуральск,65746000001
Свердловская область,1830,109.43908493150681,30703.3851044505,1825,муниципальное образование «город Екатеринбург»,г. Екатеринбург,65701000001
Свердловская область,1830,109.43908493150681,30703.3851044505,1825,муниципальное образование «город Екатеринбург»,г. Екатеринбург,65701000001
Свердловская область,1830,109.43908493150681,30703.3851044505,1825,городской округ Красноуфимск,г. Красноуфимск,65747000001
Свердловская область,1830,109.43908493150681,30703.3851044505,1825,Слободо-Туринский муниципальный район,с. Тимофеево,65639460161
Свердловская область,1830,109.43908493150681,30703.3851044505,1825,городской округ Верхний Тагил,г. Верхний Тагил,65733000001
Свердловская область,1830,109.43908493150681,30703.3851044505,1825,городской округ Верхотурский,с. Прокопьевская Салда,65709000346
Свердловская область,1830,109.43908493150681,30703.3851044505,1825,городской округ Красноуральск,г. Красноуральск,65746000001
Свердловская область,1830,109.43908493150681,30703.3851044505,1825,Берёзовский городской округ,г. Березовский,65731000001
Свердловская область,1830,109.43908493150681,30703.3851044505,1825,Берёзовский городской округ,г. Березовский,65731000001
Свердловская область,1830,109.43908493150681,30703.3851044505,1825,муниципальное образование «город Екатеринбург»,г. Екатеринбург,65701000001
Свердловская область,1830,109.43908493150681,30703.3851044505,1825,Невьянский городской округ,г. Невьянск,65714000001
Свердловская область,1830,109.43908493150681,30703.3851044505,1825,Новолялинский городской округ,п. Лобва,65716000151
Свердловская область,1830,109.43908493150681,30703.3851044505,1825,муниципальное образование «город Екатеринбург»,г. Екатеринбург,65701000001
Свердловская область,1830,109.43908493150681,30703.3851044505,1825,городской округ Красноуральск,г. Красноуральск,65746000001
Свердловская область,1830,109.43908493150681,30703.3851044505,1825,Талицкий городской округ,г. Талица,65724000001
Свердловская область,1830,109.43908493150681,30703.3851044505,1825,Невьянский городской округ,г. Невьянск,65714000001
Свердловская область,1830,109.43908493150681,30703.3851044505,1825,муниципальное образование «город Екатеринбург»,г. Екатеринбург,65701000001
Свердловская область,1830,109.43908493150681,30703.3851044505,1825,муниципальное образование «город Екатеринбург»,г. Екатеринбург,65701000001
Свердловская область,1830,109.43908493150681,30703.3851044505,1825,Талицкий городской округ,г. Талица,65724000001
Свердловская область,1830,109.43908493150681,30703.3851044505,1825,город Нижний Тагил,г. Нижний Тагил,65751000001
Свердловская область,1830,109.43908493150681,30703.3851044505,1825,городской округ Красноуральск,г. Красноуральск,65746000001
Свердловская область,1830,109.43908493150681,30703.3851044505,1825,городской округ Красноуральск,г. Красноуральск,65746000001
Свердловская область,1830,109.43908493150681,30703.3851044505,1825,городской округ Красноуральск,г. Красноуральск,65746000001
Свердловская область,1830,109.43908493150681,30703.3851044505,1825,городской округ Красноуральск,г. Красноуральск,65746000001
Свердловская область,1830,109.43908493150681,30703.3851044505,1825,городской округ Красноуральск,г. Красноуральск,65746000001
Свердловская область,1830,109.43908493150681,30703.3851044505,1825,городской округ Красноуральск,г. Красноуральск,65746000001
Свердловская область,1830,109.43908493150681,30703.3851044505,1825,городской округ Верхотурский,с. Прокопьевская Салда,65709000346
Свердловская область,1830,109.43908493150681,30703.3851044505,1825,Талицкий городской округ,г. Талица,65724000001
Свердловская область,1830,109.43908493150681,30703.3851044505,1825,Талицкий городской округ,г. Талица,65724000001
Свердловская область,1830,109.43908493150681,30703.3851044505,1825,Режевской городской округ,с. Першино,65720000236
Свердловская область,1830,109.43908493150681,30703.3851044505,1825,город Каменск-Уральский,г. Каменск-Уральский,65740000001
Свердловская область,1830,109.43908493150681,30703.3851044505,1825,муниципальное образование «город Екатеринбург»,г. Екатеринбург,65701000001
Свердловская область,1830,109.43908493150681,30703.3851044505,1825,муниципальное образование «город Екатеринбург»,г. Екатеринбург,65701000001
Свердловская область,1830,109.43908493150681,30703.3851044505,1825,городской округ Первоуральск,с. Новоалексеевское,65753000241
Свердловская область,1830,109.43908493150681,30703.3851044505,1825,городской округ Первоуральск,с. Новоалексеевское,65753000241
Свердловская область,1830,109.43908493150681,30703.3851044505,1825,Талицкий городской округ,г. Талица,65724000001
Свердловская область,1830,109.43908493150681,30703.3851044505,1825,Талицкий городской округ,г. Талица,65724000001
Свердловская область,1830,109.43908493150681,30703.3851044505,1825,Асбестовский городской округ,г. Асбест,65730000001
Свердловская область,1830,109.43908493150681,30703.3851044505,1825,Асбестовский городской округ,г. Асбест,65730000001
Свердловская область,1830,109.43908493150681,30703.3851044505,1825,Асбестовский городской округ,г. Асбест,65730000001
Свердловская область,1830,109.43908493150681,30703.3851044505,1825,Туринский городской округ,г. Туринск,65726000001
Свердловская область,1830,109.43908493150681,30703.3851044505,1825,Талицкий городской округ,г. Талица,65724000001
Свердловская область,1830,109.43908493150681,30703.3851044505,1825,Талицкий городской округ,г. Талица,65724000001
Свердловская область,1830,109.43908493150681,30703.3851044505,1825,Талицкий городской округ,г. Талица,65724000001
Свердловская область,1830,109.43908493150681,30703.3851044505,1825,Талицкий городской округ,г. Талица,65724000001
Свердловская область,1830,109.43908493150681,30703.3851044505,1825,Асбестовский городской округ,г. Асбест,65730000001
Свердловская область,1830,109.43908493150681,30703.3851044505,1825,Асбестовский городской округ,г. Асбест,65730000001
Свердловская область,1830,109.43908493150681,30703.3851044505,1825,Слободо-Туринский муниципальный район,с. Краснослободское,65639470191
Свердловская область,1830,109.43908493150681,30703.3851044505,1825,Ирбитское муниципальное образование,г. Ирбит,65739000
Свердловская область,1830,109.43908493150681,30703.3851044505,1825,Ирбитское муниципальное образование,г. Ирбит,65739000
Свердловская область,1830,109.43908493150681,30703.3851044505,1825,Невьянский городской округ,г. Невьянск,65714000001
Свердловская область,1830,109.43908493150681,30703.3851044505,1825,муниципальное образование «город Екатеринбург»,г. Екатеринбург,65701000001
Свердловская область,1830,109.43908493150681,30703.3851044505,1825,Арамильский городской округ,г. Арамиль,65729000001
Свердловская область,1830,109.43908493150681,30703.3851044505,1825,городской округ Среднеуральск,г. Среднеуральск,65757000001
Свердловская область,1830,109.43908493150681,30703.3851044505,1825,городской округ Рефтинский,рп. Рефтинский,65763000051
Свердловская область,1830,109.43908493150681,30703.3851044505,1825,городской округ Рефтинский,рп. Рефтинский,65763000051
Свердловская область,1830,109.43908493150681,30703.3851044505,1825,Талицкий городской округ,г. Талица,65724000001
Свердловская область,1830,109.43908493150681,30703.3851044505,1825,Талицкий городской округ,г. Талица,65724000001
Свердловская область,1830,109.43908493150681,30703.3851044505,1825,Асбестовский городской округ,г. Асбест,65730000001
Свердловская область,1830,109.43908493150681,30703.3851044505,1825,город Каменск-Уральский,г. Каменск-Уральский,65740000001
Свердловская область,1830,109.43908493150681,30703.3851044505,1825,город Каменск-Уральский,г. Каменск-Уральский,65740000001
Свердловская область,1830,109.43908493150681,30703.3851044505,1825,город Каменск-Уральский,г. Каменск-Уральский,65740000001
Свердловская область,1830,109.43908493150681,30703.3851044505,1825,Полевской городской округ,с. Косой Брод,65754000151
Свердловская область,1830,109.43908493150681,30703.3851044505,1825,городской округ Верхотурский,г. Верхотурье,65709000001
Свердловская область,1830,109.43908493150681,30703.3851044505,1825,Талицкий городской округ,г. Талица,65724000001
Свердловская область,1830,109.43908493150681,30703.3851044505,1825,Талицкий городской округ,г. Талица,65724000001
Свердловская область,1830,109.43908493150681,30703.3851044505,1825,Камышловский городской округ,г. Камышлов,65741000001
Свердловская область,1830,109.43908493150681,30703.3851044505,1825,Асбестовский городской округ,г. Асбест,65730000001
Свердловская область,1830,109.43908493150681,30703.3851044505,1825,Асбестовский городской округ,г. Асбест,65730000001
Свердловская область,1830,109.43908493150681,30703.3851044505,1825,Невьянский городской округ,г. Невьянск,65714000001
Свердловская область,1830,109.43908493150681,30703.3851044505,1825,Белоярский городской округ,с. Колюткино,65706000201
Свердловская область,1830,109.43908493150681,30703.3851044505,1825,Каменский городской округ,д. Бекленищева,65712000106
Свердловская область,1830,109.43908493150681,30703.3851044505,1825,город Каменск-Уральский,г. Каменск-Уральский,65740000001
Свердловская область,1830,109.43908493150681,30703.3851044505,1825,город Каменск-Уральский,г. Каменск-Уральский,65740000001
Свердловская область,1830,109.43908493150681,30703.3851044505,1825,город Каменск-Уральский,г. Каменск-Уральский,65740000001
Свердловская область,1830,109.43908493150681,30703.3851044505,1825,муниципальное образование «город Екатеринбург»,г. Екатеринбург,65701000001
Свердловская область,1830,109.43908493150681,30703.3851044505,1825,муниципальное образование «город Екатеринбург»,г. Екатеринбург,65701000001
Свердловская область,1830,109.43908493150681,30703.3851044505,1825,Далматовский район,с. Першинское,37608467101
Свердловская область,1830,109.43908493150681,30703.3851044505,1825,Режевской городской округ,г. Реж,65720000001
Свердловская область,1830,109.43908493150681,30703.3851044505,1825,Талицкий городской округ,г. Талица,65724000001
Свердловская область,1830,109.43908493150681,30703.3851044505,1825,Камышловский городской округ,г. Камышлов,65741000001
Свердловская область,1830,109.43908493150681,30703.3851044505,1825,Берёзовский городской округ,г. Березовский,65731000001
Свердловская область,1830,109.43908493150681,30703.3851044505,1825,Берёзовский городской округ,г. Березовский,65731000001
Свердловская область,1830,109.43908493150681,30703.3851044505,1825,Невьянский городской округ,г. Невьянск,65714000001
Свердловская область,1830,109.43908493150681,30703.3851044505,1825,Невьянский городской округ,г. Невьянск,65714000001
Свердловская область,1830,109.43908493150681,30703.3851044505,1825,Белоярский городской округ,с. Колюткино,65706000201
Свердловская область,1830,109.43908493150681,30703.3851044505,1825,муниципальное образование «город Екатеринбург»,г. Екатеринбург,65701000001
Свердловская область,1830,109.43908493150681,30703.3851044505,1825,Слободо-Туринский муниципальный район,с. Тимофеево,65639460161
Свердловская область,1830,109.43908493150681,30703.3851044505,1825,городской округ Верхний Тагил,г. Верхний Тагил,65733000001
Свердловская область,1830,109.43908493150681,30703.3851044505,1825,Тавдинский городской округ,г. Тавда,65723000001
Свердловская область,1830,109.43908493150681,30703.3851044505,1825,Тавдинский городской округ,г. Тавда,65723000001
Свердловская область,1830,109.43908493150681,30703.3851044505,1825,муниципальное образование «город Екатеринбург»,г. Екатеринбург,65701000001
Свердловская область,1830,109.43908493150681,30703.3851044505,1825,Невьянский городской округ,г. Невьянск,65714000001
Свердловская область,1830,109.43908493150681,30703.3851044505,1825,Невьянский городской округ,г. Невьянск,65714000001
Свердловская область,1830,109.43908493150681,30703.3851044505,1825,Слободо-Туринский муниципальный район,с. Тимофеево,65639460161
Свердловская область,1830,109.43908493150681,30703.3851044505,1825,городской округ Верхний Тагил,г. Верхний Тагил,65733000001
Свердловская область,1830,109.43908493150681,30703.3851044505,1825,Тавдинский городской округ,г. Тавда,65723000001
Свердловская область,1830,109.43908493150681,30703.3851044505,1825,Тавдинский городской округ,г. Тавда,65723000001
Свердловская область,1830,109.43908493150681,30703.3851044505,1825,муниципальное образование «город Екатеринбург»,г. Екатеринбург,65701000001
Свердловская область,1830,109.43908493150681,30703.3851044505,1825,Невьянский городской округ,г. Невьянск,65714000001
Свердловская область,1830,109.43908493150681,30703.3851044505,1825,муниципальное образование «город Екатеринбург»,г. Екатеринбург,65701000001
Свердловская область,1830,109.43908493150681,30703.3851044505,1825,Ирбитское муниципальное образование,г. Ирбит,65739000
Свердловская область,1830,109.43908493150681,30703.3851044505,1825,Слободо-Туринский муниципальный район,с. Тимофеево,65639460161
Свердловская область,1830,109.43908493150681,30703.3851044505,1825,Слободо-Туринский муниципальный район,с. Тимофеево,65639460161
Свердловская область,1830,109.43908493150681,30703.3851044505,1825,Слободо-Туринский муниципальный район,с. Тимофеево,65639460161
Свердловская область,1830,109.43908493150681,30703.3851044505,1825,городской округ Верхний Тагил,г. Верхний Тагил,65733000001
Свердловская область,1830,109.43908493150681,30703.3851044505,1825,Берёзовский городской округ,г. Березовский,65731000001
Свердловская область,1830,109.43908493150681,30703.3851044505,1825,Берёзовский городской округ,г. Березовский,65731000001
Свердловская область,1830,109.43908493150681,30703.3851044505,1825,муниципальное образование «город Екатеринбург»,г. Екатеринбург,65701000001
Свердловская область,1830,109.43908493150681,30703.3851044505,1825,Невьянский городской округ,г. Невьянск,65714000001
Свердловская область,1830,109.43908493150681,30703.3851044505,1825,Белоярский городской округ,с. Колюткино,65706000201
Свердловская область,1830,109.43908493150681,30703.3851044505,1825,город Каменск-Уральский,г. Каменск-Уральский,65740000001
Свердловская область,1830,109.43908493150681,30703.3851044505,1825,город Каменск-Уральский,г. Каменск-Уральский,65740000001
Свердловская область,1830,109.43908493150681,30703.3851044505,1825,муниципальное образование «город Екатеринбург»,г. Екатеринбург,65701000001
Свердловская область,1830,109.43908493150681,30703.3851044505,1825,муниципальное образование «город Екатеринбург»,г. Екатеринбург,65701000001
Республика Хакасия,1,667.0,0.0,1,Ширинский район,с. Ефремкино,95635425101
Магаданская область,60,187.11666666666667,45075.177304964534,60,Ягоднинский,п. Оротукан,44722000071
Магаданская область,60,187.11666666666667,45075.177304964534,60,Ягоднинский,п. Оротукан,44722000071
Магаданская область,60,187.11666666666667,45075.177304964534,60,Ягоднинский,п. Оротукан,44722000071
Магаданская область,60,187.11666666666667,45075.177304964534,60,Ягоднинский,п. Синегорье,44722000066
Магаданская область,60,187.11666666666667,45075.177304964534,60,Хасынский,п. Хасын,44719000106
Магаданская область,60,187.11666666666667,45075.177304964534,60,Хасынский,п. Хасын,44719000106
Магаданская область,60,187.11666666666667,45075.177304964534,60,Ягоднинский,п. Оротукан,44722000071
Магаданская область,60,187.11666666666667,45075.177304964534,60,Ягоднинский,п. Оротукан,44722000071
Магаданская область,60,187.11666666666667,45075.177304964534,60,Ягоднинский,п. Оротукан,44722000071
Магаданская область,60,187.11666666666667,45075.177304964534,60,Ольский,с. Талон,44702000136
Магаданская область,60,187.11666666666667,45075.177304964534,60,Ягоднинский,п. Оротукан,44722000071
Магаданская область,60,187.11666666666667,45075.177304964534,60,Ягоднинский,п. Оротукан,44722000071
Магаданская область,60,187.11666666666667,45075.177304964534,60,Ягоднинский,п. Оротукан,44722000071
Магаданская область,60,187.11666666666667,45075.177304964534,60,Ягоднинский,п. Оротукан,44722000071
Магаданская область,60,187.11666666666667,45075.177304964534,60,Тенькинский,п. Омчак,44716000106
Магаданская область,60,187.11666666666667,45075.177304964534,60,Ягоднинский,п. Синегорье,44722000066
Магаданская область,60,187.11666666666667,45075.177304964534,60,Ягоднинский,п. Синегорье,44722000066
Магаданская область,60,187.11666666666667,45075.177304964534,60,Ягоднинский,п. Синегорье,44722000066
Магаданская область,60,187.11666666666667,45075.177304964534,60,Тенькинский,п. Транспортный,44716000116
Магаданская область,60,187.11666666666667,45075.177304964534,60,Тенькинский,п. Транспортный,44716000116
Магаданская область,60,187.11666666666667,45075.177304964534,60,Ольский,с. Талон,44702000136
Магаданская область,60,187.11666666666667,45075.177304964534,60,Ольский,с. Талон,44702000136
Магаданская область,60,187.11666666666667,45075.177304964534,60,Ягоднинский,п. Оротукан,44722000071
Магаданская область,60,187.11666666666667,45075.177304964534,60,Магадан,г. Магадан,44701000001
Магаданская область,60,187.11666666666667,45075.177304964534,60,Ягоднинский,п. Оротукан,44722000071
Магаданская область,60,187.11666666666667,45075.177304964534,60,Ягоднинский,п. Оротукан,44722000071
Магаданская область,60,187.11666666666667,45075.177304964534,60,Тенькинский,п. Транспортный,44716000116
Магаданская область,60,187.11666666666667,45075.177304964534,60,Ягоднинский,п. Оротукан,44722000071
Магаданская область,60,187.11666666666667,45075.177304964534,60,Тенькинский,п. Омчак,44716000106
Магаданская область,60,187.11666666666667,45075.177304964534,60,Тенькинский,п. Транспортный,44716000116
Магаданская область,60,187.11666666666667,45075.177304964534,60,Тенькинский,п. Омчак,44716000106
Магаданская область,60,187.11666666666667,45075.177304964534,60,Ольский,с. Талон,44702000136
Магаданская область,60,187.11666666666667,45075.177304964534,60,Ольский,с. Талон,44702000136
Магаданская область,60,187.11666666666667,45075.177304964534,60,Тенькинский,п. Транспортный,44716000116
Магаданская область,60,187.11666666666667,45075.177304964534,60,Ягоднинский,п. Оротукан,44722000071
Магаданская область,60,187.11666666666667,45075.177304964534,60,Тенькинский,п. Омчак,44716000106
Магаданская область,60,187.11666666666667,45075.177304964534,60,Тенькинский,п. Омчак,44716000106
Магаданская область,60,187.11666666666667,45075.177304964534,60,Тенькинский,п. Усть-Омчуг,44716000051
Магаданская область,60,187.11666666666667,45075.177304964534,60,Ольский,с. Талон,44702000136
Магаданская область,60,187.11666666666667,45075.177304964534,60,Тенькинский,п. Омчак,44716000106
Магаданская область,60,187.11666666666667,45075.177304964534,60,Ольский,с. Талон,44702000136
Магаданская область,60,187.11666666666667,45075.177304964534,60,Ольский,с. Талон,44702000136
Магаданская область,60,187.11666666666667,45075.177304964534,60,Тенькинский,п. Транспортный,44716000116
Магаданская область,60,187.11666666666667,45075.177304964534,60,Тенькинский,п. Омчак,44716000106
Магаданская область,60,187.11666666666667,45075.177304964534,60,Ягоднинский,п. Оротукан,44722000071
Магаданская область,60,187.11666666666667,45075.177304964534,60,Ягоднинский,п. Оротукан,44722000071
Магаданская область,60,187.11666666666667,45075.177304964534,60,Ягоднинский,п. Оротукан,44722000071
Магаданская область,60,187.11666666666667,45075.177304964534,60,Тенькинский,п. Транспортный,44716000116
Магаданская область,60,187.11666666666667,45075.177304964534,60,Сусуманский,г. Сусуман,44713000001
Магаданская область,60,187.11666666666667,45075.177304964534,60,Сусуманский,г. Сусуман,44713000001
Магаданская область,60,187.11666666666667,45075.177304964534,60,Тенькинский,п. Транспортный,44716000116
Магаданская область,60,187.11666666666667,45075.177304964534,60,Тенькинский,п. Омчак,44716000106
Магаданская область,60,187.11666666666667,45075.177304964534,60,Тенькинский,п. Усть-Омчуг,44716000051
Магаданская область,60,187.11666666666667,45075.177304964534,60,Сусуманский,г. Сусуман,44713000001
Магаданская область,60,187.11666666666667,45075.177304964534,60,Сусуманский,г. Сусуман,44713000001
Магаданская область,60,187.11666666666667,45075.177304964534,60,Тенькинский,п. Транспортный,44716000116
Магаданская область,60,187.11666666666667,45075.177304964534,60,Ягоднинский,п. Оротукан,44722000071
Магаданская область,60,187.11666666666667,45075.177304964534,60,Ягоднинский,п. Оротукан,44722000071
Магаданская область,60,187.11666666666667,45075.177304964534,60,Ягоднинский,п. Оротукан,44722000071
Магаданская область,60,187.11666666666667,45075.177304964534,60,Ягоднинский,п. Оротукан,44722000071
Удмуртская Республика,96,130.42708333333334,0.0,96,Кезский,с. Полом,94624455101
Удмуртская Республика,96,130.42708333333334,0.0,96,Воткинский,д. Гавриловка,94608420101
Удмуртская Республика,96,130.42708333333334,0.0,96,Воткинский,д. Гавриловка,94608420101
Удмуртская Республика,96,130.42708333333334,0.0,96,Воткинский,д. Гавриловка,94608420101
Удмуртская Республика,96,130.42708333333334,0.0,96,Воткинский,д. Гавриловка,94608420101
Удмуртская Республика,96,130.42708333333334,0.0,96,Игринский,п. Игра,94618415101
Удмуртская Республика,96,130.42708333333334,0.0,96,Граховский,с. Грахово,94612422101
Удмуртская Республика,96,130.42708333333334,0.0,96,Граховский,с. Грахово,94612422101
Удмуртская Республика,96,130.42708333333334,0.0,96,Граховский,с. Грахово,94612422101
Удмуртская Республика,96,130.42708333333334,0.0,96,Воткинский,д. Гавриловка,94608420101
Удмуртская Республика,96,130.42708333333334,0.0,96,Кезский,с. Полом,94624455101
Удмуртская Республика,96,130.42708333333334,0.0,96,Игринский,п. Игра,94618415101
Удмуртская Республика,96,130.42708333333334,0.0,96,Каракулинский,с. Каракулино,94622455101
Удмуртская Республика,96,130.42708333333334,0.0,96,Воткинский,д. Гавриловка,94608420101
Удмуртская Республика,96,130.42708333333334,0.0,96,Воткинский,д. Гавриловка,94608420101
Удмуртская Республика,96,130.42708333333334,0.0,96,Воткинский,д. Гавриловка,94608420101
Удмуртская Республика,96,130.42708333333334,0.0,96,Глазов,г. Глазов,94720000001
Удмуртская Республика,96,130.42708333333334,0.0,96,Воткинский,д. Гавриловка,94608420101
Удмуртская Республика,96,130.42708333333334,0.0,96,Игринский,п. Игра,94618415101
Удмуртская Республика,96,130.42708333333334,0.0,96,Граховский,с. Грахово,94612422101
Удмуртская Республика,96,130.42708333333334,0.0,96,Граховский,с. Грахово,94612422101
Удмуртская Республика,96,130.42708333333334,0.0,96,Сарапул,г. Сарапул,94740000001
Удмуртская Республика,96,130.42708333333334,0.0,96,Сарапул,г. Сарапул,94740000001
Удмуртская Республика,96,130.42708333333334,0.0,96,Каракулинский,с. Каракулино,94622455101
Удмуртская Республика,96,130.42708333333334,0.0,96,Глазов,г. Глазов,94720000001
Удмуртская Республика,96,130.42708333333334,0.0,96,Глазов,г. Глазов,94720000001
Удмуртская Республика,96,130.42708333333334,0.0,96,Сарапул,г. Сарапул,94740000001
Удмуртская Республика,96,130.42708333333334,0.0,96,Каракулинский,с. Каракулино,94622455101
Удмуртская Республика,96,130.42708333333334,0.0,96,Сарапул,г. Сарапул,94740000001
Удмуртская Республика,96,130.42708333333334,0.0,96,Кезский,с. Полом,94624455101
Удмуртская Республика,96,130.42708333333334,0.0,96,Воткинский,д. Гавриловка,94608420101
Удмуртская Республика,96,130.42708333333334,0.0,96,Воткинский,д. Гавриловка,94608420101
Удмуртская Республика,96,130.42708333333334,0.0,96,Граховский,с. Грахово,94612422101
Удмуртская Республика,96,130.42708333333334,0.0,96,Кезский,с. Полом,94624455101
Удмуртская Республика,96,130.42708333333334,0.0,96,Воткинский,д. Гавриловка,94608420101
Удмуртская Республика,96,130.42708333333334,0.0,96,Граховский,с. Грахово,94612422101
Удмуртская Республика,96,130.42708333333334,0.0,96,Граховский,с. Грахово,94612422101
Удмуртская Республика,96,130.42708333333334,0.0,96,Граховский,с. Грахово,94612422101
Удмуртская Республика,96,130.42708333333334,0.0,96,Ижевск,г. Ижевск,94701000001
Удмуртская Республика,96,130.42708333333334,0.0,96,Ижевск,г. Ижевск,94701000001
Удмуртская Республика,96,130.42708333333334,0.0,96,Кезский,с. Полом,94624455101
Удмуртская Республика,96,130.42708333333334,0.0,96,Воткинский,д. Гавриловка,94608420101
Удмуртская Республика,96,130.42708333333334,0.0,96,Воткинский,д. Гавриловка,94608420101
Удмуртская Республика,96,130.42708333333334,0.0,96,Игринский,п. Игра,94618415101
Удмуртская Республика,96,130.42708333333334,0.0,96,Граховский,с. Грахово,94612422101
Удмуртская Республика,96,130.42708333333334,0.0,96,Граховский,с. Грахово,94612422101
Удмуртская Республика,96,130.42708333333334,0.0,96,Граховский,с. Грахово,94612422101
Удмуртская Республика,96,130.42708333333334,0.0,96,Воткинский,д. Гавриловка,94608420101
Удмуртская Республика,96,130.42708333333334,0.0,96,Воткинский,д. Гавриловка,94608420101
Удмуртская Республика,96,130.42708333333334,0.0,96,Кезский,с. Полом,94624455101
Удмуртская Республика,96,130.42708333333334,0.0,96,Воткинский,д. Гавриловка,94608420101
Удмуртская Республика,96,130.42708333333334,0.0,96,Воткинский,д. Гавриловка,94608420101
Удмуртская Республика,96,130.42708333333334,0.0,96,Воткинский,д. Гавриловка,94608420101
Удмуртская Республика,96,130.42708333333334,0.0,96,Игринский,п. Игра,94618415101
Удмуртская Республика,96,130.42708333333334,0.0,96,Граховский,с. Грахово,94612422101
Удмуртская Республика,96,130.42708333333334,0.0,96,Граховский,с. Грахово,94612422101
Удмуртская Республика,96,130.42708333333334,0.0,96,Граховский,с. Грахово,94612422101
Удмуртская Республика,96,130.42708333333334,0.0,96,Воткинский,д. Гавриловка,94608420101
Удмуртская Республика,96,130.42708333333334,0.0,96,Воткинский,д. Гавриловка,94608420101
Удмуртская Республика,96,130.42708333333334,0.0,96,Воткинский,д. Гавриловка,94608420101
Удмуртская Республика,96,130.42708333333334,0.0,96,Сарапул,г. Сарапул,94740000001
Удмуртская Республика,96,130.42708333333334,0.0,96,Граховский,с. Грахово,94612422101
Удмуртская Республика,96,130.42708333333334,0.0,96,Граховский,с. Грахово,94612422101
Удмуртская Республика,96,130.42708333333334,0.0,96,Граховский,с. Грахово,94612422101
Удмуртская Республика,96,130.42708333333334,0.0,96,Кезский,с. Полом,94624455101
Удмуртская Республика,96,130.42708333333334,0.0,96,Глазов,г. Глазов,94720000001
Удмуртская Республика,96,130.42708333333334,0.0,96,Воткинский,д. Гавриловка,94608420101
Удмуртская Республика,96,130.42708333333334,0.0,96,Воткинский,д. Гавриловка,94608420101
Удмуртская Республика,96,130.42708333333334,0.0,96,Игринский,п. Игра,94618415101
Удмуртская Республика,96,130.42708333333334,0.0,96,Ижевск,г. Ижевск,94701000001
Удмуртская Республика,96,130.42708333333334,0.0,96,Граховский,с. Грахово,94612422101
Удмуртская Республика,96,130.42708333333334,0.0,96,Граховский,с. Грахово,94612422101
Удмуртская Республика,96,130.42708333333334,0.0,96,Граховский,с. Грахово,94612422101
Удмуртская Республика,96,130.42708333333334,0.0,96,Кезский,с. Полом,94624455101
Удмуртская Республика,96,130.42708333333334,0.0,96,Глазов,г. Глазов,94720000001
Удмуртская Республика,96,130.42708333333334,0.0,96,Кезский,с. Полом,94624455101
Удмуртская Республика,96,130.42708333333334,0.0,96,Глазов,г. Глазов,94720000001
Удмуртская Республика,96,130.42708333333334,0.0,96,Игринский,п. Игра,94618415101
Удмуртская Республика,96,130.42708333333334,0.0,96,Игринский,п. Игра,94618415101
Удмуртская Республика,96,130.42708333333334,0.0,96,Сарапул,г. Сарапул,94740000001
Удмуртская Республика,96,130.42708333333334,0.0,96,Сарапул,г. Сарапул,94740000001
Удмуртская Республика,96,130.42708333333334,0.0,96,Граховский,с. Грахово,94612422101
Удмуртская Республика,96,130.42708333333334,0.0,96,Граховский,с. Грахово,94612422101
Удмуртская Республика,96,130.42708333333334,0.0,96,Граховский,с. Грахово,94612422101
Удмуртская Республика,96,130.42708333333334,0.0,96,Каракулинский,с. Каракулино,94622455101
Удмуртская Республика,96,130.42708333333334,0.0,96,Кезский,с. Полом,94624455101
Удмуртская Республика,96,130.42708333333334,0.0,96,Глазов,г. Глазов,94720000001
Удмуртская Республика,96,130.42708333333334,0.0,96,Воткинский,д. Гавриловка,94608420101
Удмуртская Республика,96,130.42708333333334,0.0,96,Воткинский,д. Гавриловка,94608420101
Удмуртская Республика,96,130.42708333333334,0.0,96,Воткинский,д. Гавриловка,94608420101
Удмуртская Республика,96,130.42708333333334,0.0,96,Игринский,п. Игра,94618415101
Удмуртская Республика,96,130.42708333333334,0.0,96,Сарапул,г. Сарапул,94740000001
Удмуртская Республика,96,130.42708333333334,0.0,96,Сарапул,г. Сарапул,94740000001
Удмуртская Республика,96,130.42708333333334,0.0,96,Граховский,с. Грахово,94612422101
Удмуртская Республика,96,130.42708333333334,0.0,96,Граховский,с. Грахово,94612422101
Удмуртская Республика,96,130.42708333333334,0.0,96,Граховский,с. Грахово,94612422101
Камчатский край,53,70.87358490566038,1722.5512820512818,53,Соболевский район,с. Соболево,30613401101
Камчатский край,53,70.87358490566038,1722.5512820512818,53,Соболевский район,с. Соболево,30613401101
Камчатский край,53,70.87358490566038,1722.5512820512818,53,Соболевский район,с. Соболево,30613401101
Камчатский край,53,70.87358490566038,1722.5512820512818,53,Усть-Большерецкий район,п. Паужетка,30616703907
Камчатский край,53,70.87358490566038,1722.5512820512818,53,Усть-Большерецкий район,п. Паужетка,30616703907
Камчатский край,53,70.87358490566038,1722.5512820512818,53,Усть-Большерецкий район,п. Паужетка,30616703907
Камчатский край,53,70.87358490566038,1722.5512820512818,53,Усть-Большерецкий район,п. Шумный,30616703902
Камчатский край,53,70.87358490566038,1722.5512820512818,53,Усть-Большерецкий район,п. Шумный,30616703902
Камчатский край,53,70.87358490566038,1722.5512820512818,53,Усть-Большерецкий район,п. Паужетка,30616703907
Камчатский край,53,70.87358490566038,1722.5512820512818,53,Усть-Большерецкий район,п. Паужетка,30616703907
Камчатский край,53,70.87358490566038,1722.5512820512818,53,Усть-Большерецкий район,п. Шумный,30616703902
Камчатский край,53,70.87358490566038,1722.5512820512818,53,Усть-Камчатский район,п. Ключи,30619402101
Камчатский край,53,70.87358490566038,1722.5512820512818,53,Быстринский район,с. Эссо,30604401101
Камчатский край,53,70.87358490566038,1722.5512820512818,53,Усть-Большерецкий район,п. Паужетка,30616703907
Камчатский край,53,70.87358490566038,1722.5512820512818,53,Усть-Большерецкий район,п. Паужетка,30616703907
Камчатский край,53,70.87358490566038,1722.5512820512818,53,Усть-Большерецкий район,п. Паужетка,30616703907
Камчатский край,53,70.87358490566038,1722.5512820512818,53,Усть-Большерецкий район,п. Паужетка,30616703907
Камчатский край,53,70.87358490566038,1722.5512820512818,53,Усть-Большерецкий район,п. Паужетка,30616703907
Камчатский край,53,70.87358490566038,1722.5512820512818,53,Усть-Большерецкий район,п. Паужетка,30616703907
Камчатский край,53,70.87358490566038,1722.5512820512818,53,Усть-Большерецкий район,п. Шумный,30616703902
Камчатский край,53,70.87358490566038,1722.5512820512818,53,Быстринский район,с. Анавгай,30604402101
Камчатский край,53,70.87358490566038,1722.5512820512818,53,Соболевский район,с. Соболево,30613401101
Камчатский край,53,70.87358490566038,1722.5512820512818,53,Усть-Камчатский район,п. Козыревск,30619405101
Камчатский край,53,70.87358490566038,1722.5512820512818,53,Усть-Большерецкий район,п. Паужетка,30616703907
Камчатский край,53,70.87358490566038,1722.5512820512818,53,Усть-Большерецкий район,п. Паужетка,30616703907
Камчатский край,53,70.87358490566038,1722.5512820512818,53,Усть-Большерецкий район,п. Паужетка,30616703907
Камчатский край,53,70.87358490566038,1722.5512820512818,53,Усть-Большерецкий район,п. Шумный,30616703902
Камчатский край,53,70.87358490566038,1722.5512820512818,53,Усть-Большерецкий район,п. Шумный,30616703902
Камчатский край,53,70.87358490566038,1722.5512820512818,53,Усть-Большерецкий район,п. Паужетка,30616703907
Камчатский край,53,70.87358490566038,1722.5512820512818,53,Усть-Большерецкий район,п. Паужетка,30616703907
Камчатский край,53,70.87358490566038,1722.5512820512818,53,Усть-Большерецкий район,п. Паужетка,30616703907
Камчатский край,53,70.87358490566038,1722.5512820512818,53,Усть-Большерецкий район,п. Шумный,30616703902
Камчатский край,53,70.87358490566038,1722.5512820512818,53,Усть-Большерецкий район,п. Паужетка,30616703907
Камчатский край,53,70.87358490566038,1722.5512820512818,53,Усть-Большерецкий район,п. Паужетка,30616703907
Камчатский край,53,70.87358490566038,1722.5512820512818,53,Усть-Большерецкий район,п. Шумный,30616703902
Камчатский край,53,70.87358490566038,1722.5512820512818,53,Усть-Большерецкий район,п. Шумный,30616703902
Камчатский край,53,70.87358490566038,1722.5512820512818,53,Усть-Камчатский район,п. Ключи,30619402101
Камчатский край,53,70.87358490566038,1722.5512820512818,53,Усть-Камчатский район,п. Козыревск,30619405101
Камчатский край,53,70.87358490566038,1722.5512820512818,53,Усть-Большерецкий район,п. Паужетка,30616703907
Камчатский край,53,70.87358490566038,1722.5512820512818,53,Усть-Большерецкий район,п. Паужетка,30616703907
Камчатский край,53,70.87358490566038,1722.5512820512818,53,Усть-Большерецкий район,п. Паужетка,30616703907
Камчатский край,53,70.87358490566038,1722.5512820512818,53,Усть-Большерецкий район,п. Паужетка,30616703907
Камчатский край,53,70.87358490566038,1722.5512820512818,53,Усть-Большерецкий район,п. Шумный,30616703902
Камчатский край,53,70.87358490566038,1722.5512820512818,53,Усть-Большерецкий район,п. Шумный,30616703902
Камчатский край,53,70.87358490566038,1722.5512820512818,53,Усть-Большерецкий район,п. Паужетка,30616703907
Камчатский край,53,70.87358490566038,1722.5512820512818,53,Усть-Большерецкий район,п. Паужетка,30616703907
Камчатский край,53,70.87358490566038,1722.5512820512818,53,Усть-Большерецкий район,п. Шумный,30616703902
Камчатский край,53,70.87358490566038,1722.5512820512818,53,Усть-Большерецкий район,п. Паужетка,30616703907
Камчатский край,53,70.87358490566038,1722.5512820512818,53,Усть-Большерецкий район,п. Паужетка,30616703907
Камчатский край,53,70.87358490566038,1722.5512820512818,53,Усть-Большерецкий район,п. Шумный,30616703902
Камчатский край,53,70.87358490566038,1722.5512820512818,53,Усть-Камчатский район,п. Козыревск,30619405101
Камчатский край,53,70.87358490566038,1722.5512820512818,53,Усть-Камчатский район,п. Козыревск,30619405101
Камчатский край,53,70.87358490566038,1722.5512820512818,53,Усть-Камчатский район,п. Козыревск,30619405101
Саратовская область,31,115.87096774193549,11436.129032258064,31,Пугачёвский район,г. Пугачев,63637101001
Саратовская область,31,115.87096774193549,11436.129032258064,31,Аткарский район,г. Аткарск,63604101001
Саратовская область,31,115.87096774193549,11436.129032258064,31,Пугачёвский район,г. Пугачев,63637101001
Саратовская область,31,115.87096774193549,11436.129032258064,31,Пугачёвский район,г. Пугачев,63637101001
Саратовская область,31,115.87096774193549,11436.129032258064,31,Пугачёвский район,г. Пугачев,63637101001
Саратовская область,31,115.87096774193549,11436.129032258064,31,Пугачёвский район,г. Пугачев,63637101001
Саратовская область,31,115.87096774193549,11436.129032258064,31,Пугачёвский район,г. Пугачев,63637101001
Саратовская область,31,115.87096774193549,11436.129032258064,31,Лысогорский район,рп. Лысые Горы,63625151051
Саратовская область,31,115.87096774193549,11436.129032258064,31,Пугачёвский район,г. Пугачев,63637101001
Саратовская область,31,115.87096774193549,11436.129032258064,31,Пугачёвский район,г. Пугачев,63637101001
Саратовская область,31,115.87096774193549,11436.129032258064,31,Пугачёвский район,г. Пугачев,63637101001
Саратовская область,31,115.87096774193549,11436.129032258064,31,Пугачёвский район,г. Пугачев,63637101001
Саратовская область,31,115.87096774193549,11436.129032258064,31,Пугачёвский район,г. Пугачев,63637101001
Саратовская область,31,115.87096774193549,11436.129032258064,31,Пугачёвский район,г. Пугачев,63637101001
Саратовская область,31,115.87096774193549,11436.129032258064,31,Пугачёвский район,г. Пугачев,63637101001
Саратовская область,31,115.87096774193549,11436.129032258064,31,Пугачёвский район,г. Пугачев,63637101001
Саратовская область,31,115.87096774193549,11436.129032258064,31,Пугачёвский район,г. Пугачев,63637101001
Саратовская область,31,115.87096774193549,11436.129032258064,31,Пугачёвский район,г. Пугачев,63637101001
Саратовская область,31,115.87096774193549,11436.129032258064,31,Пугачёвский район,г. Пугачев,63637101001
Саратовская область,31,115.87096774193549,11436.129032258064,31,Пугачёвский район,г. Пугачев,63637101001
Саратовская область,31,115.87096774193549,11436.129032258064,31,Пугачёвский район,г. Пугачев,63637101001
Саратовская область,31,115.87096774193549,11436.129032258064,31,Пугачёвский район,г. Пугачев,63637101001
Саратовская область,31,115.87096774193549,11436.129032258064,31,Пугачёвский район,г. Пугачев,63637101001
Саратовская область,31,115.87096774193549,11436.129032258064,31,Пугачёвский район,г. Пугачев,63637101001
Саратовская область,31,115.87096774193549,11436.129032258064,31,Пугачёвский район,г. Пугачев,63637101001
Саратовская область,31,115.87096774193549,11436.129032258064,31,Пугачёвский район,г. Пугачев,63637101001
Саратовская область,31,115.87096774193549,11436.129032258064,31,Пугачёвский район,г. Пугачев,63637101001
Саратовская область,31,115.87096774193549,11436.129032258064,31,Пугачёвский район,г. Пугачев,63637101001
Саратовская область,31,115.87096774193549,11436.129032258064,31,Пугачёвский район,г. Пугачев,63637101001
Саратовская область,31,115.87096774193549,11436.129032258064,31,Пугачёвский район,г. Пугачев,63637101001
Саратовская область,31,115.87096774193549,11436.129032258064,31,Пугачёвский район,г. Пугачев,63637101001
Республика Башкортостан,8,80.5,5833.333333333333,8,Янаульский,с. Истяк,80659435101
Республика Башкортостан,8,80.5,5833.333333333333,8,Янаульский,д. Банибаш,80659435116
Республика Башкортостан,8,80.5,5833.333333333333,8,Янаульский,д. Банибаш,80659435116
Республика Башкортостан,8,80.5,5833.333333333333,8,Янаульский,д. Ахтиял,80659435111
Республика Башкортостан,8,80.5,5833.333333333333,8,Янаульский,д. Ахтиял,80659435111
Республика Башкортостан,8,80.5,5833.333333333333,8,Чекмагушевский,д. Новоюмраново,80656410131
Республика Башкортостан,8,80.5,5833.333333333333,8,Чекмагушевский,д. Новоюмраново,80656410131
Республика Башкортостан,8,80.5,5833.333333333333,8,Бирский,г. Бирск,80613101001
Ростовская область,1,100.0,10000.0,1,Город Донецк,г. Донецк,60717000001
Еврейская автономная область,1,78.0,78000.0,1,Биробиджан,г. Биробиджан,99701000001
Республика Татарстан (Татарстан),2,46.0,5200.0,2,Лениногорский район,г. Лениногорск,92636101001
Республика Татарстан (Татарстан),2,46.0,5200.0,2,Казань,г. Казань,92701000001
Псковская область,35,63.18000000000001,466.51282051282055,35,Псковский район,д. Стремутка,58649476376
Псковская область,35,63.18000000000001,466.51282051282055,35,Псковский район,д. Стремутка,58649476376
Псковская область,35,63.18000000000001,466.51282051282055,35,Псковский район,д. Стремутка,58649476376
Псковская область,35,63.18000000000001,466.51282051282055,35,Псковский район,д. Стремутка,58649476376
Псковская область,35,63.18000000000001,466.51282051282055,35,Псковский район,д. Стремутка,58649476376
Псковская область,35,63.18000000000001,466.51282051282055,35,Псковский район,д. Стремутка,58649476376
Псковская область,35,63.18000000000001,466.51282051282055,35,Псковский район,д. Стремутка,58649476376
Псковская область,35,63.18000000000001,466.51282051282055,35,Псковский район,д. Стремутка,58649476376
Псковская область,35,63.18000000000001,466.51282051282055,35,Псковский район,д. Стремутка,58649476376
Псковская область,35,63.18000000000001,466.51282051282055,35,Псковский район,д. Стремутка,58649476376
Псковская область,35,63.18000000000001,466.51282051282055,35,Псковский район,д. Соловьи,58649476361
Псковская область,35,63.18000000000001,466.51282051282055,35,Дедовичский район,рп. Дедовичи,58610151051
Псковская область,35,63.18000000000001,466.51282051282055,35,Пушкиногорский район,рп. Пушкинские Горы,58651152051
Псковская область,35,63.18000000000001,466.51282051282055,35,Пушкиногорский район,рп. Пушкинские Горы,58651152051
Псковская область,35,63.18000000000001,466.51282051282055,35,Пушкиногорский район,рп. Пушкинские Горы,58651152051
Псковская область,35,63.18000000000001,466.51282051282055,35,Пушкиногорский район,рп. Пушкинские Горы,58651152051
Псковская область,35,63.18000000000001,466.51282051282055,35,Печорский район,г. Печоры,58640101001
Псковская область,35,63.18000000000001,466.51282051282055,35,Печорский район,г. Печоры,58640101001
Псковская область,35,63.18000000000001,466.51282051282055,35,Великолукский район,д. Лутово,58606436336
Псковская область,35,63.18000000000001,466.51282051282055,35,Великолукский район,д. Лутово,58606436336
Псковская область,35,63.18000000000001,466.51282051282055,35,Великолукский район,д. Лутово,58606436336
Псковская область,35,63.18000000000001,466.51282051282055,35,Великолукский район,д. Лутово,58606436336
Псковская область,35,63.18000000000001,466.51282051282055,35,Псковский район,д. Крякуша,58649432446
Псковская область,35,63.18000000000001,466.51282051282055,35,Гдовский район,г. Гдов,58608101001
Псковская область,35,63.18000000000001,466.51282051282055,35,Гдовский район,г. Гдов,58608101001
Псковская область,35,63.18000000000001,466.51282051282055,35,Гдовский район,г. Гдов,58608101001
Псковская область,35,63.18000000000001,466.51282051282055,35,Новоржевский район,д. Осинкино,58623405206
Псковская область,35,63.18000000000001,466.51282051282055,35,городской округ Псков,г. Псков,57717000001
Псковская область,35,63.18000000000001,466.51282051282055,35,городской округ Псков,г. Псков,58701000001
Псковская область,35,63.18000000000001,466.51282051282055,35,Усвятский район,д. Узкое,58658452316
Псковская область,35,63.18000000000001,466.51282051282055,35,Усвятский район,д. Узкое,58658452316
Псковская область,35,63.18000000000001,466.51282051282055,35,Гдовский район,г. Гдов,58608101001
Псковская область,35,63.18000000000001,466.51282051282055,35,Гдовский район,г. Гдов,58608101001
Псковская область,35,63.18000000000001,466.51282051282055,35,Гдовский район,г. Гдов,58608101001
Псковская область,35,63.18000000000001,466.51282051282055,35,городской округ Великие Луки,г. Великие Луки,58710000001
Рязанская область,1,50.0,500.0,1,Спасский район,п. Брыкин Бор,61646458126
Нижегородская область,134,236.11723880597012,513340.97297297296,134,Богородский район,г. Богородск,22507000001
Нижегородская область,134,236.11723880597012,513340.97297297296,134,Богородский район,г. Богородск,22507000001
Нижегородская область,134,236.11723880597012,513340.97297297296,134,Богородский район,г. Богородск,22507000001
Нижегородская область,134,236.11723880597012,513340.97297297296,134,Богородский район,г. Богородск,22507000001
Нижегородская область,134,236.11723880597012,513340.97297297296,134,Лысковский район,с. Семово,22640416171
Нижегородская область,134,236.11723880597012,513340.97297297296,134,Сергачский район,с. Камкино,22648428101
Нижегородская область,134,236.11723880597012,513340.97297297296,134,Богородский район,г. Богородск,22507000001
Нижегородская область,134,236.11723880597012,513340.97297297296,134,Богородский район,г. Богородск,22507000001
Нижегородская область,134,236.11723880597012,513340.97297297296,134,Богородский район,г. Богородск,22507000001
Нижегородская область,134,236.11723880597012,513340.97297297296,134,Богородский район,г. Богородск,22507000001
Нижегородская область,134,236.11723880597012,513340.97297297296,134,Нижний Новгород,г. Нижний Новгород,22701000001
Нижегородская область,134,236.11723880597012,513340.97297297296,134,Дзержинск,г. Дзержинск,22721000001
Нижегородская область,134,236.11723880597012,513340.97297297296,134,Богородский район,г. Богородск,22507000001
Нижегородская область,134,236.11723880597012,513340.97297297296,134,Богородский район,г. Богородск,22507000001
Нижегородская область,134,236.11723880597012,513340.97297297296,134,Богородский район,г. Богородск,22507000001
Нижегородская область,134,236.11723880597012,513340.97297297296,134,Богородский район,г. Богородск,22507000001
Нижегородская область,134,236.11723880597012,513340.97297297296,134,Лысковский район,г. Лысково,22640101001
Нижегородская область,134,236.11723880597012,513340.97297297296,134,Богородский район,г. Богородск,22507000001
Нижегородская область,134,236.11723880597012,513340.97297297296,134,Богородский район,г. Богородск,22507000001
Нижегородская область,134,236.11723880597012,513340.97297297296,134,Богородский район,г. Богородск,22507000001
Нижегородская область,134,236.11723880597012,513340.97297297296,134,Нижний Новгород,г. Нижний Новгород,22701000001
Нижегородская область,134,236.11723880597012,513340.97297297296,134,Лысковский район,г. Лысково,22640101001
Нижегородская область,134,236.11723880597012,513340.97297297296,134,Лысковский район,г. Лысково,22640101001
Нижегородская область,134,236.11723880597012,513340.97297297296,134,Павловский район,г. Горбатов,22642105001
Нижегородская область,134,236.11723880597012,513340.97297297296,134,Нижний Новгород,г. Нижний Новгород,22701000001
Нижегородская область,134,236.11723880597012,513340.97297297296,134,Павловский район,г. Ворсма,22542000003
Нижегородская область,134,236.11723880597012,513340.97297297296,134,Богородский район,г. Богородск,22507000001
Нижегородская область,134,236.11723880597012,513340.97297297296,134,Богородский район,г. Богородск,22507000001
Нижегородская область,134,236.11723880597012,513340.97297297296,134,Богородский район,г. Богородск,22507000001
Нижегородская область,134,236.11723880597012,513340.97297297296,134,Богородский район,г. Богородск,22507000001
Нижегородская область,134,236.11723880597012,513340.97297297296,134,Богородский район,г. Богородск,22507000001
Нижегородская область,134,236.11723880597012,513340.97297297296,134,Богородский район,г. Богородск,22507000001
Нижегородская область,134,236.11723880597012,513340.97297297296,134,Богородский район,г. Богородск,22507000001
Нижегородская область,134,236.11723880597012,513340.97297297296,134,Богородский район,г. Богородск,22507000001
Нижегородская область,134,236.11723880597012,513340.97297297296,134,Богородский район,г. Богородск,22507000001
Нижегородская область,134,236.11723880597012,513340.97297297296,134,Богородский район,г. Богородск,22507000001
Нижегородская область,134,236.11723880597012,513340.97297297296,134,Богородский район,г. Богородск,22507000001
Нижегородская область,134,236.11723880597012,513340.97297297296,134,Богородский район,г. Богородск,22507000001
Нижегородская область,134,236.11723880597012,513340.97297297296,134,Богородский район,г. Богородск,22507000001
Нижегородская область,134,236.11723880597012,513340.97297297296,134,Богородский район,г. Богородск,22507000001
Нижегородская область,134,236.11723880597012,513340.97297297296,134,Богородский район,г. Богородск,22507000001
Нижегородская область,134,236.11723880597012,513340.97297297296,134,Богородский район,г. Богородск,22507000001
Нижегородская область,134,236.11723880597012,513340.97297297296,134,Богородский район,г. Богородск,22507000001
Нижегородская область,134,236.11723880597012,513340.97297297296,134,Богородский район,г. Богородск,22507000001
Нижегородская область,134,236.11723880597012,513340.97297297296,134,Дзержинск,г. Дзержинск,22721000001
Нижегородская область,134,236.11723880597012,513340.97297297296,134,Балахнинский район,г. Балахна,22505000001
Нижегородская область,134,236.11723880597012,513340.97297297296,134,Балахнинский район,г. Балахна,22505000001
Нижегородская область,134,236.11723880597012,513340.97297297296,134,Балахнинский район,г. Балахна,22505000001
Нижегородская область,134,236.11723880597012,513340.97297297296,134,Балахнинский район,г. Балахна,22505000001
Нижегородская область,134,236.11723880597012,513340.97297297296,134,Нижний Новгород,г. Нижний Новгород,22701000001
Нижегородская область,134,236.11723880597012,513340.97297297296,134,Нижний Новгород,г. Нижний Новгород,22701000001
Нижегородская область,134,236.11723880597012,513340.97297297296,134,Кстовский район,г. Кстово,22637101001
Нижегородская область,134,236.11723880597012,513340.97297297296,134,Дзержинск,г. Дзержинск,22721000001
Нижегородская область,134,236.11723880597012,513340.97297297296,134,Дзержинск,г. Дзержинск,22721000001
Нижегородская область,134,236.11723880597012,513340.97297297296,134,Дзержинск,г. Дзержинск,22721000001
Нижегородская область,134,236.11723880597012,513340.97297297296,134,Нижний Новгород,г. Нижний Новгород,22701000001
Нижегородская область,134,236.11723880597012,513340.97297297296,134,Богородский район,г. Богородск,22507000001
Нижегородская область,134,236.11723880597012,513340.97297297296,134,Богородский район,г. Богородск,22507000001
Нижегородская область,134,236.11723880597012,513340.97297297296,134,Богородский район,г. Богородск,22507000001
Нижегородская область,134,236.11723880597012,513340.97297297296,134,Богородский район,г. Богородск,22507000001
Нижегородская область,134,236.11723880597012,513340.97297297296,134,Богородский район,г. Богородск,22507000001
Нижегородская область,134,236.11723880597012,513340.97297297296,134,Павловский район,г. Ворсма,22542000003
Нижегородская область,134,236.11723880597012,513340.97297297296,134,Богородский район,г. Богородск,22507000001
Нижегородская область,134,236.11723880597012,513340.97297297296,134,Богородский район,г. Богородск,22507000001
Нижегородская область,134,236.11723880597012,513340.97297297296,134,Богородский район,г. Богородск,22507000001
Нижегородская область,134,236.11723880597012,513340.97297297296,134,Богородский район,г. Богородск,22507000001
Нижегородская область,134,236.11723880597012,513340.97297297296,134,Кстовский район,д. Малая Ельня,22637416116
Нижегородская область,134,236.11723880597012,513340.97297297296,134,Богородский район,г. Богородск,22507000001
Нижегородская область,134,236.11723880597012,513340.97297297296,134,Богородский район,г. Богородск,22507000001
Нижегородская область,134,236.11723880597012,513340.97297297296,134,Богородский район,г. Богородск,22507000001
Нижегородская область,134,236.11723880597012,513340.97297297296,134,Богородский район,г. Богородск,22507000001
Нижегородская область,134,236.11723880597012,513340.97297297296,134,Первомайск,рп. Сатис,22734000056
Нижегородская область,134,236.11723880597012,513340.97297297296,134,Первомайск,рп. Сатис,22734000056
Нижегородская область,134,236.11723880597012,513340.97297297296,134,Первомайск,рп. Сатис,22734000056
Нижегородская область,134,236.11723880597012,513340.97297297296,134,Первомайск,рп. Сатис,22734000056
Нижегородская область,134,236.11723880597012,513340.97297297296,134,Дзержинск,г. Дзержинск,22721000001
Нижегородская область,134,236.11723880597012,513340.97297297296,134,Дзержинск,г. Дзержинск,22721000001
Нижегородская область,134,236.11723880597012,513340.97297297296,134,Нижний Новгород,г. Нижний Новгород,22701000001
Нижегородская область,134,236.11723880597012,513340.97297297296,134,Лысковский район,с. Семово,22640416171
Нижегородская область,134,236.11723880597012,513340.97297297296,134,Дзержинск,г. Дзержинск,22721000001
Нижегородская область,134,236.11723880597012,513340.97297297296,134,Нижний Новгород,г. Нижний Новгород,22701000001
Нижегородская область,134,236.11723880597012,513340.97297297296,134,Богородский район,г. Богородск,22507000001
Нижегородская область,134,236.11723880597012,513340.97297297296,134,Богородский район,г. Богородск,22507000001
Нижегородская область,134,236.11723880597012,513340.97297297296,134,Богородский район,г. Богородск,22507000001
Нижегородская область,134,236.11723880597012,513340.97297297296,134,Богородский район,г. Богородск,22507000001
Нижегородская область,134,236.11723880597012,513340.97297297296,134,Дзержинск,г. Дзержинск,22721000001
Нижегородская область,134,236.11723880597012,513340.97297297296,134,Дзержинск,г. Дзержинск,22721000001
Нижегородская область,134,236.11723880597012,513340.97297297296,134,Дзержинск,г. Дзержинск,22721000001
Нижегородская область,134,236.11723880597012,513340.97297297296,134,Павловский район,г. Горбатов,22642105001
Нижегородская область,134,236.11723880597012,513340.97297297296,134,Богородский район,г. Богородск,22507000001
Нижегородская область,134,236.11723880597012,513340.97297297296,134,Богородский район,г. Богородск,22507000001
Нижегородская область,134,236.11723880597012,513340.97297297296,134,Богородский район,г. Богородск,22507000001
Нижегородская область,134,236.11723880597012,513340.97297297296,134,Богородский район,г. Богородск,22507000001
Нижегородская область,134,236.11723880597012,513340.97297297296,134,Богородский район,г. Богородск,22507000001
Нижегородская область,134,236.11723880597012,513340.97297297296,134,Павловский район,г. Ворсма,22542000003
Нижегородская область,134,236.11723880597012,513340.97297297296,134,Богородский район,г. Богородск,22507000001
Нижегородская область,134,236.11723880597012,513340.97297297296,134,Богородский район,г. Богородск,22507000001
Нижегородская область,134,236.11723880597012,513340.97297297296,134,Богородский район,г. Богородск,22507000001
Нижегородская область,134,236.11723880597012,513340.97297297296,134,Богородский район,г. Богородск,22507000001
Нижегородская область,134,236.11723880597012,513340.97297297296,134,Нижний Новгород,г. Нижний Новгород,22701000001
Нижегородская область,134,236.11723880597012,513340.97297297296,134,Нижний Новгород,г. Нижний Новгород,22701000001
Нижегородская область,134,236.11723880597012,513340.97297297296,134,Павловский район,г. Горбатов,22642105001
Нижегородская область,134,236.11723880597012,513340.97297297296,134,Дзержинск,г. Дзержинск,22721000001
Нижегородская область,134,236.11723880597012,513340.97297297296,134,Дзержинск,г. Дзержинск,22721000001
Нижегородская область,134,236.11723880597012,513340.97297297296,134,Дзержинск,г. Дзержинск,22721000001
Нижегородская область,134,236.11723880597012,513340.97297297296,134,Навашинский,с. Натальино,22730000168
Нижегородская область,134,236.11723880597012,513340.97297297296,134,Починковский район,с. Мадаево,22646468121
Нижегородская область,134,236.11723880597012,513340.97297297296,134,Нижний Новгород,г. Нижний Новгород,22701000001
Нижегородская область,134,236.11723880597012,513340.97297297296,134,Нижний Новгород,г. Нижний Новгород,22701000001
Нижегородская область,134,236.11723880597012,513340.97297297296,134,Кстовский район,г. Кстово,22637101001
Нижегородская область,134,236.11723880597012,513340.97297297296,134,Кстовский район,г. Кстово,22637101001
Нижегородская область,134,236.11723880597012,513340.97297297296,134,Дзержинск,г. Дзержинск,22721000001
Нижегородская область,134,236.11723880597012,513340.97297297296,134,Дзержинск,г. Дзержинск,22721000001
Нижегородская область,134,236.11723880597012,513340.97297297296,134,Лысковский район,г. Лысково,22640101001
Нижегородская область,134,236.11723880597012,513340.97297297296,134,Дзержинск,г. Дзержинск,22721000001
Нижегородская область,134,236.11723880597012,513340.97297297296,134,Дзержинск,г. Дзержинск,22721000001
Нижегородская область,134,236.11723880597012,513340.97297297296,134,Павловский район,г. Ворсма,22542000003
Нижегородская область,134,236.11723880597012,513340.97297297296,134,Нижний Новгород,г. Нижний Новгород,22701000001
Нижегородская область,134,236.11723880597012,513340.97297297296,134,Нижний Новгород,г. Нижний Новгород,22701000001
Нижегородская область,134,236.11723880597012,513340.97297297296,134,Павловский район,г. Горбатов,22642105001
Нижегородская область,134,236.11723880597012,513340.97297297296,134,Кстовский район,г. Кстово,22637101001
Нижегородская область,134,236.11723880597012,513340.97297297296,134,Балахнинский район,г. Балахна,22505000001
Нижегородская область,134,236.11723880597012,513340.97297297296,134,Кстовский район,г. Кстово,22637101001
Нижегородская область,134,236.11723880597012,513340.97297297296,134,Лысковский район,с. Семово,22640416171
Нижегородская область,134,236.11723880597012,513340.97297297296,134,Сергачский район,с. Камкино,22648428101
Нижегородская область,134,236.11723880597012,513340.97297297296,134,Дзержинск,г. Дзержинск,22721000001
Нижегородская область,134,236.11723880597012,513340.97297297296,134,Нижний Новгород,г. Нижний Новгород,22701000
Нижегородская область,134,236.11723880597012,513340.97297297296,134,Нижний Новгород,г. Нижний Новгород,22701000
Нижегородская область,134,236.11723880597012,513340.97297297296,134,Нижний Новгород,г. Нижний Новгород,22701000
Нижегородская область,134,236.11723880597012,513340.97297297296,134,Нижний Новгород,г. Нижний Новгород,22701000
Нижегородская область,134,236.11723880597012,513340.97297297296,134,Воротынский район,рп. Васильсурск,22719000056
Нижегородская область,134,236.11723880597012,513340.97297297296,134,Нижний Новгород,г. Нижний Новгород,22701000
Нижегородская область,134,236.11723880597012,513340.97297297296,134,Лысковский район,с. Семово,22640416171
Нижегородская область,134,236.11723880597012,513340.97297297296,134,Лысковский район,с. Семово,22640416171
Воронежская область,1,1.9,0.0,1,город Воронеж,г. Воронеж,20701000001
Вологодская область,133,43.1503007518797,33923.35802469136,133,Сокольский район,г. Сокол,19638101001
Вологодская область,133,43.1503007518797,33923.35802469136,133,Сокольский район,г. Сокол,19638101001
Вологодская область,133,43.1503007518797,33923.35802469136,133,Сокольский район,г. Сокол,19638101001
Вологодская область,133,43.1503007518797,33923.35802469136,133,Сокольский район,г. Сокол,19638101001
Вологодская область,133,43.1503007518797,33923.35802469136,133,Сокольский район,г. Сокол,19638101001
Вологодская область,133,43.1503007518797,33923.35802469136,133,Сокольский район,г. Сокол,19638101001
Вологодская область,133,43.1503007518797,33923.35802469136,133,Сокольский район,г. Сокол,19638101001
Вологодская область,133,43.1503007518797,33923.35802469136,133,Череповецкий район,д. Мостовая,19656488136
Вологодская область,133,43.1503007518797,33923.35802469136,133,Череповецкий район,д. Мостовая,19656488136
Вологодская область,133,43.1503007518797,33923.35802469136,133,Череповецкий район,д. Мостовая,19656488136
Вологодская область,133,43.1503007518797,33923.35802469136,133,Сокольский район,г. Сокол,19638101001
Вологодская область,133,43.1503007518797,33923.35802469136,133,Сокольский район,г. Сокол,19638101001
Вологодская область,133,43.1503007518797,33923.35802469136,133,Сокольский район,г. Сокол,19638101001
Вологодская область,133,43.1503007518797,33923.35802469136,133,Сокольский район,г. Сокол,19638101001
Вологодская область,133,43.1503007518797,33923.35802469136,133,Сокольский район,г. Сокол,19638101001
Вологодская область,133,43.1503007518797,33923.35802469136,133,Сокольский район,г. Сокол,19638101001
Вологодская область,133,43.1503007518797,33923.35802469136,133,Сокольский район,г. Сокол,19638101001
Вологодская область,133,43.1503007518797,33923.35802469136,133,Сокольский район,г. Сокол,19638101001
Вологодская область,133,43.1503007518797,33923.35802469136,133,Сокольский район,г. Сокол,19638101001
Вологодская область,133,43.1503007518797,33923.35802469136,133,Сокольский район,г. Сокол,19638101001
Вологодская область,133,43.1503007518797,33923.35802469136,133,Сокольский район,г. Сокол,19638101001
Вологодская область,133,43.1503007518797,33923.35802469136,133,Сокольский район,г. Сокол,19638101001
Вологодская область,133,43.1503007518797,33923.35802469136,133,Сокольский район,г. Сокол,19638101001
Вологодская область,133,43.1503007518797,33923.35802469136,133,Сокольский район,г. Сокол,19638101001
Вологодская область,133,43.1503007518797,33923.35802469136,133,Сокольский район,г. Сокол,19638101001
Вологодская область,133,43.1503007518797,33923.35802469136,133,Сокольский район,г. Сокол,19638101001
Вологодская область,133,43.1503007518797,33923.35802469136,133,Сокольский район,г. Сокол,19638101001
Вологодская область,133,43.1503007518797,33923.35802469136,133,Сокольский район,г. Сокол,19638101001
Вологодская область,133,43.1503007518797,33923.35802469136,133,Сокольский район,г. Сокол,19638101001
Вологодская область,133,43.1503007518797,33923.35802469136,133,Сокольский район,г. Сокол,19638101001
Вологодская область,133,43.1503007518797,33923.35802469136,133,Сокольский район,г. Сокол,19638101001
Вологодская область,133,43.1503007518797,33923.35802469136,133,Сокольский район,г. Сокол,19638101001
Вологодская область,133,43.1503007518797,33923.35802469136,133,Сокольский район,г. Сокол,19638101001
Вологодская область,133,43.1503007518797,33923.35802469136,133,Сокольский район,г. Сокол,19638101001
Вологодская область,133,43.1503007518797,33923.35802469136,133,Сокольский район,г. Сокол,19638101001
Вологодская область,133,43.1503007518797,33923.35802469136,133,Сокольский район,г. Сокол,19638101001
Вологодская область,133,43.1503007518797,33923.35802469136,133,Сокольский район,г. Сокол,19638101001
Вологодская область,133,43.1503007518797,33923.35802469136,133,Сокольский район,г. Сокол,19638101001
Вологодская область,133,43.1503007518797,33923.35802469136,133,Сокольский район,г. Сокол,19638101001
Вологодская область,133,43.1503007518797,33923.35802469136,133,Сокольский район,г. Сокол,19638101001
Вологодская область,133,43.1503007518797,33923.35802469136,133,Сокольский район,г. Сокол,19638101001
Вологодская область,133,43.1503007518797,33923.35802469136,133,Сокольский район,г. Сокол,19638101001
Вологодская область,133,43.1503007518797,33923.35802469136,133,Сокольский район,г. Сокол,19638101001
Вологодская область,133,43.1503007518797,33923.35802469136,133,Сокольский район,г. Сокол,19638101001
Вологодская область,133,43.1503007518797,33923.35802469136,133,Сокольский район,г. Сокол,19638101001
Вологодская область,133,43.1503007518797,33923.35802469136,133,Сокольский район,г. Сокол,19638101001
Вологодская область,133,43.1503007518797,33923.35802469136,133,Сокольский район,г. Сокол,19638101001
Вологодская область,133,43.1503007518797,33923.35802469136,133,Сокольский район,г. Сокол,19638101001
Вологодская область,133,43.1503007518797,33923.35802469136,133,Сокольский район,г. Сокол,19638101001
Вологодская область,133,43.1503007518797,33923.35802469136,133,Сокольский район,г. Сокол,19638101001
Вологодская область,133,43.1503007518797,33923.35802469136,133,Сокольский район,г. Сокол,19638101001
Вологодская область,133,43.1503007518797,33923.35802469136,133,Сокольский район,г. Сокол,19638101001
Вологодская область,133,43.1503007518797,33923.35802469136,133,Устюженский район,г. Устюжна,19650101001
Вологодская область,133,43.1503007518797,33923.35802469136,133,Вологодский район,д. Дуброво,19620440283
Вологодская область,133,43.1503007518797,33923.35802469136,133,Вологодский район,д. Дуброво,19620440283
Вологодская область,133,43.1503007518797,33923.35802469136,133,Вологодский район,д. Дуброво,19620440283
Вологодская область,133,43.1503007518797,33923.35802469136,133,Вологодский район,д. Дуброво,19620440283
Вологодская область,133,43.1503007518797,33923.35802469136,133,Вологодский район,д. Дуброво,19620440283
Вологодская область,133,43.1503007518797,33923.35802469136,133,Вологодский район,д. Дуброво,19620440283
Вологодская область,133,43.1503007518797,33923.35802469136,133,Вологодский район,д. Дуброво,19620440283
Вологодская область,133,43.1503007518797,33923.35802469136,133,Город Вологда,г. Вологда,19701000001
Вологодская область,133,43.1503007518797,33923.35802469136,133,Город Вологда,г. Вологда,19701000001
Вологодская область,133,43.1503007518797,33923.35802469136,133,Город Вологда,г. Вологда,19701000001
Вологодская область,133,43.1503007518797,33923.35802469136,133,Сокольский район,г. Сокол,19638101001
Вологодская область,133,43.1503007518797,33923.35802469136,133,Сокольский район,г. Сокол,19638101001
Вологодская область,133,43.1503007518797,33923.35802469136,133,Сокольский район,г. Сокол,19638101001
Вологодская область,133,43.1503007518797,33923.35802469136,133,Город Вологда,г. Вологда,19701000001
Вологодская область,133,43.1503007518797,33923.35802469136,133,Город Вологда,г. Вологда,19701000001
Вологодская область,133,43.1503007518797,33923.35802469136,133,Город Вологда,г. Вологда,19701000001
Вологодская область,133,43.1503007518797,33923.35802469136,133,Город Вологда,г. Вологда,19701000001
Вологодская область,133,43.1503007518797,33923.35802469136,133,Город Вологда,г. Вологда,19701000001
Вологодская область,133,43.1503007518797,33923.35802469136,133,Сокольский район,г. Сокол,19638101001
Вологодская область,133,43.1503007518797,33923.35802469136,133,Сокольский район,г. Сокол,19638101001
Вологодская область,133,43.1503007518797,33923.35802469136,133,Сокольский район,г. Сокол,19638101001
Вологодская область,133,43.1503007518797,33923.35802469136,133,Сокольский район,г. Сокол,19638101001
Вологодская область,133,43.1503007518797,33923.35802469136,133,Сокольский район,г. Сокол,19638101001
Вологодская область,133,43.1503007518797,33923.35802469136,133,Сокольский район,г. Сокол,19638101001
Вологодская область,133,43.1503007518797,33923.35802469136,133,Сокольский район,г. Сокол,19638101001
Вологодская область,133,43.1503007518797,33923.35802469136,133,Сокольский район,г. Сокол,19638101001
Вологодская область,133,43.1503007518797,33923.35802469136,133,Сокольский район,г. Сокол,19638101001
Вологодская область,133,43.1503007518797,33923.35802469136,133,Сокольский район,г. Сокол,19638101001
Вологодская область,133,43.1503007518797,33923.35802469136,133,Сокольский район,г. Сокол,19638101001
Вологодская область,133,43.1503007518797,33923.35802469136,133,Сокольский район,г. Сокол,19638101001
Вологодская область,133,43.1503007518797,33923.35802469136,133,Сокольский район,г. Сокол,19638101001
Вологодская область,133,43.1503007518797,33923.35802469136,133,Сокольский район,г. Сокол,19638101001
Вологодская область,133,43.1503007518797,33923.35802469136,133,Сокольский район,г. Сокол,19638101001
Вологодская область,133,43.1503007518797,33923.35802469136,133,Сокольский район,г. Сокол,19638101001
Вологодская область,133,43.1503007518797,33923.35802469136,133,Сокольский район,г. Сокол,19638101001
Вологодская область,133,43.1503007518797,33923.35802469136,133,Вологодский район,д. Низьма,19620468297
Вологодская область,133,43.1503007518797,33923.35802469136,133,Грязовецкий район,д. Зимняк,19624440266
Вологодская область,133,43.1503007518797,33923.35802469136,133,Город Вологда,г. Вологда,19701000001
Вологодская область,133,43.1503007518797,33923.35802469136,133,Город Череповец,г. Череповец,19730000001
Вологодская область,133,43.1503007518797,33923.35802469136,133,Сокольский район,г. Сокол,19638101001
Вологодская область,133,43.1503007518797,33923.35802469136,133,Сокольский район,г. Сокол,19638101001
Вологодская область,133,43.1503007518797,33923.35802469136,133,Сокольский район,г. Сокол,19638101001
Вологодская область,133,43.1503007518797,33923.35802469136,133,Сокольский район,г. Сокол,19638101001
Вологодская область,133,43.1503007518797,33923.35802469136,133,Сокольский район,г. Сокол,19638101001
Вологодская область,133,43.1503007518797,33923.35802469136,133,Сокольский район,г. Сокол,19638101001
Вологодская область,133,43.1503007518797,33923.35802469136,133,Череповецкий район,д. Мостовая,19656488136
Вологодская область,133,43.1503007518797,33923.35802469136,133,Сокольский район,г. Сокол,19638101001
Вологодская область,133,43.1503007518797,33923.35802469136,133,Сокольский район,г. Сокол,19638101001
Вологодская область,133,43.1503007518797,33923.35802469136,133,Сокольский район,г. Сокол,19638101001
Вологодская область,133,43.1503007518797,33923.35802469136,133,Сокольский район,г. Сокол,19638101001
Вологодская область,133,43.1503007518797,33923.35802469136,133,Сокольский район,г. Сокол,19638101001
Вологодская область,133,43.1503007518797,33923.35802469136,133,Сокольский район,г. Сокол,19638101001
Вологодская область,133,43.1503007518797,33923.35802469136,133,Сокольский район,г. Сокол,19638101001
Вологодская область,133,43.1503007518797,33923.35802469136,133,Сокольский район,г. Сокол,19638101001
Вологодская область,133,43.1503007518797,33923.35802469136,133,Сокольский район,г. Сокол,19638101001
Вологодская область,133,43.1503007518797,33923.35802469136,133,Сокольский район,г. Сокол,19638101001
Вологодская область,133,43.1503007518797,33923.35802469136,133,Сокольский район,г. Сокол,19638101001
Вологодская область,133,43.1503007518797,33923.35802469136,133,Сокольский район,г. Сокол,19638101001
Вологодская область,133,43.1503007518797,33923.35802469136,133,Сокольский район,г. Сокол,19638101001
Вологодская область,133,43.1503007518797,33923.35802469136,133,Сокольский район,г. Сокол,19638101001
Вологодская область,133,43.1503007518797,33923.35802469136,133,Город Череповец,г. Череповец,19730000001
Вологодская область,133,43.1503007518797,33923.35802469136,133,Город Череповец,г. Череповец,19730000001
Вологодская область,133,43.1503007518797,33923.35802469136,133,Город Череповец,г. Череповец,19730000001
Вологодская область,133,43.1503007518797,33923.35802469136,133,Город Череповец,г. Череповец,19730000001
Вологодская область,133,43.1503007518797,33923.35802469136,133,Сокольский район,г. Сокол,19638101001
Вологодская область,133,43.1503007518797,33923.35802469136,133,Сокольский район,г. Сокол,19638101001
Вологодская область,133,43.1503007518797,33923.35802469136,133,Сокольский район,г. Сокол,19638101001
Вологодская область,133,43.1503007518797,33923.35802469136,133,Город Вологда,г. Вологда,19701000001
Вологодская область,133,43.1503007518797,33923.35802469136,133,Город Вологда,г. Вологда,19701000001
Вологодская область,133,43.1503007518797,33923.35802469136,133,Сокольский район,г. Сокол,19638101001
Вологодская область,133,43.1503007518797,33923.35802469136,133,Сокольский район,г. Сокол,19638101001
Вологодская область,133,43.1503007518797,33923.35802469136,133,Сокольский район,г. Сокол,19638101001
Вологодская область,133,43.1503007518797,33923.35802469136,133,Сокольский район,г. Сокол,19638101001
Вологодская область,133,43.1503007518797,33923.35802469136,133,Сокольский район,г. Сокол,19638101001
Вологодская область,133,43.1503007518797,33923.35802469136,133,Сокольский район,г. Сокол,19638101001
Вологодская область,133,43.1503007518797,33923.35802469136,133,Сокольский район,г. Сокол,19638101001
Вологодская область,133,43.1503007518797,33923.35802469136,133,Сокольский район,г. Сокол,19638101001
Вологодская область,133,43.1503007518797,33923.35802469136,133,Сокольский район,г. Сокол,19638101001
Вологодская область,133,43.1503007518797,33923.35802469136,133,Сокольский район,г. Сокол,19638101001
Вологодская область,133,43.1503007518797,33923.35802469136,133,Сокольский район,г. Сокол,19638101001
Оренбургская область,161,141.27950310559007,117139.375,161,Орск,г. Орск,53723000001
Оренбургская область,161,141.27950310559007,117139.375,161,Медногорск,г. Медногорск,53715000001
Оренбургская область,161,141.27950310559007,117139.375,161,Медногорск,г. Медногорск,53715000001
Оренбургская область,161,141.27950310559007,117139.375,161,Медногорск,г. Медногорск,53715000001
Оренбургская область,161,141.27950310559007,117139.375,161,Медногорск,г. Медногорск,53715000001
Оренбургская область,161,141.27950310559007,117139.375,161,Медногорск,г. Медногорск,53715000001
Оренбургская область,161,141.27950310559007,117139.375,161,Медногорск,г. Медногорск,53715000001
Оренбургская область,161,141.27950310559007,117139.375,161,Медногорск,г. Медногорск,53715000001
Оренбургская область,161,141.27950310559007,117139.375,161,Медногорск,г. Медногорск,53715000001
Оренбургская область,161,141.27950310559007,117139.375,161,Медногорск,г. Медногорск,53715000001
Оренбургская область,161,141.27950310559007,117139.375,161,Медногорск,г. Медногорск,53715000001
Оренбургская область,161,141.27950310559007,117139.375,161,Медногорск,г. Медногорск,53715000001
Оренбургская область,161,141.27950310559007,117139.375,161,Медногорск,г. Медногорск,53715000001
Оренбургская область,161,141.27950310559007,117139.375,161,Медногорск,г. Медногорск,53715000001
Оренбургская область,161,141.27950310559007,117139.375,161,Медногорск,г. Медногорск,53715000001
Оренбургская область,161,141.27950310559007,117139.375,161,Медногорск,г. Медногорск,53715000001
Оренбургская область,161,141.27950310559007,117139.375,161,Медногорск,г. Медногорск,53715000001
Оренбургская область,161,141.27950310559007,117139.375,161,Медногорск,г. Медногорск,53715000001
Оренбургская область,161,141.27950310559007,117139.375,161,Медногорск,г. Медногорск,53715000001
Оренбургская область,161,141.27950310559007,117139.375,161,Медногорск,г. Медногорск,53715000001
Оренбургская область,161,141.27950310559007,117139.375,161,Медногорск,г. Медногорск,53715000001
Оренбургская область,161,141.27950310559007,117139.375,161,Медногорск,г. Медногорск,53715000001
Оренбургская область,161,141.27950310559007,117139.375,161,Медногорск,г. Медногорск,53715000001
Оренбургская область,161,141.27950310559007,117139.375,161,Медногорск,г. Медногорск,53715000001
Оренбургская область,161,141.27950310559007,117139.375,161,Медногорск,г. Медногорск,53715000001
Оренбургская область,161,141.27950310559007,117139.375,161,Медногорск,г. Медногорск,53715000001
Оренбургская область,161,141.27950310559007,117139.375,161,Медногорск,г. Медногорск,53715000001
Оренбургская область,161,141.27950310559007,117139.375,161,Медногорск,г. Медногорск,53715000001
Оренбургская область,161,141.27950310559007,117139.375,161,Медногорск,г. Медногорск,53715000001
Оренбургская область,161,141.27950310559007,117139.375,161,Медногорск,г. Медногорск,53715000001
Оренбургская область,161,141.27950310559007,117139.375,161,Медногорск,г. Медногорск,53715000001
Оренбургская область,161,141.27950310559007,117139.375,161,Медногорск,г. Медногорск,53715000001
Оренбургская область,161,141.27950310559007,117139.375,161,Медногорск,г. Медногорск,53715000001
Оренбургская область,161,141.27950310559007,117139.375,161,Медногорск,г. Медногорск,53715000001
Оренбургская область,161,141.27950310559007,117139.375,161,Орск,г. Орск,53723000001
Оренбургская область,161,141.27950310559007,117139.375,161,Медногорск,г. Медногорск,53715000001
Оренбургская область,161,141.27950310559007,117139.375,161,Медногорск,г. Медногорск,53715000001
Оренбургская область,161,141.27950310559007,117139.375,161,Медногорск,г. Медногорск,53715000001
Оренбургская область,161,141.27950310559007,117139.375,161,Медногорск,г. Медногорск,53715000001
Оренбургская область,161,141.27950310559007,117139.375,161,Медногорск,г. Медногорск,53715000001
Оренбургская область,161,141.27950310559007,117139.375,161,Медногорск,г. Медногорск,53715000001
Оренбургская область,161,141.27950310559007,117139.375,161,Медногорск,г. Медногорск,53715000001
Оренбургская область,161,141.27950310559007,117139.375,161,Медногорск,г. Медногорск,53715000001
Оренбургская область,161,141.27950310559007,117139.375,161,Медногорск,г. Медногорск,53715000001
Оренбургская область,161,141.27950310559007,117139.375,161,Медногорск,г. Медногорск,53715000001
Оренбургская область,161,141.27950310559007,117139.375,161,Медногорск,г. Медногорск,53715000001
Оренбургская область,161,141.27950310559007,117139.375,161,Медногорск,г. Медногорск,53715000001
Оренбургская область,161,141.27950310559007,117139.375,161,Медногорск,г. Медногорск,53715000001
Оренбургская область,161,141.27950310559007,117139.375,161,Медногорск,г. Медногорск,53715000001
Оренбургская область,161,141.27950310559007,117139.375,161,Медногорск,г. Медногорск,53715000001
Оренбургская область,161,141.27950310559007,117139.375,161,Медногорск,г. Медногорск,53715000001
Оренбургская область,161,141.27950310559007,117139.375,161,Медногорск,г. Медногорск,53715000001
Оренбургская область,161,141.27950310559007,117139.375,161,Медногорск,г. Медногорск,53715000001
Оренбургская область,161,141.27950310559007,117139.375,161,Медногорск,г. Медногорск,53715000001
Оренбургская область,161,141.27950310559007,117139.375,161,Медногорск,г. Медногорск,53715000001
Оренбургская область,161,141.27950310559007,117139.375,161,Медногорск,г. Медногорск,53715000001
Оренбургская область,161,141.27950310559007,117139.375,161,Медногорск,г. Медногорск,53715000001
Оренбургская область,161,141.27950310559007,117139.375,161,Медногорск,г. Медногорск,53715000001
Оренбургская область,161,141.27950310559007,117139.375,161,Медногорск,г. Медногорск,53715000001
Оренбургская область,161,141.27950310559007,117139.375,161,Медногорск,г. Медногорск,53715000001
Оренбургская область,161,141.27950310559007,117139.375,161,Медногорск,г. Медногорск,53715000001
Оренбургская область,161,141.27950310559007,117139.375,161,Медногорск,г. Медногорск,53715000001
Оренбургская область,161,141.27950310559007,117139.375,161,Медногорск,г. Медногорск,53715000001
Оренбургская область,161,141.27950310559007,117139.375,161,Медногорск,г. Медногорск,53715000001
Оренбургская область,161,141.27950310559007,117139.375,161,Медногорск,г. Медногорск,53715000001
Оренбургская область,161,141.27950310559007,117139.375,161,Медногорск,г. Медногорск,53715000001
Оренбургская область,161,141.27950310559007,117139.375,161,Медногорск,г. Медногорск,53715000001
Оренбургская область,161,141.27950310559007,117139.375,161,Медногорск,г. Медногорск,53715000001
Оренбургская область,161,141.27950310559007,117139.375,161,Медногорск,г. Медногорск,53715000001
Оренбургская область,161,141.27950310559007,117139.375,161,Медногорск,г. Медногорск,53715000001
Оренбургская область,161,141.27950310559007,117139.375,161,Медногорск,г. Медногорск,53715000001
Оренбургская область,161,141.27950310559007,117139.375,161,Медногорск,г. Медногорск,53715000001
Оренбургская область,161,141.27950310559007,117139.375,161,Медногорск,г. Медногорск,53715000001
Оренбургская область,161,141.27950310559007,117139.375,161,Медногорск,г. Медногорск,53715000001
Оренбургская область,161,141.27950310559007,117139.375,161,Медногорск,г. Медногорск,53715000001
Оренбургская область,161,141.27950310559007,117139.375,161,Медногорск,г. Медногорск,53715000001
Оренбургская область,161,141.27950310559007,117139.375,161,Медногорск,г. Медногорск,53715000001
Оренбургская область,161,141.27950310559007,117139.375,161,Медногорск,г. Медногорск,53715000001
Оренбургская область,161,141.27950310559007,117139.375,161,Медногорск,г. Медногорск,53715000001
Оренбургская область,161,141.27950310559007,117139.375,161,Медногорск,г. Медногорск,53715000001
Оренбургская область,161,141.27950310559007,117139.375,161,Медногорск,г. Медногорск,53715000001
Оренбургская область,161,141.27950310559007,117139.375,161,Медногорск,г. Медногорск,53715000001
Оренбургская область,161,141.27950310559007,117139.375,161,Медногорск,г. Медногорск,53715000001
Оренбургская область,161,141.27950310559007,117139.375,161,Медногорск,г. Медногорск,53715000001
Оренбургская область,161,141.27950310559007,117139.375,161,Медногорск,г. Медногорск,53715000001
Оренбургская область,161,141.27950310559007,117139.375,161,Медногорск,г. Медногорск,53715000001
Оренбургская область,161,141.27950310559007,117139.375,161,Медногорск,г. Медногорск,53715000001
Оренбургская область,161,141.27950310559007,117139.375,161,Медногорск,г. Медногорск,53715000001
Оренбургская область,161,141.27950310559007,117139.375,161,Медногорск,г. Медногорск,53715000001
Оренбургская область,161,141.27950310559007,117139.375,161,Медногорск,г. Медногорск,53715000001
Оренбургская область,161,141.27950310559007,117139.375,161,Медногорск,г. Медногорск,53715000001
Оренбургская область,161,141.27950310559007,117139.375,161,Медногорск,г. Медногорск,53715000001
Оренбургская область,161,141.27950310559007,117139.375,161,Медногорск,г. Медногорск,53715000001
Оренбургская область,161,141.27950310559007,117139.375,161,Медногорск,г. Медногорск,53715000001
Оренбургская область,161,141.27950310559007,117139.375,161,Медногорск,г. Медногорск,53715000001
Оренбургская область,161,141.27950310559007,117139.375,161,Медногорск,г. Медногорск,53715000001
Оренбургская область,161,141.27950310559007,117139.375,161,Медногорск,г. Медногорск,53715000001
Оренбургская область,161,141.27950310559007,117139.375,161,Медногорск,г. Медногорск,53715000001
Оренбургская область,161,141.27950310559007,117139.375,161,Медногорск,г. Медногорск,53715000001
Оренбургская область,161,141.27950310559007,117139.375,161,Медногорск,г. Медногорск,53715000001
Оренбургская область,161,141.27950310559007,117139.375,161,Медногорск,г. Медногорск,53715000001
Оренбургская область,161,141.27950310559007,117139.375,161,Медногорск,г. Медногорск,53715000001
Оренбургская область,161,141.27950310559007,117139.375,161,Медногорск,г. Медногорск,53715000001
Оренбургская область,161,141.27950310559007,117139.375,161,Медногорск,г. Медногорск,53715000001
Оренбургская область,161,141.27950310559007,117139.375,161,Медногорск,г. Медногорск,53715000001
Оренбургская область,161,141.27950310559007,117139.375,161,Медногорск,г. Медногорск,53715000001
Оренбургская область,161,141.27950310559007,117139.375,161,Медногорск,г. Медногорск,53715000001
Оренбургская область,161,141.27950310559007,117139.375,161,Медногорск,г. Медногорск,53715000001
Оренбургская область,161,141.27950310559007,117139.375,161,Медногорск,г. Медногорск,53715000001
Оренбургская область,161,141.27950310559007,117139.375,161,Медногорск,г. Медногорск,53715000001
Оренбургская область,161,141.27950310559007,117139.375,161,Медногорск,г. Медногорск,53715000001
Оренбургская область,161,141.27950310559007,117139.375,161,Медногорск,г. Медногорск,53715000001
Оренбургская область,161,141.27950310559007,117139.375,161,Медногорск,г. Медногорск,53715000001
Оренбургская область,161,141.27950310559007,117139.375,161,Медногорск,г. Медногорск,53715000001
Оренбургская область,161,141.27950310559007,117139.375,161,Медногорск,г. Медногорск,53715000001
Оренбургская область,161,141.27950310559007,117139.375,161,Медногорск,г. Медногорск,53715000001
Оренбургская область,161,141.27950310559007,117139.375,161,Медногорск,г. Медногорск,53715000001
Оренбургская область,161,141.27950310559007,117139.375,161,Медногорск,г. Медногорск,53715000001
Оренбургская область,161,141.27950310559007,117139.375,161,Медногорск,г. Медногорск,53715000001
Оренбургская область,161,141.27950310559007,117139.375,161,Медногорск,г. Медногорск,53715000001
Оренбургская область,161,141.27950310559007,117139.375,161,Медногорск,г. Медногорск,53715000001
Оренбургская область,161,141.27950310559007,117139.375,161,Медногорск,г. Медногорск,53715000001
Оренбургская область,161,141.27950310559007,117139.375,161,Медногорск,г. Медногорск,53715000001
Оренбургская область,161,141.27950310559007,117139.375,161,Медногорск,г. Медногорск,53715000001
Оренбургская область,161,141.27950310559007,117139.375,161,Медногорск,г. Медногорск,53715000001
Оренбургская область,161,141.27950310559007,117139.375,161,Медногорск,г. Медногорск,53715000001
Оренбургская область,161,141.27950310559007,117139.375,161,Медногорск,г. Медногорск,53715000001
Оренбургская область,161,141.27950310559007,117139.375,161,Медногорск,г. Медногорск,53715000001
Оренбургская область,161,141.27950310559007,117139.375,161,Медногорск,г. Медногорск,53715000001
Оренбургская область,161,141.27950310559007,117139.375,161,Медногорск,г. Медногорск,53715000001
Оренбургская область,161,141.27950310559007,117139.375,161,Медногорск,г. Медногорск,53715000001
Оренбургская область,161,141.27950310559007,117139.375,161,Медногорск,г. Медногорск,53715000001
Оренбургская область,161,141.27950310559007,117139.375,161,Медногорск,г. Медногорск,53715000001
Оренбургская область,161,141.27950310559007,117139.375,161,Медногорск,г. Медногорск,53715000001
Оренбургская область,161,141.27950310559007,117139.375,161,Медногорск,г. Медногорск,53715000001
Оренбургская область,161,141.27950310559007,117139.375,161,Медногорск,г. Медногорск,53715000001
Оренбургская область,161,141.27950310559007,117139.375,161,Медногорск,г. Медногорск,53715000001
Оренбургская область,161,141.27950310559007,117139.375,161,Медногорск,г. Медногорск,53715000001
Оренбургская область,161,141.27950310559007,117139.375,161,Медногорск,г. Медногорск,53715000001
Оренбургская область,161,141.27950310559007,117139.375,161,Медногорск,г. Медногорск,53715000001
Оренбургская область,161,141.27950310559007,117139.375,161,Медногорск,г. Медногорск,53715000001
Оренбургская область,161,141.27950310559007,117139.375,161,Медногорск,г. Медногорск,53715000001
Оренбургская область,161,141.27950310559007,117139.375,161,Медногорск,г. Медногорск,53715000001
Оренбургская область,161,141.27950310559007,117139.375,161,Медногорск,г. Медногорск,53715000001
Оренбургская область,161,141.27950310559007,117139.375,161,Медногорск,г. Медногорск,53715000001
Оренбургская область,161,141.27950310559007,117139.375,161,Медногорск,г. Медногорск,53715000001
Оренбургская область,161,141.27950310559007,117139.375,161,Медногорск,г. Медногорск,53715000001
Оренбургская область,161,141.27950310559007,117139.375,161,Медногорск,г. Медногорск,53715000001
Оренбургская область,161,141.27950310559007,117139.375,161,Медногорск,г. Медногорск,53715000001
Оренбургская область,161,141.27950310559007,117139.375,161,Медногорск,г. Медногорск,53715000001
Оренбургская область,161,141.27950310559007,117139.375,161,Медногорск,г. Медногорск,53715000001
Оренбургская область,161,141.27950310559007,117139.375,161,Медногорск,г. Медногорск,53715000001
Оренбургская область,161,141.27950310559007,117139.375,161,Медногорск,г. Медногорск,53715000001
Оренбургская область,161,141.27950310559007,117139.375,161,Медногорск,г. Медногорск,53715000001
Оренбургская область,161,141.27950310559007,117139.375,161,Медногорск,г. Медногорск,53715000001
Оренбургская область,161,141.27950310559007,117139.375,161,Медногорск,г. Медногорск,53715000001
Оренбургская область,161,141.27950310559007,117139.375,161,Медногорск,г. Медногорск,53715000001
Оренбургская область,161,141.27950310559007,117139.375,161,Медногорск,г. Медногорск,53715000001
Оренбургская область,161,141.27950310559007,117139.375,161,Медногорск,г. Медногорск,53715000001
Оренбургская область,161,141.27950310559007,117139.375,161,Медногорск,г. Медногорск,53715000001
Оренбургская область,161,141.27950310559007,117139.375,161,Медногорск,г. Медногорск,53715000001
Челябинская область,81,72.7397024691358,15646.384526315791,81,Южноуральский,г. Южноуральск,75764000001
Челябинская область,81,72.7397024691358,15646.384526315791,81,Южноуральский,г. Южноуральск,75764000001
Челябинская область,81,72.7397024691358,15646.384526315791,81,Карабашский,г. Карабаш,75715000001
Челябинская область,81,72.7397024691358,15646.384526315791,81,Карабашский,г. Карабаш,75715000001
Челябинская область,81,72.7397024691358,15646.384526315791,81,Троицкий,г. Троицк,75752000001
Челябинская область,81,72.7397024691358,15646.384526315791,81,Нязепетровский район,г. Нязепетровск,75644101001
Челябинская область,81,72.7397024691358,15646.384526315791,81,Челябинский,г. Челябинск,75701000001
Челябинская область,81,72.7397024691358,15646.384526315791,81,Челябинский,г. Челябинск,75701000001
Челябинская область,81,72.7397024691358,15646.384526315791,81,Челябинский,г. Челябинск,75701000001
Челябинская область,81,72.7397024691358,15646.384526315791,81,Карабашский,г. Карабаш,75715000001
Челябинская область,81,72.7397024691358,15646.384526315791,81,Челябинский,г. Челябинск,75701000001
Челябинская область,81,72.7397024691358,15646.384526315791,81,Челябинский,г. Челябинск,75701000001
Челябинская область,81,72.7397024691358,15646.384526315791,81,Карабашский,г. Карабаш,75715000001
Челябинская область,81,72.7397024691358,15646.384526315791,81,Карабашский,г. Карабаш,75715000001
Челябинская область,81,72.7397024691358,15646.384526315791,81,Челябинский,г. Челябинск,75701000001
Челябинская область,81,72.7397024691358,15646.384526315791,81,Челябинский,г. Челябинск,75701000001
Челябинская область,81,72.7397024691358,15646.384526315791,81,Карабашский,г. Карабаш,75715000001
Челябинская область,81,72.7397024691358,15646.384526315791,81,Карабашский,г. Карабаш,75715000001
Челябинская область,81,72.7397024691358,15646.384526315791,81,Троицкий,г. Троицк,75752000001
Челябинская область,81,72.7397024691358,15646.384526315791,81,Миасский,г. Миасс,75742000001
Челябинская область,81,72.7397024691358,15646.384526315791,81,Карабашский,г. Карабаш,75715000001
Челябинская область,81,72.7397024691358,15646.384526315791,81,Карабашский,г. Карабаш,75715000001
Челябинская область,81,72.7397024691358,15646.384526315791,81,Карабашский,г. Карабаш,75715000001
Челябинская область,81,72.7397024691358,15646.384526315791,81,Карабашский,г. Карабаш,75715000001
Челябинская область,81,72.7397024691358,15646.384526315791,81,Челябинский,г. Челябинск,75701000001
Челябинская область,81,72.7397024691358,15646.384526315791,81,Карабашский,г. Карабаш,75715000001
Челябинская область,81,72.7397024691358,15646.384526315791,81,Карабашский,г. Карабаш,75715000001
Челябинская область,81,72.7397024691358,15646.384526315791,81,Карабашский,г. Карабаш,75715000001
Челябинская область,81,72.7397024691358,15646.384526315791,81,Южноуральский,г. Южноуральск,75764000001
Челябинская область,81,72.7397024691358,15646.384526315791,81,Карабашский,г. Карабаш,75715000001
Челябинская область,81,72.7397024691358,15646.384526315791,81,Миасский,г. Миасс,75742000001
Челябинская область,81,72.7397024691358,15646.384526315791,81,Челябинский,г. Челябинск,75701000001
Челябинская область,81,72.7397024691358,15646.384526315791,81,Троицкий,г. Троицк,75752000001
Челябинская область,81,72.7397024691358,15646.384526315791,81,Троицкий,г. Троицк,75752000001
Челябинская область,81,72.7397024691358,15646.384526315791,81,Троицкий,г. Троицк,75752000001
Челябинская область,81,72.7397024691358,15646.384526315791,81,Миасский,г. Миасс,75742000001
Челябинская область,81,72.7397024691358,15646.384526315791,81,Карабашский,г. Карабаш,75715000001
Челябинская область,81,72.7397024691358,15646.384526315791,81,Карабашский,г. Карабаш,75715000001
Челябинская область,81,72.7397024691358,15646.384526315791,81,Южноуральский,г. Южноуральск,75764000001
Челябинская область,81,72.7397024691358,15646.384526315791,81,Еткульский район,п. Березняки,75620420106
Челябинская область,81,72.7397024691358,15646.384526315791,81,Еткульский район,п. Березняки,75620420106
Челябинская область,81,72.7397024691358,15646.384526315791,81,Еткульский район,п. Березняки,75620420106
Челябинская область,81,72.7397024691358,15646.384526315791,81,Карабашский,г. Карабаш,75715000001
Челябинская область,81,72.7397024691358,15646.384526315791,81,Карабашский,г. Карабаш,75715000001
Челябинская область,81,72.7397024691358,15646.384526315791,81,Южноуральский,г. Южноуральск,75764000001
Челябинская область,81,72.7397024691358,15646.384526315791,81,Карабашский,г. Карабаш,75715000001
Челябинская область,81,72.7397024691358,15646.384526315791,81,Златоустовский,г. Златоуст,75712000001
Челябинская область,81,72.7397024691358,15646.384526315791,81,Карабашский,г. Карабаш,75715000001
Челябинская область,81,72.7397024691358,15646.384526315791,81,Южноуральский,г. Южноуральск,75764000001
Челябинская область,81,72.7397024691358,15646.384526315791,81,Южноуральский,г. Южноуральск,75764000001
Челябинская область,81,72.7397024691358,15646.384526315791,81,Южноуральский,г. Южноуральск,75764000001
Челябинская область,81,72.7397024691358,15646.384526315791,81,Карабашский,г. Карабаш,75715000001
Челябинская область,81,72.7397024691358,15646.384526315791,81,Челябинский,г. Челябинск,75701000001
Челябинская область,81,72.7397024691358,15646.384526315791,81,Челябинский,г. Челябинск,75701000001
Челябинская область,81,72.7397024691358,15646.384526315791,81,Карабашский,г. Карабаш,75715000001
Челябинская область,81,72.7397024691358,15646.384526315791,81,Челябинский,г. Челябинск,75701000001
Челябинская область,81,72.7397024691358,15646.384526315791,81,Челябинский,г. Челябинск,75701000001
Челябинская область,81,72.7397024691358,15646.384526315791,81,Челябинский,г. Челябинск,75701000001
Челябинская область,81,72.7397024691358,15646.384526315791,81,Челябинский,г. Челябинск,75701000001
Челябинская область,81,72.7397024691358,15646.384526315791,81,Челябинский,г. Челябинск,75701000001
Челябинская область,81,72.7397024691358,15646.384526315791,81,Южноуральский,г. Южноуральск,75764000001
Челябинская область,81,72.7397024691358,15646.384526315791,81,Магнитогорский,г. Магнитогорск,75738000001
Челябинская область,81,72.7397024691358,15646.384526315791,81,Южноуральский,г. Южноуральск,75764000001
Челябинская область,81,72.7397024691358,15646.384526315791,81,Частоозёрский район,с. Бутырино,37636408101
Челябинская область,81,72.7397024691358,15646.384526315791,81,Карабашский,г. Карабаш,75715000001
Челябинская область,81,72.7397024691358,15646.384526315791,81,Миасский,г. Миасс,75742000001
Челябинская область,81,72.7397024691358,15646.384526315791,81,Златоустовский,г. Златоуст,75712000001
Челябинская область,81,72.7397024691358,15646.384526315791,81,Златоустовский,г. Златоуст,75712000001
Челябинская область,81,72.7397024691358,15646.384526315791,81,Златоустовский,г. Златоуст,75712000001
Челябинская область,81,72.7397024691358,15646.384526315791,81,Златоустовский,г. Златоуст,75712000001
Челябинская область,81,72.7397024691358,15646.384526315791,81,Частоозёрский район,с. Бутырино,37636408101
Челябинская область,81,72.7397024691358,15646.384526315791,81,Целинный район,с. Усть-Уйское,37634448101
Челябинская область,81,72.7397024691358,15646.384526315791,81,Карабашский,г. Карабаш,75715000001
Челябинская область,81,72.7397024691358,15646.384526315791,81,Троицкий,г. Троицк,75752000001
Челябинская область,81,72.7397024691358,15646.384526315791,81,Миасский,г. Миасс,75742000001
Челябинская область,81,72.7397024691358,15646.384526315791,81,Южноуральский,г. Южноуральск,75764000001
Челябинская область,81,72.7397024691358,15646.384526315791,81,Южноуральский,г. Южноуральск,75764000001
Челябинская область,81,72.7397024691358,15646.384526315791,81,Южноуральский,г. Южноуральск,75764000001
Челябинская область,81,72.7397024691358,15646.384526315791,81,Целинный район,с. Усть-Уйское,37634448101
Челябинская область,81,72.7397024691358,15646.384526315791,81,Карабашский,г. Карабаш,75715000001
Челябинская область,81,72.7397024691358,15646.384526315791,81,Целинный район,с. Усть-Уйское,37634448101
Смоленская область,568,0.41434859154929626,0.0,568,Вяземский район,г. Вязьма,66605101001
Смоленская область,568,0.41434859154929626,0.0,568,Вяземский район,г. Вязьма,66605101001
Смоленская область,568,0.41434859154929626,0.0,568,Вяземский район,г. Вязьма,66605101001
Смоленская область,568,0.41434859154929626,0.0,568,Вяземский район,г. Вязьма,66605101001
Смоленская область,568,0.41434859154929626,0.0,568,Вяземский район,г. Вязьма,65733000001
Смоленская область,568,0.41434859154929626,0.0,568,Вяземский район,г. Вязьма,65733000001
Смоленская область,568,0.41434859154929626,0.0,568,Вяземский район,г. Вязьма,65733000001
Смоленская область,568,0.41434859154929626,0.0,568,Вяземский район,г. Вязьма,65733000001
Смоленская область,568,0.41434859154929626,0.0,568,Вяземский район,г. Вязьма,65733000001
Смоленская область,568,0.41434859154929626,0.0,568,Вяземский район,г. Вязьма,65733000001
Смоленская область,568,0.41434859154929626,0.0,568,Вяземский район,г. Вязьма,65733000001
Смоленская область,568,0.41434859154929626,0.0,568,Вяземский район,г. Вязьма,65733000001
Смоленская область,568,0.41434859154929626,0.0,568,Вяземский район,г. Вязьма,65733000001
Смоленская область,568,0.41434859154929626,0.0,568,Вяземский район,г. Вязьма,65733000001
Смоленская область,568,0.41434859154929626,0.0,568,Вяземский район,г. Вязьма,65733000001
Смоленская область,568,0.41434859154929626,0.0,568,Вяземский район,г. Вязьма,65733000001
Смоленская область,568,0.41434859154929626,0.0,568,Вяземский район,г. Вязьма,65733000001
Смоленская область,568,0.41434859154929626,0.0,568,Вяземский район,г. Вязьма,65733000001
Смоленская область,568,0.41434859154929626,0.0,568,Вяземский район,г. Вязьма,65733000001
Смоленская область,568,0.41434859154929626,0.0,568,Вяземский район,г. Вязьма,65733000001
Смоленская область,568,0.41434859154929626,0.0,568,Вяземский район,г. Вязьма,65733000001
Смоленская область,568,0.41434859154929626,0.0,568,Вяземский район,г. Вязьма,65733000001
Смоленская область,568,0.41434859154929626,0.0,568,Вяземский район,г. Вязьма,65733000001
Смоленская область,568,0.41434859154929626,0.0,568,Вяземский район,г. Вязьма,65733000001
Смоленская область,568,0.41434859154929626,0.0,568,Вяземский район,г. Вязьма,65733000001
Смоленская область,568,0.41434859154929626,0.0,568,Вяземский район,г. Вязьма,65733000001
Смоленская область,568,0.41434859154929626,0.0,568,Вяземский район,г. Вязьма,65733000001
Смоленская область,568,0.41434859154929626,0.0,568,Вяземский район,г. Вязьма,65733000001
Смоленская область,568,0.41434859154929626,0.0,568,Вяземский район,г. Вязьма,65733000001
Смоленская область,568,0.41434859154929626,0.0,568,Вяземский район,г. Вязьма,65733000001
Смоленская область,568,0.41434859154929626,0.0,568,Вяземский район,г. Вязьма,65733000001
Смоленская область,568,0.41434859154929626,0.0,568,Вяземский район,г. Вязьма,66605101001
Смоленская область,568,0.41434859154929626,0.0,568,Вяземский район,г. Вязьма,66605101001
Смоленская область,568,0.41434859154929626,0.0,568,Вяземский район,г. Вязьма,66605101001
Смоленская область,568,0.41434859154929626,0.0,568,Вяземский район,г. Вязьма,66605101001
Смоленская область,568,0.41434859154929626,0.0,568,Вяземский район,г. Вязьма,66605101001
Смоленская область,568,0.41434859154929626,0.0,568,Вяземский район,г. Вязьма,66605101001
Смоленская область,568,0.41434859154929626,0.0,568,Вяземский район,г. Вязьма,66605101001
Смоленская область,568,0.41434859154929626,0.0,568,Вяземский район,г. Вязьма,66605101001
Смоленская область,568,0.41434859154929626,0.0,568,Вяземский район,г. Вязьма,66605101001
Смоленская область,568,0.41434859154929626,0.0,568,Вяземский район,г. Вязьма,66605101001
Смоленская область,568,0.41434859154929626,0.0,568,Вяземский район,г. Вязьма,66605101001
Смоленская область,568,0.41434859154929626,0.0,568,Вяземский район,г. Вязьма,66605101001
Смоленская область,568,0.41434859154929626,0.0,568,Вяземский район,г. Вязьма,66605101001
Смоленская область,568,0.41434859154929626,0.0,568,Вяземский район,г. Вязьма,66605101001
Смоленская область,568,0.41434859154929626,0.0,568,Вяземский район,г. Вязьма,66605101001
Смоленская область,568,0.41434859154929626,0.0,568,Вяземский район,г. Вязьма,66605101001
Смоленская область,568,0.41434859154929626,0.0,568,Вяземский район,г. Вязьма,66605101001
Смоленская область,568,0.41434859154929626,0.0,568,Вяземский район,г. Вязьма,66605101001
Смоленская область,568,0.41434859154929626,0.0,568,Вяземский район,г. Вязьма,65733000001
Смоленская область,568,0.41434859154929626,0.0,568,Вяземский район,г. Вязьма,66605101001
Смоленская область,568,0.41434859154929626,0.0,568,Вяземский район,г. Вязьма,65733000001
Смоленская область,568,0.41434859154929626,0.0,568,Вяземский район,г. Вязьма,66605101001
Смоленская область,568,0.41434859154929626,0.0,568,Вяземский район,г. Вязьма,65733000001
Смоленская область,568,0.41434859154929626,0.0,568,Вяземский район,г. Вязьма,66605101001
Смоленская область,568,0.41434859154929626,0.0,568,Вяземский район,г. Вязьма,66605101001
Смоленская область,568,0.41434859154929626,0.0,568,Вяземский район,г. Вязьма,66605101001
Смоленская область,568,0.41434859154929626,0.0,568,Вяземский район,г. Вязьма,66605101001
Смоленская область,568,0.41434859154929626,0.0,568,Вяземский район,г. Вязьма,66605101001
Смоленская область,568,0.41434859154929626,0.0,568,Вяземский район,г. Вязьма,66605101001
Смоленская область,568,0.41434859154929626,0.0,568,Вяземский район,г. Вязьма,66605101001
Смоленская область,568,0.41434859154929626,0.0,568,Вяземский район,г. Вязьма,66605101001
Смоленская область,568,0.41434859154929626,0.0,568,Вяземский район,г. Вязьма,66605101001
Смоленская область,568,0.41434859154929626,0.0,568,Вяземский район,г. Вязьма,66605101001
Смоленская область,568,0.41434859154929626,0.0,568,Вяземский район,г. Вязьма,66605101001
Смоленская область,568,0.41434859154929626,0.0,568,Вяземский район,г. Вязьма,66605101001
Смоленская область,568,0.41434859154929626,0.0,568,Вяземский район,г. Вязьма,66605101001
Смоленская область,568,0.41434859154929626,0.0,568,Вяземский район,г. Вязьма,66605101001
Смоленская область,568,0.41434859154929626,0.0,568,Вяземский район,г. Вязьма,66605101001
Смоленская область,568,0.41434859154929626,0.0,568,Вяземский район,г. Вязьма,66605101001
Смоленская область,568,0.41434859154929626,0.0,568,Вяземский район,г. Вязьма,66605101001
Смоленская область,568,0.41434859154929626,0.0,568,Вяземский район,г. Вязьма,66605101001
Смоленская область,568,0.41434859154929626,0.0,568,Вяземский район,г. Вязьма,66605101001
Смоленская область,568,0.41434859154929626,0.0,568,Вяземский район,г. Вязьма,66605101001
Смоленская область,568,0.41434859154929626,0.0,568,Вяземский район,г. Вязьма,66605101001
Смоленская область,568,0.41434859154929626,0.0,568,Вяземский район,г. Вязьма,66605101001
Смоленская область,568,0.41434859154929626,0.0,568,Вяземский район,г. Вязьма,66605101001
Смоленская область,568,0.41434859154929626,0.0,568,Вяземский район,г. Вязьма,66605101001
Смоленская область,568,0.41434859154929626,0.0,568,Вяземский район,г. Вязьма,66605101001
Смоленская область,568,0.41434859154929626,0.0,568,Вяземский район,г. Вязьма,66605101001
Смоленская область,568,0.41434859154929626,0.0,568,Вяземский район,г. Вязьма,66605101001
Смоленская область,568,0.41434859154929626,0.0,568,Вяземский район,г. Вязьма,66605101001
Смоленская область,568,0.41434859154929626,0.0,568,Вяземский район,г. Вязьма,66605101001
Смоленская область,568,0.41434859154929626,0.0,568,Вяземский район,г. Вязьма,66605101001
Смоленская область,568,0.41434859154929626,0.0,568,Вяземский район,г. Вязьма,66605101001
Смоленская область,568,0.41434859154929626,0.0,568,Вяземский район,г. Вязьма,66605101001
Смоленская область,568,0.41434859154929626,0.0,568,Вяземский район,г. Вязьма,66605101001
Смоленская область,568,0.41434859154929626,0.0,568,Вяземский район,г. Вязьма,66605101001
Смоленская область,568,0.41434859154929626,0.0,568,Вяземский район,г. Вязьма,66605101001
Смоленская область,568,0.41434859154929626,0.0,568,Вяземский район,г. Вязьма,66605101001
Смоленская область,568,0.41434859154929626,0.0,568,Вяземский район,г. Вязьма,66605101001
Смоленская область,568,0.41434859154929626,0.0,568,Вяземский район,г. Вязьма,66605101001
Смоленская область,568,0.41434859154929626,0.0,568,Вяземский район,г. Вязьма,66605101001
Смоленская область,568,0.41434859154929626,0.0,568,Вяземский район,г. Вязьма,66605101001
Смоленская область,568,0.41434859154929626,0.0,568,Вяземский район,г. Вязьма,66605101001
Смоленская область,568,0.41434859154929626,0.0,568,Вяземский район,г. Вязьма,66605101001
Смоленская область,568,0.41434859154929626,0.0,568,Вяземский район,г. Вязьма,66605101001
Смоленская область,568,0.41434859154929626,0.0,568,Вяземский район,г. Вязьма,66605101001
Смоленская область,568,0.41434859154929626,0.0,568,Вяземский район,г. Вязьма,66605101001
Смоленская область,568,0.41434859154929626,0.0,568,Вяземский район,г. Вязьма,66605101001
Смоленская область,568,0.41434859154929626,0.0,568,Вяземский район,г. Вязьма,66605101001
Смоленская область,568,0.41434859154929626,0.0,568,Вяземский район,г. Вязьма,66605101001
Смоленская область,568,0.41434859154929626,0.0,568,Вяземский район,г. Вязьма,66605101001
Смоленская область,568,0.41434859154929626,0.0,568,Вяземский район,г. Вязьма,66605101001
Смоленская область,568,0.41434859154929626,0.0,568,Вяземский район,г. Вязьма,66605101001
Смоленская область,568,0.41434859154929626,0.0,568,Вяземский район,г. Вязьма,66605101001
Смоленская область,568,0.41434859154929626,0.0,568,Вяземский район,г. Вязьма,66605101001
Смоленская область,568,0.41434859154929626,0.0,568,Вяземский район,г. Вязьма,66605101001
Смоленская область,568,0.41434859154929626,0.0,568,Вяземский район,г. Вязьма,66605101001
Смоленская область,568,0.41434859154929626,0.0,568,Вяземский район,г. Вязьма,66605101001
Смоленская область,568,0.41434859154929626,0.0,568,Вяземский район,г. Вязьма,66605101001
Смоленская область,568,0.41434859154929626,0.0,568,Вяземский район,г. Вязьма,66605101001
Смоленская область,568,0.41434859154929626,0.0,568,Вяземский район,г. Вязьма,66605101001
Смоленская область,568,0.41434859154929626,0.0,568,Вяземский район,г. Вязьма,66605101001
Смоленская область,568,0.41434859154929626,0.0,568,Вяземский район,г. Вязьма,66605101001
Смоленская область,568,0.41434859154929626,0.0,568,Вяземский район,г. Вязьма,66605101001
Смоленская область,568,0.41434859154929626,0.0,568,Вяземский район,г. Вязьма,66605101001
Смоленская область,568,0.41434859154929626,0.0,568,Вяземский район,г. Вязьма,66605101001
Смоленская область,568,0.41434859154929626,0.0,568,Вяземский район,г. Вязьма,66605101001
Смоленская область,568,0.41434859154929626,0.0,568,Вяземский район,г. Вязьма,66605101001
Смоленская область,568,0.41434859154929626,0.0,568,Вяземский район,г. Вязьма,66605101001
Смоленская область,568,0.41434859154929626,0.0,568,Вяземский район,г. Вязьма,66605101001
Смоленская область,568,0.41434859154929626,0.0,568,Вяземский район,г. Вязьма,65733000001
Смоленская область,568,0.41434859154929626,0.0,568,Вяземский район,г. Вязьма,66605101001
Смоленская область,568,0.41434859154929626,0.0,568,Вяземский район,г. Вязьма,66605101001
Смоленская область,568,0.41434859154929626,0.0,568,Вяземский район,г. Вязьма,66605101001
Смоленская область,568,0.41434859154929626,0.0,568,Вяземский район,г. Вязьма,66605101001
Смоленская область,568,0.41434859154929626,0.0,568,Вяземский район,г. Вязьма,66605101001
Смоленская область,568,0.41434859154929626,0.0,568,Вяземский район,г. Вязьма,66605101001
Смоленская область,568,0.41434859154929626,0.0,568,Вяземский район,г. Вязьма,66605101001
Смоленская область,568,0.41434859154929626,0.0,568,Вяземский район,г. Вязьма,66605101001
Смоленская область,568,0.41434859154929626,0.0,568,Вяземский район,г. Вязьма,66605101001
Смоленская область,568,0.41434859154929626,0.0,568,Вяземский район,г. Вязьма,66605101001
Смоленская область,568,0.41434859154929626,0.0,568,Вяземский район,г. Вязьма,66605101001
Смоленская область,568,0.41434859154929626,0.0,568,Вяземский район,г. Вязьма,66605101001
Смоленская область,568,0.41434859154929626,0.0,568,Вяземский район,г. Вязьма,66605101001
Смоленская область,568,0.41434859154929626,0.0,568,Вяземский район,г. Вязьма,66605101001
Смоленская область,568,0.41434859154929626,0.0,568,Вяземский район,г. Вязьма,66605101001
Смоленская область,568,0.41434859154929626,0.0,568,Вяземский район,г. Вязьма,66605101001
Смоленская область,568,0.41434859154929626,0.0,568,Вяземский район,г. Вязьма,66605101001
Смоленская область,568,0.41434859154929626,0.0,568,Вяземский район,г. Вязьма,65733000001
Смоленская область,568,0.41434859154929626,0.0,568,Вяземский район,г. Вязьма,66605101001
Смоленская область,568,0.41434859154929626,0.0,568,Вяземский район,г. Вязьма,66605101001
Смоленская область,568,0.41434859154929626,0.0,568,Вяземский район,г. Вязьма,66605101001
Смоленская область,568,0.41434859154929626,0.0,568,Вяземский район,г. Вязьма,66605101001
Смоленская область,568,0.41434859154929626,0.0,568,Вяземский район,г. Вязьма,66605101001
Смоленская область,568,0.41434859154929626,0.0,568,Вяземский район,г. Вязьма,66605101001
Смоленская область,568,0.41434859154929626,0.0,568,Вяземский район,г. Вязьма,66605101001
Смоленская область,568,0.41434859154929626,0.0,568,Вяземский район,г. Вязьма,66605101001
Смоленская область,568,0.41434859154929626,0.0,568,Вяземский район,г. Вязьма,66605101001
Смоленская область,568,0.41434859154929626,0.0,568,Вяземский район,г. Вязьма,66605101001
Смоленская область,568,0.41434859154929626,0.0,568,Вяземский район,г. Вязьма,66605101001
Смоленская область,568,0.41434859154929626,0.0,568,Вяземский район,г. Вязьма,66605101001
Смоленская область,568,0.41434859154929626,0.0,568,Вяземский район,г. Вязьма,66605101001
Смоленская область,568,0.41434859154929626,0.0,568,Вяземский район,г. Вязьма,66605101001
Смоленская область,568,0.41434859154929626,0.0,568,Вяземский район,г. Вязьма,66605101001
Смоленская область,568,0.41434859154929626,0.0,568,Вяземский район,г. Вязьма,66605101001
Смоленская область,568,0.41434859154929626,0.0,568,Вяземский район,г. Вязьма,66605101001
Смоленская область,568,0.41434859154929626,0.0,568,Вяземский район,г. Вязьма,66605101001
Смоленская область,568,0.41434859154929626,0.0,568,Вяземский район,г. Вязьма,66605101001
Смоленская область,568,0.41434859154929626,0.0,568,Вяземский район,г. Вязьма,66605101001
Смоленская область,568,0.41434859154929626,0.0,568,Вяземский район,г. Вязьма,66605101001
Смоленская область,568,0.41434859154929626,0.0,568,Вяземский район,г. Вязьма,66605101001
Смоленская область,568,0.41434859154929626,0.0,568,Вяземский район,г. Вязьма,66605101001
Смоленская область,568,0.41434859154929626,0.0,568,Вяземский район,г. Вязьма,66605101001
Смоленская область,568,0.41434859154929626,0.0,568,Вяземский район,г. Вязьма,66605101001
Смоленская область,568,0.41434859154929626,0.0,568,Вяземский район,г. Вязьма,66605101001
Смоленская область,568,0.41434859154929626,0.0,568,Вяземский район,г. Вязьма,66605101001
Смоленская область,568,0.41434859154929626,0.0,568,Вяземский район,г. Вязьма,66605101001
Смоленская область,568,0.41434859154929626,0.0,568,Вяземский район,г. Вязьма,66605101001
Смоленская область,568,0.41434859154929626,0.0,568,Вяземский район,г. Вязьма,66605101001
Смоленская область,568,0.41434859154929626,0.0,568,Вяземский район,г. Вязьма,66605101001
Смоленская область,568,0.41434859154929626,0.0,568,Вяземский район,г. Вязьма,66605101001
Смоленская область,568,0.41434859154929626,0.0,568,Вяземский район,г. Вязьма,66605101001
Смоленская область,568,0.41434859154929626,0.0,568,Вяземский район,г. Вязьма,66605101001
Смоленская область,568,0.41434859154929626,0.0,568,Вяземский район,г. Вязьма,66605101001
Смоленская область,568,0.41434859154929626,0.0,568,Вяземский район,г. Вязьма,66605101001
Смоленская область,568,0.41434859154929626,0.0,568,Вяземский район,г. Вязьма,66605101001
Смоленская область,568,0.41434859154929626,0.0,568,Вяземский район,г. Вязьма,66605101001
Смоленская область,568,0.41434859154929626,0.0,568,Вяземский район,г. Вязьма,66605101001
Смоленская область,568,0.41434859154929626,0.0,568,Вяземский район,г. Вязьма,66605101001
Смоленская область,568,0.41434859154929626,0.0,568,Вяземский район,г. Вязьма,66605101001
Смоленская область,568,0.41434859154929626,0.0,568,Вяземский район,г. Вязьма,66605101001
Смоленская область,568,0.41434859154929626,0.0,568,Вяземский район,г. Вязьма,66605101001
Смоленская область,568,0.41434859154929626,0.0,568,Вяземский район,г. Вязьма,66605101001
Смоленская область,568,0.41434859154929626,0.0,568,Вяземский район,г. Вязьма,66605101001
Смоленская область,568,0.41434859154929626,0.0,568,Вяземский район,г. Вязьма,66605101001
Смоленская область,568,0.41434859154929626,0.0,568,Вяземский район,г. Вязьма,66605101001
Смоленская область,568,0.41434859154929626,0.0,568,Вяземский район,г. Вязьма,66605101001
Смоленская область,568,0.41434859154929626,0.0,568,Вяземский район,г. Вязьма,66605101001
Смоленская область,568,0.41434859154929626,0.0,568,Вяземский район,г. Вязьма,66605101001
Смоленская область,568,0.41434859154929626,0.0,568,Вяземский район,г. Вязьма,66605101001
Смоленская область,568,0.41434859154929626,0.0,568,Вяземский район,г. Вязьма,66605101001
Смоленская область,568,0.41434859154929626,0.0,568,Вяземский район,г. Вязьма,66605101001
Смоленская область,568,0.41434859154929626,0.0,568,Вяземский район,г. Вязьма,66605101001
Смоленская область,568,0.41434859154929626,0.0,568,Вяземский район,г. Вязьма,66605101001
Смоленская область,568,0.41434859154929626,0.0,568,Вяземский район,г. Вязьма,65733000001
Смоленская область,568,0.41434859154929626,0.0,568,Вяземский район,г. Вязьма,66605101001
Смоленская область,568,0.41434859154929626,0.0,568,Вяземский район,г. Вязьма,66605101001
Смоленская область,568,0.41434859154929626,0.0,568,Вяземский район,г. Вязьма,66605101001
Смоленская область,568,0.41434859154929626,0.0,568,Вяземский район,г. Вязьма,66605101001
Смоленская область,568,0.41434859154929626,0.0,568,Вяземский район,г. Вязьма,66605101001
Смоленская область,568,0.41434859154929626,0.0,568,Вяземский район,г. Вязьма,66605101001
Смоленская область,568,0.41434859154929626,0.0,568,Вяземский район,г. Вязьма,66605101001
Смоленская область,568,0.41434859154929626,0.0,568,Вяземский район,г. Вязьма,66605101001
Смоленская область,568,0.41434859154929626,0.0,568,Вяземский район,г. Вязьма,66605101001
Смоленская область,568,0.41434859154929626,0.0,568,Вяземский район,г. Вязьма,66605101001
Смоленская область,568,0.41434859154929626,0.0,568,Вяземский район,г. Вязьма,66605101001
Смоленская область,568,0.41434859154929626,0.0,568,Вяземский район,г. Вязьма,66605101001
Смоленская область,568,0.41434859154929626,0.0,568,Вяземский район,г. Вязьма,66605101001
Смоленская область,568,0.41434859154929626,0.0,568,Вяземский район,г. Вязьма,66605101001
Смоленская область,568,0.41434859154929626,0.0,568,Вяземский район,г. Вязьма,66605101001
Смоленская область,568,0.41434859154929626,0.0,568,Вяземский район,г. Вязьма,66605101001
Смоленская область,568,0.41434859154929626,0.0,568,Вяземский район,г. Вязьма,66605101001
Смоленская область,568,0.41434859154929626,0.0,568,Вяземский район,г. Вязьма,66605101001
Смоленская область,568,0.41434859154929626,0.0,568,Вяземский район,г. Вязьма,66605101001
Смоленская область,568,0.41434859154929626,0.0,568,Вяземский район,г. Вязьма,65733000001
Смоленская область,568,0.41434859154929626,0.0,568,Вяземский район,г. Вязьма,65733000001
Смоленская область,568,0.41434859154929626,0.0,568,Вяземский район,г. Вязьма,66605101001
Смоленская область,568,0.41434859154929626,0.0,568,Вяземский район,г. Вязьма,66605101001
Смоленская область,568,0.41434859154929626,0.0,568,Вяземский район,г. Вязьма,66605101001
Смоленская область,568,0.41434859154929626,0.0,568,Вяземский район,г. Вязьма,65733000001
Смоленская область,568,0.41434859154929626,0.0,568,Вяземский район,г. Вязьма,66605101001
Смоленская область,568,0.41434859154929626,0.0,568,Вяземский район,г. Вязьма,66605101001
Смоленская область,568,0.41434859154929626,0.0,568,Вяземский район,г. Вязьма,66605101001
Смоленская область,568,0.41434859154929626,0.0,568,Вяземский район,г. Вязьма,65733000001
Смоленская область,568,0.41434859154929626,0.0,568,Вяземский район,г. Вязьма,66605101001
Смоленская область,568,0.41434859154929626,0.0,568,Вяземский район,г. Вязьма,66605101001
Смоленская область,568,0.41434859154929626,0.0,568,Вяземский район,г. Вязьма,66605101001
Смоленская область,568,0.41434859154929626,0.0,568,Вяземский район,г. Вязьма,66605101001
Смоленская область,568,0.41434859154929626,0.0,568,Вяземский район,г. Вязьма,66605101001
Смоленская область,568,0.41434859154929626,0.0,568,Вяземский район,г. Вязьма,66605101001
Смоленская область,568,0.41434859154929626,0.0,568,Вяземский район,г. Вязьма,66605101001
Смоленская область,568,0.41434859154929626,0.0,568,Вяземский район,г. Вязьма,65733000001
Смоленская область,568,0.41434859154929626,0.0,568,Вяземский район,г. Вязьма,65733000001
Смоленская область,568,0.41434859154929626,0.0,568,Вяземский район,г. Вязьма,66605101001
Смоленская область,568,0.41434859154929626,0.0,568,Вяземский район,г. Вязьма,65733000001
Смоленская область,568,0.41434859154929626,0.0,568,Вяземский район,г. Вязьма,65733000001
Смоленская область,568,0.41434859154929626,0.0,568,Вяземский район,г. Вязьма,65733000001
Смоленская область,568,0.41434859154929626,0.0,568,Вяземский район,г. Вязьма,65733000001
Смоленская область,568,0.41434859154929626,0.0,568,Вяземский район,г. Вязьма,66605101001
Смоленская область,568,0.41434859154929626,0.0,568,Вяземский район,г. Вязьма,66605101001
Смоленская область,568,0.41434859154929626,0.0,568,Вяземский район,г. Вязьма,66605101001
Смоленская область,568,0.41434859154929626,0.0,568,Вяземский район,г. Вязьма,66605101001
Смоленская область,568,0.41434859154929626,0.0,568,Вяземский район,г. Вязьма,66605101001
Смоленская область,568,0.41434859154929626,0.0,568,Вяземский район,г. Вязьма,66605101001
Смоленская область,568,0.41434859154929626,0.0,568,Вяземский район,г. Вязьма,66605101001
Смоленская область,568,0.41434859154929626,0.0,568,Вяземский район,г. Вязьма,66605101001
Смоленская область,568,0.41434859154929626,0.0,568,Вяземский район,г. Вязьма,66605101001
Смоленская область,568,0.41434859154929626,0.0,568,Вяземский район,г. Вязьма,66605101001
Смоленская область,568,0.41434859154929626,0.0,568,Вяземский район,г. Вязьма,66605101001
Смоленская область,568,0.41434859154929626,0.0,568,Вяземский район,г. Вязьма,66605101001
Смоленская область,568,0.41434859154929626,0.0,568,Вяземский район,г. Вязьма,66605101001
Смоленская область,568,0.41434859154929626,0.0,568,Вяземский район,г. Вязьма,66605101001
Смоленская область,568,0.41434859154929626,0.0,568,Вяземский район,г. Вязьма,66605101001
Смоленская область,568,0.41434859154929626,0.0,568,Вяземский район,г. Вязьма,66605101001
Смоленская область,568,0.41434859154929626,0.0,568,Вяземский район,г. Вязьма,65733000001
Смоленская область,568,0.41434859154929626,0.0,568,Вяземский район,г. Вязьма,66605101001
Смоленская область,568,0.41434859154929626,0.0,568,Вяземский район,г. Вязьма,66605101001
Смоленская область,568,0.41434859154929626,0.0,568,Вяземский район,г. Вязьма,66605101001
Смоленская область,568,0.41434859154929626,0.0,568,Вяземский район,г. Вязьма,66605101001
Смоленская область,568,0.41434859154929626,0.0,568,Вяземский район,г. Вязьма,66605101001
Смоленская область,568,0.41434859154929626,0.0,568,Вяземский район,г. Вязьма,66605101001
Смоленская область,568,0.41434859154929626,0.0,568,Вяземский район,г. Вязьма,66605101001
Смоленская область,568,0.41434859154929626,0.0,568,Вяземский район,г. Вязьма,66605101001
Смоленская область,568,0.41434859154929626,0.0,568,Вяземский район,г. Вязьма,66605101001
Смоленская область,568,0.41434859154929626,0.0,568,Вяземский район,г. Вязьма,66605101001
Смоленская область,568,0.41434859154929626,0.0,568,Вяземский район,г. Вязьма,66605101001
Смоленская область,568,0.41434859154929626,0.0,568,Вяземский район,г. Вязьма,66605101001
Смоленская область,568,0.41434859154929626,0.0,568,Вяземский район,г. Вязьма,66605101001
Смоленская область,568,0.41434859154929626,0.0,568,Вяземский район,г. Вязьма,66605101001
Смоленская область,568,0.41434859154929626,0.0,568,Вяземский район,г. Вязьма,66605101001
Смоленская область,568,0.41434859154929626,0.0,568,Вяземский район,г. Вязьма,66605101001
Смоленская область,568,0.41434859154929626,0.0,568,Вяземский район,г. Вязьма,66605101001
Смоленская область,568,0.41434859154929626,0.0,568,Вяземский район,г. Вязьма,66605101001
Смоленская область,568,0.41434859154929626,0.0,568,Вяземский район,г. Вязьма,66605101001
Смоленская область,568,0.41434859154929626,0.0,568,Вяземский район,г. Вязьма,65733000001
Смоленская область,568,0.41434859154929626,0.0,568,Вяземский район,г. Вязьма,66605101001
Смоленская область,568,0.41434859154929626,0.0,568,Вяземский район,г. Вязьма,66605101001
Смоленская область,568,0.41434859154929626,0.0,568,Вяземский район,г. Вязьма,66605101001
Смоленская область,568,0.41434859154929626,0.0,568,Вяземский район,г. Вязьма,66605101001
Смоленская область,568,0.41434859154929626,0.0,568,Вяземский район,г. Вязьма,66605101001
Смоленская область,568,0.41434859154929626,0.0,568,Вяземский район,г. Вязьма,66605101001
Смоленская область,568,0.41434859154929626,0.0,568,Вяземский район,г. Вязьма,66605101001
Смоленская область,568,0.41434859154929626,0.0,568,Вяземский район,г. Вязьма,66605101001
Смоленская область,568,0.41434859154929626,0.0,568,Вяземский район,г. Вязьма,66605101001
Смоленская область,568,0.41434859154929626,0.0,568,Вяземский район,г. Вязьма,66605101001
Смоленская область,568,0.41434859154929626,0.0,568,Вяземский район,г. Вязьма,66605101001
Смоленская область,568,0.41434859154929626,0.0,568,Вяземский район,г. Вязьма,66605101001
Смоленская область,568,0.41434859154929626,0.0,568,Вяземский район,г. Вязьма,66605101001
Смоленская область,568,0.41434859154929626,0.0,568,Вяземский район,г. Вязьма,66605101001
Смоленская область,568,0.41434859154929626,0.0,568,Вяземский район,г. Вязьма,66605101001
Смоленская область,568,0.41434859154929626,0.0,568,Вяземский район,г. Вязьма,66605101001
Смоленская область,568,0.41434859154929626,0.0,568,Вяземский район,г. Вязьма,66605101001
Смоленская область,568,0.41434859154929626,0.0,568,Вяземский район,г. Вязьма,66605101001
Смоленская область,568,0.41434859154929626,0.0,568,Вяземский район,г. Вязьма,66605101001
Смоленская область,568,0.41434859154929626,0.0,568,Вяземский район,г. Вязьма,66605101001
Смоленская область,568,0.41434859154929626,0.0,568,Вяземский район,г. Вязьма,66605101001
Смоленская область,568,0.41434859154929626,0.0,568,Вяземский район,г. Вязьма,66605101001
Смоленская область,568,0.41434859154929626,0.0,568,Вяземский район,г. Вязьма,66605101001
Смоленская область,568,0.41434859154929626,0.0,568,Вяземский район,г. Вязьма,66605101001
Смоленская область,568,0.41434859154929626,0.0,568,Вяземский район,г. Вязьма,66605101001
Смоленская область,568,0.41434859154929626,0.0,568,Вяземский район,г. Вязьма,66605101001
Смоленская область,568,0.41434859154929626,0.0,568,Вяземский район,г. Вязьма,65733000001
Смоленская область,568,0.41434859154929626,0.0,568,Вяземский район,г. Вязьма,66605101001
Смоленская область,568,0.41434859154929626,0.0,568,Вяземский район,г. Вязьма,66605101001
Смоленская область,568,0.41434859154929626,0.0,568,Вяземский район,г. Вязьма,66605101001
Смоленская область,568,0.41434859154929626,0.0,568,Вяземский район,г. Вязьма,66605101001
Смоленская область,568,0.41434859154929626,0.0,568,Вяземский район,г. Вязьма,66605101001
Смоленская область,568,0.41434859154929626,0.0,568,Вяземский район,г. Вязьма,66605101001
Смоленская область,568,0.41434859154929626,0.0,568,Вяземский район,г. Вязьма,66605101001
Смоленская область,568,0.41434859154929626,0.0,568,Вяземский район,г. Вязьма,66605101001
Смоленская область,568,0.41434859154929626,0.0,568,Вяземский район,г. Вязьма,66605101001
Смоленская область,568,0.41434859154929626,0.0,568,Вяземский район,г. Вязьма,66605101001
Смоленская область,568,0.41434859154929626,0.0,568,Вяземский район,г. Вязьма,66605101001
Смоленская область,568,0.41434859154929626,0.0,568,Вяземский район,г. Вязьма,66605101001
Смоленская область,568,0.41434859154929626,0.0,568,Вяземский район,г. Вязьма,66605101001
Смоленская область,568,0.41434859154929626,0.0,568,Вяземский район,г. Вязьма,66605101001
Смоленская область,568,0.41434859154929626,0.0,568,Вяземский район,г. Вязьма,66605101001
Смоленская область,568,0.41434859154929626,0.0,568,Вяземский район,г. Вязьма,66605101001
Смоленская область,568,0.41434859154929626,0.0,568,Вяземский район,г. Вязьма,66605101001
Смоленская область,568,0.41434859154929626,0.0,568,Вяземский район,г. Вязьма,66605101001
Смоленская область,568,0.41434859154929626,0.0,568,Вяземский район,г. Вязьма,66605101001
Смоленская область,568,0.41434859154929626,0.0,568,Вяземский район,г. Вязьма,66605101001
Смоленская область,568,0.41434859154929626,0.0,568,Вяземский район,г. Вязьма,66605101001
Смоленская область,568,0.41434859154929626,0.0,568,Вяземский район,г. Вязьма,66605101001
Смоленская область,568,0.41434859154929626,0.0,568,Вяземский район,г. Вязьма,66605101001
Смоленская область,568,0.41434859154929626,0.0,568,Вяземский район,г. Вязьма,66605101001
Смоленская область,568,0.41434859154929626,0.0,568,Вяземский район,г. Вязьма,66605101001
Смоленская область,568,0.41434859154929626,0.0,568,Вяземский район,г. Вязьма,66605101001
Смоленская область,568,0.41434859154929626,0.0,568,Вяземский район,г. Вязьма,66605101001
Смоленская область,568,0.41434859154929626,0.0,568,Вяземский район,г. Вязьма,66605101001
Смоленская область,568,0.41434859154929626,0.0,568,Вяземский район,г. Вязьма,66605101001
Смоленская область,568,0.41434859154929626,0.0,568,Вяземский район,г. Вязьма,66605101001
Смоленская область,568,0.41434859154929626,0.0,568,Вяземский район,г. Вязьма,66605101001
Смоленская область,568,0.41434859154929626,0.0,568,Вяземский район,г. Вязьма,66605101001
Смоленская область,568,0.41434859154929626,0.0,568,Вяземский район,г. Вязьма,66605101001
Смоленская область,568,0.41434859154929626,0.0,568,Вяземский район,г. Вязьма,66605101001
Смоленская область,568,0.41434859154929626,0.0,568,Вяземский район,г. Вязьма,66605101001
Смоленская область,568,0.41434859154929626,0.0,568,Вяземский район,г. Вязьма,66605101001
Смоленская область,568,0.41434859154929626,0.0,568,Вяземский район,г. Вязьма,66605101001
Смоленская область,568,0.41434859154929626,0.0,568,Вяземский район,г. Вязьма,66605101001
Смоленская область,568,0.41434859154929626,0.0,568,Вяземский район,г. Вязьма,66605101001
Смоленская область,568,0.41434859154929626,0.0,568,Вяземский район,г. Вязьма,66605101001
Смоленская область,568,0.41434859154929626,0.0,568,Вяземский район,г. Вязьма,66605101001
Смоленская область,568,0.41434859154929626,0.0,568,Вяземский район,г. Вязьма,66605101001
Смоленская область,568,0.41434859154929626,0.0,568,Вяземский район,г. Вязьма,66605101001
Смоленская область,568,0.41434859154929626,0.0,568,Вяземский район,г. Вязьма,66605101001
Смоленская область,568,0.41434859154929626,0.0,568,Вяземский район,г. Вязьма,66605101001
Смоленская область,568,0.41434859154929626,0.0,568,Вяземский район,г. Вязьма,66605101001
Смоленская область,568,0.41434859154929626,0.0,568,Вяземский район,г. Вязьма,66605101001
Смоленская область,568,0.41434859154929626,0.0,568,Вяземский район,г. Вязьма,65733000001
Смоленская область,568,0.41434859154929626,0.0,568,Вяземский район,г. Вязьма,66605101001
Смоленская область,568,0.41434859154929626,0.0,568,Вяземский район,г. Вязьма,66605101001
Смоленская область,568,0.41434859154929626,0.0,568,Вяземский район,г. Вязьма,66605101001
Смоленская область,568,0.41434859154929626,0.0,568,Вяземский район,г. Вязьма,66605101001
Смоленская область,568,0.41434859154929626,0.0,568,Вяземский район,г. Вязьма,66605101001
Смоленская область,568,0.41434859154929626,0.0,568,Вяземский район,г. Вязьма,66605101001
Смоленская область,568,0.41434859154929626,0.0,568,Вяземский район,г. Вязьма,66605101001
Смоленская область,568,0.41434859154929626,0.0,568,Вяземский район,г. Вязьма,66605101001
Смоленская область,568,0.41434859154929626,0.0,568,Вяземский район,г. Вязьма,66605101001
Смоленская область,568,0.41434859154929626,0.0,568,Вяземский район,г. Вязьма,66605101001
Смоленская область,568,0.41434859154929626,0.0,568,Вяземский район,г. Вязьма,66605101001
Смоленская область,568,0.41434859154929626,0.0,568,Вяземский район,г. Вязьма,66605101001
Смоленская область,568,0.41434859154929626,0.0,568,Вяземский район,г. Вязьма,66605101001
Смоленская область,568,0.41434859154929626,0.0,568,Вяземский район,г. Вязьма,66605101001
Смоленская область,568,0.41434859154929626,0.0,568,Вяземский район,г. Вязьма,66605101001
Смоленская область,568,0.41434859154929626,0.0,568,Вяземский район,г. Вязьма,66605101001
Смоленская область,568,0.41434859154929626,0.0,568,Вяземский район,г. Вязьма,66605101001
Смоленская область,568,0.41434859154929626,0.0,568,Вяземский район,г. Вязьма,66605101001
Смоленская область,568,0.41434859154929626,0.0,568,Вяземский район,г. Вязьма,66605101001
Смоленская область,568,0.41434859154929626,0.0,568,Вяземский район,г. Вязьма,66605101001
Смоленская область,568,0.41434859154929626,0.0,568,Вяземский район,г. Вязьма,66605101001
Смоленская область,568,0.41434859154929626,0.0,568,Вяземский район,г. Вязьма,66605101001
Смоленская область,568,0.41434859154929626,0.0,568,Вяземский район,г. Вязьма,66605101001
Смоленская область,568,0.41434859154929626,0.0,568,Вяземский район,г. Вязьма,66605101001
Смоленская область,568,0.41434859154929626,0.0,568,Вяземский район,г. Вязьма,66605101001
Смоленская область,568,0.41434859154929626,0.0,568,Вяземский район,г. Вязьма,66605101001
Смоленская область,568,0.41434859154929626,0.0,568,Вяземский район,г. Вязьма,66605101001
Смоленская область,568,0.41434859154929626,0.0,568,Вяземский район,г. Вязьма,66605101001
Смоленская область,568,0.41434859154929626,0.0,568,Вяземский район,г. Вязьма,66605101001
Смоленская область,568,0.41434859154929626,0.0,568,Вяземский район,г. Вязьма,66605101001
Смоленская область,568,0.41434859154929626,0.0,568,Вяземский район,г. Вязьма,66605101001
Смоленская область,568,0.41434859154929626,0.0,568,Вяземский район,г. Вязьма,66605101001
Смоленская область,568,0.41434859154929626,0.0,568,Вяземский район,г. Вязьма,66605101001
Смоленская область,568,0.41434859154929626,0.0,568,Вяземский район,г. Вязьма,66605101001
Смоленская область,568,0.41434859154929626,0.0,568,Вяземский район,г. Вязьма,66605101001
Смоленская область,568,0.41434859154929626,0.0,568,Вяземский район,г. Вязьма,66605101001
Смоленская область,568,0.41434859154929626,0.0,568,Вяземский район,г. Вязьма,66605101001
Смоленская область,568,0.41434859154929626,0.0,568,Вяземский район,г. Вязьма,66605101001
Смоленская область,568,0.41434859154929626,0.0,568,Вяземский район,г. Вязьма,66605101001
Смоленская область,568,0.41434859154929626,0.0,568,Вяземский район,г. Вязьма,66605101001
Смоленская область,568,0.41434859154929626,0.0,568,Вяземский район,г. Вязьма,66605101001
Смоленская область,568,0.41434859154929626,0.0,568,Вяземский район,г. Вязьма,65733000001
Смоленская область,568,0.41434859154929626,0.0,568,Вяземский район,г. Вязьма,65733000001
Смоленская область,568,0.41434859154929626,0.0,568,Вяземский район,г. Вязьма,66605101001
Смоленская область,568,0.41434859154929626,0.0,568,Вяземский район,г. Вязьма,66605101001
Смоленская область,568,0.41434859154929626,0.0,568,Вяземский район,г. Вязьма,66605101001
Смоленская область,568,0.41434859154929626,0.0,568,Вяземский район,г. Вязьма,66605101001
Смоленская область,568,0.41434859154929626,0.0,568,Вяземский район,г. Вязьма,65733000001
Смоленская область,568,0.41434859154929626,0.0,568,Вяземский район,г. Вязьма,66605101001
Смоленская область,568,0.41434859154929626,0.0,568,Вяземский район,г. Вязьма,66605101001
Смоленская область,568,0.41434859154929626,0.0,568,Вяземский район,г. Вязьма,66605101001
Смоленская область,568,0.41434859154929626,0.0,568,Вяземский район,г. Вязьма,66605101001
Смоленская область,568,0.41434859154929626,0.0,568,Вяземский район,г. Вязьма,66605101001
Смоленская область,568,0.41434859154929626,0.0,568,Вяземский район,г. Вязьма,66605101001
Смоленская область,568,0.41434859154929626,0.0,568,Вяземский район,г. Вязьма,66605101001
Смоленская область,568,0.41434859154929626,0.0,568,Вяземский район,г. Вязьма,66605101001
Смоленская область,568,0.41434859154929626,0.0,568,Вяземский район,г. Вязьма,66605101001
Смоленская область,568,0.41434859154929626,0.0,568,Вяземский район,г. Вязьма,66605101001
Смоленская область,568,0.41434859154929626,0.0,568,Вяземский район,г. Вязьма,66605101001
Смоленская область,568,0.41434859154929626,0.0,568,Вяземский район,г. Вязьма,66605101001
Смоленская область,568,0.41434859154929626,0.0,568,Вяземский район,г. Вязьма,66605101001
Смоленская область,568,0.41434859154929626,0.0,568,Вяземский район,г. Вязьма,66605101001
Смоленская область,568,0.41434859154929626,0.0,568,Вяземский район,г. Вязьма,65733000001
Смоленская область,568,0.41434859154929626,0.0,568,Вяземский район,г. Вязьма,66605101001
Смоленская область,568,0.41434859154929626,0.0,568,Вяземский район,г. Вязьма,66605101001
Смоленская область,568,0.41434859154929626,0.0,568,Вяземский район,г. Вязьма,66605101001
Смоленская область,568,0.41434859154929626,0.0,568,Вяземский район,г. Вязьма,66605101001
Смоленская область,568,0.41434859154929626,0.0,568,Вяземский район,г. Вязьма,66605101001
Смоленская область,568,0.41434859154929626,0.0,568,Вяземский район,г. Вязьма,66605101001
Смоленская область,568,0.41434859154929626,0.0,568,Вяземский район,г. Вязьма,66605101001
Смоленская область,568,0.41434859154929626,0.0,568,Вяземский район,г. Вязьма,66605101001
Смоленская область,568,0.41434859154929626,0.0,568,Вяземский район,г. Вязьма,65733000001
Смоленская область,568,0.41434859154929626,0.0,568,Вяземский район,г. Вязьма,66605101001
Смоленская область,568,0.41434859154929626,0.0,568,Вяземский район,г. Вязьма,66605101001
Смоленская область,568,0.41434859154929626,0.0,568,Вяземский район,г. Вязьма,66605101001
Смоленская область,568,0.41434859154929626,0.0,568,Вяземский район,г. Вязьма,66605101001
Смоленская область,568,0.41434859154929626,0.0,568,Вяземский район,г. Вязьма,66605101001
Смоленская область,568,0.41434859154929626,0.0,568,Вяземский район,г. Вязьма,66605101001
Смоленская область,568,0.41434859154929626,0.0,568,Вяземский район,г. Вязьма,66605101001
Смоленская область,568,0.41434859154929626,0.0,568,Вяземский район,г. Вязьма,66605101001
Смоленская область,568,0.41434859154929626,0.0,568,Вяземский район,г. Вязьма,66605101001
Смоленская область,568,0.41434859154929626,0.0,568,Вяземский район,г. Вязьма,66605101001
Смоленская область,568,0.41434859154929626,0.0,568,Вяземский район,г. Вязьма,66605101001
Смоленская область,568,0.41434859154929626,0.0,568,Вяземский район,г. Вязьма,66605101001
Смоленская область,568,0.41434859154929626,0.0,568,Вяземский район,г. Вязьма,66605101001
Смоленская область,568,0.41434859154929626,0.0,568,Вяземский район,г. Вязьма,66605101001
Смоленская область,568,0.41434859154929626,0.0,568,Вяземский район,г. Вязьма,66605101001
Смоленская область,568,0.41434859154929626,0.0,568,Вяземский район,г. Вязьма,66605101001
Смоленская область,568,0.41434859154929626,0.0,568,Вяземский район,г. Вязьма,66605101001
Смоленская область,568,0.41434859154929626,0.0,568,Вяземский район,г. Вязьма,66605101001
Смоленская область,568,0.41434859154929626,0.0,568,Вяземский район,г. Вязьма,65733000001
Смоленская область,568,0.41434859154929626,0.0,568,Вяземский район,г. Вязьма,66605101001
Смоленская область,568,0.41434859154929626,0.0,568,Вяземский район,г. Вязьма,66605101001
Смоленская область,568,0.41434859154929626,0.0,568,Вяземский район,г. Вязьма,66605101001
Смоленская область,568,0.41434859154929626,0.0,568,Вяземский район,г. Вязьма,66605101001
Смоленская область,568,0.41434859154929626,0.0,568,Вяземский район,г. Вязьма,66605101001
Смоленская область,568,0.41434859154929626,0.0,568,Вяземский район,г. Вязьма,66605101001
Смоленская область,568,0.41434859154929626,0.0,568,Вяземский район,г. Вязьма,66605101001
Смоленская область,568,0.41434859154929626,0.0,568,Вяземский район,г. Вязьма,66605101001
Смоленская область,568,0.41434859154929626,0.0,568,Вяземский район,г. Вязьма,66605101001
Смоленская область,568,0.41434859154929626,0.0,568,Вяземский район,г. Вязьма,66605101001
Смоленская область,568,0.41434859154929626,0.0,568,Вяземский район,г. Вязьма,66605101001
Смоленская область,568,0.41434859154929626,0.0,568,Вяземский район,г. Вязьма,66605101001
Смоленская область,568,0.41434859154929626,0.0,568,Вяземский район,г. Вязьма,66605101001
Смоленская область,568,0.41434859154929626,0.0,568,Вяземский район,г. Вязьма,66605101001
Смоленская область,568,0.41434859154929626,0.0,568,Вяземский район,г. Вязьма,66605101001
Смоленская область,568,0.41434859154929626,0.0,568,Вяземский район,г. Вязьма,66605101001
Смоленская область,568,0.41434859154929626,0.0,568,Вяземский район,г. Вязьма,66605101001
Смоленская область,568,0.41434859154929626,0.0,568,Вяземский район,г. Вязьма,66605101001
Смоленская область,568,0.41434859154929626,0.0,568,Вяземский район,г. Вязьма,66605101001
Смоленская область,568,0.41434859154929626,0.0,568,Вяземский район,г. Вязьма,66605101001
Смоленская область,568,0.41434859154929626,0.0,568,Вяземский район,г. Вязьма,66605101001
Смоленская область,568,0.41434859154929626,0.0,568,Вяземский район,г. Вязьма,66605101001
Смоленская область,568,0.41434859154929626,0.0,568,Вяземский район,г. Вязьма,66605101001
Смоленская область,568,0.41434859154929626,0.0,568,Вяземский район,г. Вязьма,66605101001
Смоленская область,568,0.41434859154929626,0.0,568,Вяземский район,г. Вязьма,66605101001
Смоленская область,568,0.41434859154929626,0.0,568,Вяземский район,г. Вязьма,66605101001
Смоленская область,568,0.41434859154929626,0.0,568,Вяземский район,г. Вязьма,66605101001
Смоленская область,568,0.41434859154929626,0.0,568,Вяземский район,г. Вязьма,66605101001
Смоленская область,568,0.41434859154929626,0.0,568,Вяземский район,г. Вязьма,66605101001
Смоленская область,568,0.41434859154929626,0.0,568,Вяземский район,г. Вязьма,66605101001
Смоленская область,568,0.41434859154929626,0.0,568,Вяземский район,г. Вязьма,66605101001
Смоленская область,568,0.41434859154929626,0.0,568,Вяземский район,г. Вязьма,66605101001
Смоленская область,568,0.41434859154929626,0.0,568,Вяземский район,г. Вязьма,66605101001
Смоленская область,568,0.41434859154929626,0.0,568,Вяземский район,г. Вязьма,66605101001
Смоленская область,568,0.41434859154929626,0.0,568,Вяземский район,г. Вязьма,66605101001
Смоленская область,568,0.41434859154929626,0.0,568,Вяземский район,г. Вязьма,66605101001
Смоленская область,568,0.41434859154929626,0.0,568,Вяземский район,г. Вязьма,66605101001
Смоленская область,568,0.41434859154929626,0.0,568,Вяземский район,г. Вязьма,66605101001
Смоленская область,568,0.41434859154929626,0.0,568,Вяземский район,г. Вязьма,66605101001
Смоленская область,568,0.41434859154929626,0.0,568,Вяземский район,г. Вязьма,66605101001
Смоленская область,568,0.41434859154929626,0.0,568,Вяземский район,г. Вязьма,66605101001
Смоленская область,568,0.41434859154929626,0.0,568,Вяземский район,г. Вязьма,66605101001
Смоленская область,568,0.41434859154929626,0.0,568,Вяземский район,г. Вязьма,66605101001
Смоленская область,568,0.41434859154929626,0.0,568,Вяземский район,г. Вязьма,66605101001
Смоленская область,568,0.41434859154929626,0.0,568,Вяземский район,г. Вязьма,66605101001
Смоленская область,568,0.41434859154929626,0.0,568,Вяземский район,г. Вязьма,66605101001
Смоленская область,568,0.41434859154929626,0.0,568,Вяземский район,г. Вязьма,66605101001
Смоленская область,568,0.41434859154929626,0.0,568,Вяземский район,г. Вязьма,66605101001
Смоленская область,568,0.41434859154929626,0.0,568,Вяземский район,г. Вязьма,66605101001
Смоленская область,568,0.41434859154929626,0.0,568,Вяземский район,г. Вязьма,66605101001
Смоленская область,568,0.41434859154929626,0.0,568,Вяземский район,г. Вязьма,66605101001
Смоленская область,568,0.41434859154929626,0.0,568,Вяземский район,г. Вязьма,66605101001
Смоленская область,568,0.41434859154929626,0.0,568,Вяземский район,г. Вязьма,66605101001
Смоленская область,568,0.41434859154929626,0.0,568,Вяземский район,г. Вязьма,66605101001
Смоленская область,568,0.41434859154929626,0.0,568,Вяземский район,г. Вязьма,66605101001
Смоленская область,568,0.41434859154929626,0.0,568,Вяземский район,г. Вязьма,66605101001
Смоленская область,568,0.41434859154929626,0.0,568,Вяземский район,г. Вязьма,66605101001
Смоленская область,568,0.41434859154929626,0.0,568,Вяземский район,г. Вязьма,66605101001
Смоленская область,568,0.41434859154929626,0.0,568,Вяземский район,г. Вязьма,66605101001
Смоленская область,568,0.41434859154929626,0.0,568,Вяземский район,г. Вязьма,66605101001
Смоленская область,568,0.41434859154929626,0.0,568,Вяземский район,г. Вязьма,66605101001
Смоленская область,568,0.41434859154929626,0.0,568,Вяземский район,г. Вязьма,66605101001
Смоленская область,568,0.41434859154929626,0.0,568,Вяземский район,г. Вязьма,66605101001
Смоленская область,568,0.41434859154929626,0.0,568,Вяземский район,г. Вязьма,66605101001
Смоленская область,568,0.41434859154929626,0.0,568,Краснинский район,д. Хлыстовка,66624430201
Смоленская область,568,0.41434859154929626,0.0,568,Краснинский район,д. Хлыстовка,66624430201
Смоленская область,568,0.41434859154929626,0.0,568,Краснинский район,д. Хлыстовка,66624430201
Смоленская область,568,0.41434859154929626,0.0,568,Краснинский район,д. Хлыстовка,66624430201
Смоленская область,568,0.41434859154929626,0.0,568,Краснинский район,д. Хлыстовка,66624430201
Смоленская область,568,0.41434859154929626,0.0,568,Краснинский район,д. Хлыстовка,66624430201
Смоленская область,568,0.41434859154929626,0.0,568,Краснинский район,д. Хлыстовка,66624430201
Смоленская область,568,0.41434859154929626,0.0,568,Город Смоленск,г. Смоленск,66701000001
Смоленская область,568,0.41434859154929626,0.0,568,Город Смоленск,г. Смоленск,66701000001
Смоленская область,568,0.41434859154929626,0.0,568,Город Смоленск,г. Смоленск,66701000001
Смоленская область,568,0.41434859154929626,0.0,568,Город Смоленск,г. Смоленск,66701000001
Смоленская область,568,0.41434859154929626,0.0,568,Город Смоленск,г. Смоленск,66701000001
Смоленская область,568,0.41434859154929626,0.0,568,Город Смоленск,г. Смоленск,66701000001
Смоленская область,568,0.41434859154929626,0.0,568,Город Смоленск,г. Смоленск,66701000001
Смоленская область,568,0.41434859154929626,0.0,568,Город Смоленск,г. Смоленск,66701000001
Смоленская область,568,0.41434859154929626,0.0,568,Город Смоленск,г. Смоленск,66701000001
Смоленская область,568,0.41434859154929626,0.0,568,Город Смоленск,г. Смоленск,66701000001
Смоленская область,568,0.41434859154929626,0.0,568,Город Смоленск,г. Смоленск,66701000001
Смоленская область,568,0.41434859154929626,0.0,568,Город Смоленск,г. Смоленск,66701000001
Смоленская область,568,0.41434859154929626,0.0,568,Город Смоленск,г. Смоленск,66701000001
Смоленская область,568,0.41434859154929626,0.0,568,Город Смоленск,г. Смоленск,66701000001
Смоленская область,568,0.41434859154929626,0.0,568,Город Смоленск,г. Смоленск,66701000001
Смоленская область,568,0.41434859154929626,0.0,568,Дорогобужский район,г. Дорогобуж,66614101001
Смоленская область,568,0.41434859154929626,0.0,568,Дорогобужский район,г. Дорогобуж,66614101001
Смоленская область,568,0.41434859154929626,0.0,568,Вяземский район,г. Вязьма,66605101001
Смоленская область,568,0.41434859154929626,0.0,568,Вяземский район,г. Вязьма,66605101001
Смоленская область,568,0.41434859154929626,0.0,568,Вяземский район,г. Вязьма,66605101001
Смоленская область,568,0.41434859154929626,0.0,568,Вяземский район,г. Вязьма,66605101001
Смоленская область,568,0.41434859154929626,0.0,568,Вяземский район,г. Вязьма,66605101001
Смоленская область,568,0.41434859154929626,0.0,568,Вяземский район,г. Вязьма,66605101001
Смоленская область,568,0.41434859154929626,0.0,568,Вяземский район,г. Вязьма,66605101001
Смоленская область,568,0.41434859154929626,0.0,568,Вяземский район,г. Вязьма,66605101001
Смоленская область,568,0.41434859154929626,0.0,568,Вяземский район,г. Вязьма,66605101001
Смоленская область,568,0.41434859154929626,0.0,568,Вяземский район,г. Вязьма,66605101001
Смоленская область,568,0.41434859154929626,0.0,568,Вяземский район,г. Вязьма,66605101001
Смоленская область,568,0.41434859154929626,0.0,568,Вяземский район,г. Вязьма,66605101001
Смоленская область,568,0.41434859154929626,0.0,568,Вяземский район,г. Вязьма,66605101001
Смоленская область,568,0.41434859154929626,0.0,568,Вяземский район,г. Вязьма,66605101001
Смоленская область,568,0.41434859154929626,0.0,568,Вяземский район,г. Вязьма,66605101001
Смоленская область,568,0.41434859154929626,0.0,568,Вяземский район,г. Вязьма,66605101001
Смоленская область,568,0.41434859154929626,0.0,568,Вяземский район,г. Вязьма,65733000001
Смоленская область,568,0.41434859154929626,0.0,568,Вяземский район,г. Вязьма,66605101001
Смоленская область,568,0.41434859154929626,0.0,568,Вяземский район,г. Вязьма,66605101001
Смоленская область,568,0.41434859154929626,0.0,568,Вяземский район,г. Вязьма,66605101001
Смоленская область,568,0.41434859154929626,0.0,568,Вяземский район,г. Вязьма,66605101001
Смоленская область,568,0.41434859154929626,0.0,568,Вяземский район,г. Вязьма,66605101001
Смоленская область,568,0.41434859154929626,0.0,568,Вяземский район,г. Вязьма,66605101001
Смоленская область,568,0.41434859154929626,0.0,568,Вяземский район,г. Вязьма,66605101001
Смоленская область,568,0.41434859154929626,0.0,568,Вяземский район,г. Вязьма,66605101001
Смоленская область,568,0.41434859154929626,0.0,568,Вяземский район,г. Вязьма,66605101001
Смоленская область,568,0.41434859154929626,0.0,568,Вяземский район,г. Вязьма,65733000001
Смоленская область,568,0.41434859154929626,0.0,568,Вяземский район,г. Вязьма,66605101001
Смоленская область,568,0.41434859154929626,0.0,568,Вяземский район,г. Вязьма,66605101001
Смоленская область,568,0.41434859154929626,0.0,568,Вяземский район,г. Вязьма,66605101001
Смоленская область,568,0.41434859154929626,0.0,568,Вяземский район,г. Вязьма,66605101001
Смоленская область,568,0.41434859154929626,0.0,568,Вяземский район,г. Вязьма,66605101001
Смоленская область,568,0.41434859154929626,0.0,568,Вяземский район,г. Вязьма,66605101001
Смоленская область,568,0.41434859154929626,0.0,568,Вяземский район,г. Вязьма,66605101001
Смоленская область,568,0.41434859154929626,0.0,568,Вяземский район,г. Вязьма,66605101001
Смоленская область,568,0.41434859154929626,0.0,568,Вяземский район,г. Вязьма,66605101001
Смоленская область,568,0.41434859154929626,0.0,568,Вяземский район,г. Вязьма,66605101001
Владимирская область,2,2.0,0.0,2,Город Гусь-Хрустальный,г. Гусь-Хрустальный,17720000001
Владимирская область,2,2.0,0.0,2,Город Гусь-Хрустальный,г. Гусь-Хрустальный,17720000001
Хабаровский край,297,63.177101010101005,34163.992424242424,297,Хабаровский,с. Сергеевка,08655460101
Хабаровский край,297,63.177101010101005,34163.992424242424,297,имени Полины Осипенко,нп. Гидрологический Пост Тимченко,08637000
Хабаровский край,297,63.177101010101005,34163.992424242424,297,имени Полины Осипенко,с. им П.Осипенко,08637406101
Хабаровский край,297,63.177101010101005,34163.992424242424,297,Хабаровский,с. Сергеевка,08655460101
Хабаровский край,297,63.177101010101005,34163.992424242424,297,имени Полины Осипенко,с. им П.Осипенко,08637406101
Хабаровский край,297,63.177101010101005,34163.992424242424,297,город Хабаровск,г. Хабаровск,08701000001
Хабаровский край,297,63.177101010101005,34163.992424242424,297,Солнечный,рп. Солнечный,08644151051
Хабаровский край,297,63.177101010101005,34163.992424242424,297,Николаевский,рп. Многовершинный,08631158
Хабаровский край,297,63.177101010101005,34163.992424242424,297,Николаевский,рп. Многовершинный,08631158
Хабаровский край,297,63.177101010101005,34163.992424242424,297,Солнечный,рп. Солнечный,08644151051
Хабаровский край,297,63.177101010101005,34163.992424242424,297,Солнечный,рп. Солнечный,08644151051
Хабаровский край,297,63.177101010101005,34163.992424242424,297,Солнечный,п. Горный,08644432101
Хабаровский край,297,63.177101010101005,34163.992424242424,297,город Хабаровск,г. Хабаровск,08701000001
Хабаровский край,297,63.177101010101005,34163.992424242424,297,город Хабаровск,г. Хабаровск,08701000001
Хабаровский край,297,63.177101010101005,34163.992424242424,297,город Хабаровск,г. Хабаровск,08701000001
Хабаровский край,297,63.177101010101005,34163.992424242424,297,город Хабаровск,г. Хабаровск,08701000001
Хабаровский край,297,63.177101010101005,34163.992424242424,297,Солнечный,рп. Солнечный,08644151051
Хабаровский край,297,63.177101010101005,34163.992424242424,297,Солнечный,рп. Солнечный,08644151051
Хабаровский край,297,63.177101010101005,34163.992424242424,297,имени Полины Осипенко,с. им П.Осипенко,08637406101
Хабаровский край,297,63.177101010101005,34163.992424242424,297,имени Полины Осипенко,с. им П.Осипенко,08637406101
Хабаровский край,297,63.177101010101005,34163.992424242424,297,имени Полины Осипенко,с. им П.Осипенко,08637406101
Хабаровский край,297,63.177101010101005,34163.992424242424,297,имени Полины Осипенко,нп. Гидрологический Пост Тимченко,08637000
Хабаровский край,297,63.177101010101005,34163.992424242424,297,Солнечный,рп. Солнечный,08644151051
Хабаровский край,297,63.177101010101005,34163.992424242424,297,Солнечный,п. Горный,08644432101
Хабаровский край,297,63.177101010101005,34163.992424242424,297,Солнечный,п. Горный,08644432101
Хабаровский край,297,63.177101010101005,34163.992424242424,297,Солнечный,п. Горный,08644432101
Хабаровский край,297,63.177101010101005,34163.992424242424,297,Солнечный,п. Горный,08644432101
Хабаровский край,297,63.177101010101005,34163.992424242424,297,Солнечный,п. Горный,08644432101
Хабаровский край,297,63.177101010101005,34163.992424242424,297,Солнечный,п. Горный,08644432101
Хабаровский край,297,63.177101010101005,34163.992424242424,297,Солнечный,п. Горный,08644432101
Хабаровский край,297,63.177101010101005,34163.992424242424,297,Солнечный,п. Горный,08644432101
Хабаровский край,297,63.177101010101005,34163.992424242424,297,имени Полины Осипенко,нп. Гидрологический Пост Тимченко,08637000
Хабаровский край,297,63.177101010101005,34163.992424242424,297,имени Полины Осипенко,с. им П.Осипенко,08637406101
Хабаровский край,297,63.177101010101005,34163.992424242424,297,имени Полины Осипенко,нп. Гидрологический Пост Тимченко,08637000
Хабаровский край,297,63.177101010101005,34163.992424242424,297,имени Полины Осипенко,с. им П.Осипенко,08637406101
Хабаровский край,297,63.177101010101005,34163.992424242424,297,имени Полины Осипенко,нп. Гидрологический Пост Тимченко,08637000
Хабаровский край,297,63.177101010101005,34163.992424242424,297,имени Полины Осипенко,с. им П.Осипенко,08637406101
Хабаровский край,297,63.177101010101005,34163.992424242424,297,Ванинский,п. Тумнин,08612414101
Хабаровский край,297,63.177101010101005,34163.992424242424,297,имени Полины Осипенко,нп. Гидрологический Пост Тимченко,08637000
Хабаровский край,297,63.177101010101005,34163.992424242424,297,Солнечный,рп. Солнечный,08644151051
Хабаровский край,297,63.177101010101005,34163.992424242424,297,Солнечный,п. Горный,08644432101
Хабаровский край,297,63.177101010101005,34163.992424242424,297,Солнечный,п. Горный,08644432101
Хабаровский край,297,63.177101010101005,34163.992424242424,297,Бикинский,с. Лермонтовка,08609408101
Хабаровский край,297,63.177101010101005,34163.992424242424,297,Амурский,г. Амурск,08603101001
Хабаровский край,297,63.177101010101005,34163.992424242424,297,имени Полины Осипенко,нп. Гидрологический Пост Тимченко,08637000
Хабаровский край,297,63.177101010101005,34163.992424242424,297,Солнечный,п. Горный,08644432101
Хабаровский край,297,63.177101010101005,34163.992424242424,297,имени Полины Осипенко,с. им П.Осипенко,08637406101
Хабаровский край,297,63.177101010101005,34163.992424242424,297,Солнечный,рп. Солнечный,08644151051
Хабаровский край,297,63.177101010101005,34163.992424242424,297,Солнечный,п. Горный,08644432101
Хабаровский край,297,63.177101010101005,34163.992424242424,297,Николаевский,с. Власьево,08631701902
Хабаровский край,297,63.177101010101005,34163.992424242424,297,имени Полины Осипенко,с. им П.Осипенко,08637406101
Хабаровский край,297,63.177101010101005,34163.992424242424,297,имени Полины Осипенко,с. им П.Осипенко,08637406101
Хабаровский край,297,63.177101010101005,34163.992424242424,297,Солнечный,п. Горный,08644432101
Хабаровский край,297,63.177101010101005,34163.992424242424,297,Солнечный,рп. Солнечный,08644151051
Хабаровский край,297,63.177101010101005,34163.992424242424,297,Солнечный,рп. Солнечный,08644151051
Хабаровский край,297,63.177101010101005,34163.992424242424,297,имени Полины Осипенко,нп. Гидрологический Пост Тимченко,08637000
Хабаровский край,297,63.177101010101005,34163.992424242424,297,имени Полины Осипенко,нп. Гидрологический Пост Тимченко,08637000
Хабаровский край,297,63.177101010101005,34163.992424242424,297,Солнечный,п. Горный,08644432101
Хабаровский край,297,63.177101010101005,34163.992424242424,297,имени Полины Осипенко,с. им П.Осипенко,08637406101
Хабаровский край,297,63.177101010101005,34163.992424242424,297,Хабаровский,с. Сергеевка,08655460101
Хабаровский край,297,63.177101010101005,34163.992424242424,297,Вяземский,п. Дормидонтовка,08617413101
Хабаровский край,297,63.177101010101005,34163.992424242424,297,имени Лазо,рп. Переяславка,08624151051
Хабаровский край,297,63.177101010101005,34163.992424242424,297,имени Лазо,рп. Хор,08624157051
Хабаровский край,297,63.177101010101005,34163.992424242424,297,Солнечный,п. Горный,08644432101
Хабаровский край,297,63.177101010101005,34163.992424242424,297,Хабаровский,с. Сергеевка,08655460101
Хабаровский край,297,63.177101010101005,34163.992424242424,297,имени Полины Осипенко,нп. Гидрологический Пост Тимченко,08637000
Хабаровский край,297,63.177101010101005,34163.992424242424,297,Солнечный,рп. Солнечный,08644151051
Хабаровский край,297,63.177101010101005,34163.992424242424,297,Солнечный,рп. Солнечный,08644151051
Хабаровский край,297,63.177101010101005,34163.992424242424,297,Солнечный,п. Горный,08644432101
Хабаровский край,297,63.177101010101005,34163.992424242424,297,Солнечный,п. Горный,08644432101
Хабаровский край,297,63.177101010101005,34163.992424242424,297,Солнечный,п. Горный,08644432101
Хабаровский край,297,63.177101010101005,34163.992424242424,297,имени Полины Осипенко,нп. Гидрологический Пост Тимченко,08637000
Хабаровский край,297,63.177101010101005,34163.992424242424,297,имени Полины Осипенко,с. им П.Осипенко,08637406101
Хабаровский край,297,63.177101010101005,34163.992424242424,297,Солнечный,рп. Солнечный,08644151051
Хабаровский край,297,63.177101010101005,34163.992424242424,297,имени Полины Осипенко,нп. Гидрологический Пост Тимченко,08637000
Хабаровский край,297,63.177101010101005,34163.992424242424,297,имени Полины Осипенко,нп. Гидрологический Пост Тимченко,08637000
Хабаровский край,297,63.177101010101005,34163.992424242424,297,Солнечный,п. Горный,08644432101
Хабаровский край,297,63.177101010101005,34163.992424242424,297,Солнечный,рп. Солнечный,08644151051
Хабаровский край,297,63.177101010101005,34163.992424242424,297,Солнечный,рп. Солнечный,08644151051
Хабаровский край,297,63.177101010101005,34163.992424242424,297,Солнечный,рп. Солнечный,08644151051
Хабаровский край,297,63.177101010101005,34163.992424242424,297,Солнечный,п. Горный,08644432101
Хабаровский край,297,63.177101010101005,34163.992424242424,297,Солнечный,п. Горный,08644432101
Хабаровский край,297,63.177101010101005,34163.992424242424,297,имени Лазо,рп. Хор,08624157051
Хабаровский край,297,63.177101010101005,34163.992424242424,297,имени Полины Осипенко,нп. Гидрологический Пост Тимченко,08637000
Хабаровский край,297,63.177101010101005,34163.992424242424,297,имени Полины Осипенко,с. им П.Осипенко,08637406101
Хабаровский край,297,63.177101010101005,34163.992424242424,297,имени Полины Осипенко,с. им П.Осипенко,08637406101
Хабаровский край,297,63.177101010101005,34163.992424242424,297,имени Полины Осипенко,с. им П.Осипенко,08637406101
Хабаровский край,297,63.177101010101005,34163.992424242424,297,имени Полины Осипенко,с. им П.Осипенко,08637406101
Хабаровский край,297,63.177101010101005,34163.992424242424,297,имени Полины Осипенко,нп. Гидрологический Пост Тимченко,08637000
Хабаровский край,297,63.177101010101005,34163.992424242424,297,имени Полины Осипенко,нп. Гидрологический Пост Тимченко,08637000
Хабаровский край,297,63.177101010101005,34163.992424242424,297,город Хабаровск,г. Хабаровск,08701000001
Хабаровский край,297,63.177101010101005,34163.992424242424,297,имени Лазо,рп. Хор,08624157051
Хабаровский край,297,63.177101010101005,34163.992424242424,297,Солнечный,рп. Солнечный,08644151051
Хабаровский край,297,63.177101010101005,34163.992424242424,297,Солнечный,рп. Солнечный,08644151051
Хабаровский край,297,63.177101010101005,34163.992424242424,297,Солнечный,рп. Солнечный,08644151051
Хабаровский край,297,63.177101010101005,34163.992424242424,297,Солнечный,рп. Солнечный,08644151051
Хабаровский край,297,63.177101010101005,34163.992424242424,297,Солнечный,п. Горный,08644432101
Хабаровский край,297,63.177101010101005,34163.992424242424,297,Солнечный,п. Горный,08644432101
Хабаровский край,297,63.177101010101005,34163.992424242424,297,Солнечный,п. Горный,08644432101
Хабаровский край,297,63.177101010101005,34163.992424242424,297,Солнечный,п. Горный,08644432101
Хабаровский край,297,63.177101010101005,34163.992424242424,297,Солнечный,п. Горный,08644432101
Хабаровский край,297,63.177101010101005,34163.992424242424,297,Солнечный,п. Горный,08644432101
Хабаровский край,297,63.177101010101005,34163.992424242424,297,Николаевский,рп. Многовершинный,08631158
Хабаровский край,297,63.177101010101005,34163.992424242424,297,Николаевский,рп. Многовершинный,08631158
Хабаровский край,297,63.177101010101005,34163.992424242424,297,Бикинский,с. Лермонтовка,08609408101
Хабаровский край,297,63.177101010101005,34163.992424242424,297,имени Полины Осипенко,с. им П.Осипенко,08637406101
Хабаровский край,297,63.177101010101005,34163.992424242424,297,имени Полины Осипенко,с. им П.Осипенко,08637406101
Хабаровский край,297,63.177101010101005,34163.992424242424,297,Солнечный,рп. Солнечный,08644151051
Хабаровский край,297,63.177101010101005,34163.992424242424,297,Вяземский,п. Дормидонтовка,08617413101
Хабаровский край,297,63.177101010101005,34163.992424242424,297,Солнечный,п. Горный,08644432101
Хабаровский край,297,63.177101010101005,34163.992424242424,297,Солнечный,п. Горный,08644432101
Хабаровский край,297,63.177101010101005,34163.992424242424,297,имени Лазо,рп. Переяславка,08624151051
Хабаровский край,297,63.177101010101005,34163.992424242424,297,Хабаровский,с. Федоровка,08655443136
Хабаровский край,297,63.177101010101005,34163.992424242424,297,Хабаровский,с. Федоровка,08655443136
Хабаровский край,297,63.177101010101005,34163.992424242424,297,Хабаровский,с. Федоровка,08655443136
Хабаровский край,297,63.177101010101005,34163.992424242424,297,имени Лазо,рп. Хор,08624157051
Хабаровский край,297,63.177101010101005,34163.992424242424,297,имени Лазо,рп. Хор,08624157051
Хабаровский край,297,63.177101010101005,34163.992424242424,297,Солнечный,рп. Солнечный,08644151051
Хабаровский край,297,63.177101010101005,34163.992424242424,297,Солнечный,рп. Солнечный,08644151051
Хабаровский край,297,63.177101010101005,34163.992424242424,297,Солнечный,рп. Солнечный,08644151051
Хабаровский край,297,63.177101010101005,34163.992424242424,297,Солнечный,рп. Солнечный,08644151051
Хабаровский край,297,63.177101010101005,34163.992424242424,297,Солнечный,рп. Солнечный,08644151051
Хабаровский край,297,63.177101010101005,34163.992424242424,297,Солнечный,рп. Солнечный,08644151051
Хабаровский край,297,63.177101010101005,34163.992424242424,297,Солнечный,п. Горный,08644432101
Хабаровский край,297,63.177101010101005,34163.992424242424,297,Солнечный,п. Горный,08644432101
Хабаровский край,297,63.177101010101005,34163.992424242424,297,Солнечный,п. Горный,08644432101
Хабаровский край,297,63.177101010101005,34163.992424242424,297,Солнечный,п. Горный,08644432101
Хабаровский край,297,63.177101010101005,34163.992424242424,297,Вяземский,п. Дормидонтовка,08617413101
Хабаровский край,297,63.177101010101005,34163.992424242424,297,Вяземский,п. Дормидонтовка,08617413101
Хабаровский край,297,63.177101010101005,34163.992424242424,297,имени Полины Осипенко,нп. Гидрологический Пост Тимченко,08637000
Хабаровский край,297,63.177101010101005,34163.992424242424,297,Хабаровский,с. Федоровка,08655443136
Хабаровский край,297,63.177101010101005,34163.992424242424,297,имени Полины Осипенко,с. им П.Осипенко,08637406101
Хабаровский край,297,63.177101010101005,34163.992424242424,297,имени Полины Осипенко,с. им П.Осипенко,08637406101
Хабаровский край,297,63.177101010101005,34163.992424242424,297,имени Полины Осипенко,с. им П.Осипенко,08637406101
Хабаровский край,297,63.177101010101005,34163.992424242424,297,Николаевский,рп. Многовершинный,08631158
Хабаровский край,297,63.177101010101005,34163.992424242424,297,Николаевский,рп. Многовершинный,08631158
Хабаровский край,297,63.177101010101005,34163.992424242424,297,Хабаровский,с. Сергеевка,08655460101
Хабаровский край,297,63.177101010101005,34163.992424242424,297,имени Лазо,рп. Хор,08624157051
Хабаровский край,297,63.177101010101005,34163.992424242424,297,имени Лазо,рп. Хор,08624157051
Хабаровский край,297,63.177101010101005,34163.992424242424,297,Солнечный,рп. Солнечный,08644151051
Хабаровский край,297,63.177101010101005,34163.992424242424,297,Солнечный,рп. Солнечный,08644151051
Хабаровский край,297,63.177101010101005,34163.992424242424,297,Солнечный,п. Горный,08644432101
Хабаровский край,297,63.177101010101005,34163.992424242424,297,Солнечный,п. Горный,08644432101
Хабаровский край,297,63.177101010101005,34163.992424242424,297,Солнечный,п. Горный,08644432101
Хабаровский край,297,63.177101010101005,34163.992424242424,297,Солнечный,п. Горный,08644432101
Хабаровский край,297,63.177101010101005,34163.992424242424,297,Солнечный,п. Горный,08644432101
Хабаровский край,297,63.177101010101005,34163.992424242424,297,Солнечный,рп. Солнечный,08644151051
Хабаровский край,297,63.177101010101005,34163.992424242424,297,Солнечный,рп. Солнечный,08644151051
Хабаровский край,297,63.177101010101005,34163.992424242424,297,Солнечный,рп. Солнечный,08644151051
Хабаровский край,297,63.177101010101005,34163.992424242424,297,Солнечный,рп. Солнечный,08644151051
Хабаровский край,297,63.177101010101005,34163.992424242424,297,Вяземский,п. Дормидонтовка,08617413101
Хабаровский край,297,63.177101010101005,34163.992424242424,297,имени Лазо,рп. Переяславка,08624151051
Хабаровский край,297,63.177101010101005,34163.992424242424,297,имени Лазо,рп. Переяславка,08624151051
Хабаровский край,297,63.177101010101005,34163.992424242424,297,имени Лазо,рп. Переяславка,08624151051
Хабаровский край,297,63.177101010101005,34163.992424242424,297,имени Лазо,рп. Переяславка,08624151051
Хабаровский край,297,63.177101010101005,34163.992424242424,297,Бикинский,с. Лермонтовка,08609408101
Хабаровский край,297,63.177101010101005,34163.992424242424,297,имени Лазо,рп. Хор,08624157051
Хабаровский край,297,63.177101010101005,34163.992424242424,297,имени Лазо,рп. Хор,08624157051
Хабаровский край,297,63.177101010101005,34163.992424242424,297,Вяземский,п. Дормидонтовка,08617413101
Хабаровский край,297,63.177101010101005,34163.992424242424,297,Вяземский,п. Дормидонтовка,08617413101
Хабаровский край,297,63.177101010101005,34163.992424242424,297,Солнечный,рп. Солнечный,08644151051
Хабаровский край,297,63.177101010101005,34163.992424242424,297,Солнечный,рп. Солнечный,08644151051
Хабаровский край,297,63.177101010101005,34163.992424242424,297,Николаевский,рп. Многовершинный,08631158
Хабаровский край,297,63.177101010101005,34163.992424242424,297,Николаевский,рп. Многовершинный,08631158
Хабаровский край,297,63.177101010101005,34163.992424242424,297,Солнечный,рп. Солнечный,08644151051
Хабаровский край,297,63.177101010101005,34163.992424242424,297,Солнечный,рп. Солнечный,08644151051
Хабаровский край,297,63.177101010101005,34163.992424242424,297,Солнечный,п. Горный,08644432101
Хабаровский край,297,63.177101010101005,34163.992424242424,297,Солнечный,п. Горный,08644432101
Хабаровский край,297,63.177101010101005,34163.992424242424,297,Солнечный,п. Горный,08644432101
Хабаровский край,297,63.177101010101005,34163.992424242424,297,Солнечный,п. Горный,08644432101
Хабаровский край,297,63.177101010101005,34163.992424242424,297,имени Лазо,рп. Хор,08624157051
Хабаровский край,297,63.177101010101005,34163.992424242424,297,имени Лазо,рп. Хор,08624157051
Хабаровский край,297,63.177101010101005,34163.992424242424,297,Вяземский,п. Дормидонтовка,08617413101
Хабаровский край,297,63.177101010101005,34163.992424242424,297,Солнечный,п. Горный,08644432101
Хабаровский край,297,63.177101010101005,34163.992424242424,297,Солнечный,рп. Солнечный,08644151051
Хабаровский край,297,63.177101010101005,34163.992424242424,297,Солнечный,рп. Солнечный,08644151051
Хабаровский край,297,63.177101010101005,34163.992424242424,297,Солнечный,рп. Солнечный,08644151051
Хабаровский край,297,63.177101010101005,34163.992424242424,297,Солнечный,рп. Солнечный,08644151051
Хабаровский край,297,63.177101010101005,34163.992424242424,297,Солнечный,п. Горный,08644432101
Хабаровский край,297,63.177101010101005,34163.992424242424,297,Солнечный,п. Горный,08644432101
Хабаровский край,297,63.177101010101005,34163.992424242424,297,Солнечный,п. Горный,08644432101
Хабаровский край,297,63.177101010101005,34163.992424242424,297,имени Лазо,рп. Хор,08624157051
Хабаровский край,297,63.177101010101005,34163.992424242424,297,имени Лазо,рп. Хор,08624157051
Хабаровский край,297,63.177101010101005,34163.992424242424,297,имени Лазо,рп. Хор,08624157051
Хабаровский край,297,63.177101010101005,34163.992424242424,297,Николаевский,рп. Многовершинный,08631158
Хабаровский край,297,63.177101010101005,34163.992424242424,297,Солнечный,п. Горный,08644432101
Хабаровский край,297,63.177101010101005,34163.992424242424,297,Солнечный,п. Горный,08644432101
Хабаровский край,297,63.177101010101005,34163.992424242424,297,Солнечный,п. Горный,08644432101
Хабаровский край,297,63.177101010101005,34163.992424242424,297,имени Полины Осипенко,нп. Гидрологический Пост Тимченко,08637000
Хабаровский край,297,63.177101010101005,34163.992424242424,297,имени Лазо,рп. Переяславка,08624151051
Хабаровский край,297,63.177101010101005,34163.992424242424,297,Солнечный,рп. Солнечный,08644151051
Хабаровский край,297,63.177101010101005,34163.992424242424,297,Солнечный,рп. Солнечный,08644151051
Хабаровский край,297,63.177101010101005,34163.992424242424,297,Хабаровский,с. Князе-Волконское,08655425101
Хабаровский край,297,63.177101010101005,34163.992424242424,297,Солнечный,рп. Солнечный,08644151051
Хабаровский край,297,63.177101010101005,34163.992424242424,297,Солнечный,рп. Солнечный,08644151051
Хабаровский край,297,63.177101010101005,34163.992424242424,297,Солнечный,п. Горный,08644432101
Хабаровский край,297,63.177101010101005,34163.992424242424,297,Солнечный,п. Горный,08644432101
Хабаровский край,297,63.177101010101005,34163.992424242424,297,Солнечный,п. Горный,08644432101
Хабаровский край,297,63.177101010101005,34163.992424242424,297,Солнечный,п. Горный,08644432101
Хабаровский край,297,63.177101010101005,34163.992424242424,297,Бикинский,с. Лермонтовка,08609408101
Хабаровский край,297,63.177101010101005,34163.992424242424,297,Хабаровский,с. Федоровка,08655443136
Хабаровский край,297,63.177101010101005,34163.992424242424,297,имени Полины Осипенко,с. им П.Осипенко,08637406101
Хабаровский край,297,63.177101010101005,34163.992424242424,297,Солнечный,п. Горный,08644432101
Хабаровский край,297,63.177101010101005,34163.992424242424,297,Вяземский,п. Дормидонтовка,08617413101
Хабаровский край,297,63.177101010101005,34163.992424242424,297,Вяземский,п. Дормидонтовка,08617413101
Хабаровский край,297,63.177101010101005,34163.992424242424,297,Вяземский,п. Дормидонтовка,08617413101
Хабаровский край,297,63.177101010101005,34163.992424242424,297,имени Лазо,рп. Переяславка,08624151051
Хабаровский край,297,63.177101010101005,34163.992424242424,297,имени Лазо,рп. Хор,08624157051
Хабаровский край,297,63.177101010101005,34163.992424242424,297,Солнечный,рп. Солнечный,08644151051
Хабаровский край,297,63.177101010101005,34163.992424242424,297,Вяземский,п. Дормидонтовка,08617413101
Хабаровский край,297,63.177101010101005,34163.992424242424,297,Вяземский,п. Дормидонтовка,08617413101
Хабаровский край,297,63.177101010101005,34163.992424242424,297,имени Лазо,рп. Переяславка,08624151051
Хабаровский край,297,63.177101010101005,34163.992424242424,297,имени Лазо,рп. Переяславка,08624151051
Хабаровский край,297,63.177101010101005,34163.992424242424,297,Солнечный,рп. Солнечный,08644151051
Хабаровский край,297,63.177101010101005,34163.992424242424,297,Солнечный,рп. Солнечный,08644151051
Хабаровский край,297,63.177101010101005,34163.992424242424,297,Солнечный,рп. Солнечный,08644151051
Хабаровский край,297,63.177101010101005,34163.992424242424,297,Солнечный,рп. Солнечный,08644151051
Хабаровский край,297,63.177101010101005,34163.992424242424,297,Солнечный,п. Горный,08644432101
Хабаровский край,297,63.177101010101005,34163.992424242424,297,Бикинский,с. Лермонтовка,08609408101
Хабаровский край,297,63.177101010101005,34163.992424242424,297,Хабаровский,с. Федоровка,08655443136
Хабаровский край,297,63.177101010101005,34163.992424242424,297,имени Полины Осипенко,нп. Гидрологический Пост Тимченко,08637000
Хабаровский край,297,63.177101010101005,34163.992424242424,297,Николаевский,с. Алексеевка,08631422111
Хабаровский край,297,63.177101010101005,34163.992424242424,297,Амурский,г. Амурск,08603101001
Хабаровский край,297,63.177101010101005,34163.992424242424,297,Амурский,г. Амурск,08603101001
Хабаровский край,297,63.177101010101005,34163.992424242424,297,Амурский,г. Амурск,08603101001
Хабаровский край,297,63.177101010101005,34163.992424242424,297,Амурский,г. Амурск,08603101001
Хабаровский край,297,63.177101010101005,34163.992424242424,297,Хабаровский,с. Сергеевка,08655460101
Хабаровский край,297,63.177101010101005,34163.992424242424,297,Хабаровский,с. Федоровка,08655443136
Хабаровский край,297,63.177101010101005,34163.992424242424,297,Солнечный,п. Горный,08644432101
Хабаровский край,297,63.177101010101005,34163.992424242424,297,Солнечный,п. Горный,08644432101
Хабаровский край,297,63.177101010101005,34163.992424242424,297,Солнечный,п. Горный,08644432101
Хабаровский край,297,63.177101010101005,34163.992424242424,297,Солнечный,п. Горный,08644432101
Хабаровский край,297,63.177101010101005,34163.992424242424,297,Солнечный,п. Горный,08644432101
Хабаровский край,297,63.177101010101005,34163.992424242424,297,Хабаровский,с. Федоровка,08655443136
Хабаровский край,297,63.177101010101005,34163.992424242424,297,Хабаровский,с. Федоровка,08655443136
Хабаровский край,297,63.177101010101005,34163.992424242424,297,Хабаровский,с. Федоровка,08655443136
Хабаровский край,297,63.177101010101005,34163.992424242424,297,Хабаровский,с. Сергеевка,08655460101
Хабаровский край,297,63.177101010101005,34163.992424242424,297,Хабаровский,с. Федоровка,08655443136
Хабаровский край,297,63.177101010101005,34163.992424242424,297,Солнечный,рп. Солнечный,08644151051
Хабаровский край,297,63.177101010101005,34163.992424242424,297,Хабаровский,с. Федоровка,08655443136
Хабаровский край,297,63.177101010101005,34163.992424242424,297,Хабаровский,с. Сергеевка,08655460101
Хабаровский край,297,63.177101010101005,34163.992424242424,297,Хабаровский,с. Федоровка,08655443136
Хабаровский край,297,63.177101010101005,34163.992424242424,297,Хабаровский,с. Федоровка,08655443136
Хабаровский край,297,63.177101010101005,34163.992424242424,297,Хабаровский,с. Князе-Волконское,08655425101
Хабаровский край,297,63.177101010101005,34163.992424242424,297,Солнечный,п. Горный,08644432101
Хабаровский край,297,63.177101010101005,34163.992424242424,297,Солнечный,п. Горный,08644432101
Хабаровский край,297,63.177101010101005,34163.992424242424,297,Солнечный,рп. Солнечный,08644151051
Хабаровский край,297,63.177101010101005,34163.992424242424,297,Солнечный,п. Горный,08644432101
Хабаровский край,297,63.177101010101005,34163.992424242424,297,Солнечный,п. Горный,08644432101
Хабаровский край,297,63.177101010101005,34163.992424242424,297,Хабаровский,с. Федоровка,08655443136
Хабаровский край,297,63.177101010101005,34163.992424242424,297,Хабаровский,с. Федоровка,08655443136
Хабаровский край,297,63.177101010101005,34163.992424242424,297,Хабаровский,с. Федоровка,08655443136
Хабаровский край,297,63.177101010101005,34163.992424242424,297,город Комсомольск-на-Амуре,г. Комсомольск-на-Амуре,08709000001
Хабаровский край,297,63.177101010101005,34163.992424242424,297,Солнечный,рп. Солнечный,08644151051
Хабаровский край,297,63.177101010101005,34163.992424242424,297,Солнечный,п. Горный,08644432101
Хабаровский край,297,63.177101010101005,34163.992424242424,297,Солнечный,рп. Солнечный,08644151051
Хабаровский край,297,63.177101010101005,34163.992424242424,297,Солнечный,п. Горный,08644432101
Хабаровский край,297,63.177101010101005,34163.992424242424,297,Хабаровский,с. Федоровка,08655443136
Хабаровский край,297,63.177101010101005,34163.992424242424,297,Хабаровский,с. Федоровка,08655443136
Хабаровский край,297,63.177101010101005,34163.992424242424,297,Солнечный,рп. Солнечный,08644151051
Хабаровский край,297,63.177101010101005,34163.992424242424,297,Солнечный,рп. Солнечный,08644151051
Хабаровский край,297,63.177101010101005,34163.992424242424,297,Солнечный,п. Горный,08644432101
Хабаровский край,297,63.177101010101005,34163.992424242424,297,Хабаровский,с. Федоровка,08655443136
Хабаровский край,297,63.177101010101005,34163.992424242424,297,Хабаровский,с. Федоровка,08655443136
Хабаровский край,297,63.177101010101005,34163.992424242424,297,Хабаровский,с. Федоровка,08655443136
Хабаровский край,297,63.177101010101005,34163.992424242424,297,Хабаровский,с. Федоровка,08655443136
Хабаровский край,297,63.177101010101005,34163.992424242424,297,Хабаровский,с. Федоровка,08655443136
Хабаровский край,297,63.177101010101005,34163.992424242424,297,Солнечный,п. Горный,08644432101
Хабаровский край,297,63.177101010101005,34163.992424242424,297,Хабаровский,с. Федоровка,08655443136
Хабаровский край,297,63.177101010101005,34163.992424242424,297,Солнечный,п. Горный,08644432101
Хабаровский край,297,63.177101010101005,34163.992424242424,297,Солнечный,п. Горный,08644432101
Хабаровский край,297,63.177101010101005,34163.992424242424,297,Солнечный,п. Горный,08644432101
Хабаровский край,297,63.177101010101005,34163.992424242424,297,Солнечный,рп. Солнечный,08644151051
Хабаровский край,297,63.177101010101005,34163.992424242424,297,Хабаровский,с. Федоровка,08655443136
Хабаровский край,297,63.177101010101005,34163.992424242424,297,Хабаровский,с. Федоровка,08655443136
Хабаровский край,297,63.177101010101005,34163.992424242424,297,Солнечный,рп. Солнечный,08644151051
Хабаровский край,297,63.177101010101005,34163.992424242424,297,Солнечный,п. Горный,08644432101
Хабаровский край,297,63.177101010101005,34163.992424242424,297,Хабаровский,с. Федоровка,08655443136
Хабаровский край,297,63.177101010101005,34163.992424242424,297,Солнечный,п. Горный,08644432101
Хабаровский край,297,63.177101010101005,34163.992424242424,297,Солнечный,рп. Солнечный,08644151051
Хабаровский край,297,63.177101010101005,34163.992424242424,297,Солнечный,рп. Солнечный,08644151051
Хабаровский край,297,63.177101010101005,34163.992424242424,297,Хабаровский,с. Федоровка,08655443136
Хабаровский край,297,63.177101010101005,34163.992424242424,297,Хабаровский,с. Федоровка,08655443136
Хабаровский край,297,63.177101010101005,34163.992424242424,297,Солнечный,п. Горный,08644432101
Хабаровский край,297,63.177101010101005,34163.992424242424,297,Солнечный,п. Горный,08644432101
Хабаровский край,297,63.177101010101005,34163.992424242424,297,Солнечный,п. Горный,08644432101
Хабаровский край,297,63.177101010101005,34163.992424242424,297,Хабаровский,с. Федоровка,08655443136
Хабаровский край,297,63.177101010101005,34163.992424242424,297,Хабаровский,с. Федоровка,08655443136
Хабаровский край,297,63.177101010101005,34163.992424242424,297,Солнечный,п. Горный,08644432101
Хабаровский край,297,63.177101010101005,34163.992424242424,297,Хабаровский,с. Сергеевка,08655460101
Хабаровский край,297,63.177101010101005,34163.992424242424,297,Николаевский,рп. Многовершинный,08631158
Хабаровский край,297,63.177101010101005,34163.992424242424,297,Хабаровский,с. Федоровка,08655443136
Хабаровский край,297,63.177101010101005,34163.992424242424,297,Хабаровский,с. Федоровка,08655443136
Хабаровский край,297,63.177101010101005,34163.992424242424,297,Хабаровский,с. Федоровка,08655443136
Хабаровский край,297,63.177101010101005,34163.992424242424,297,Хабаровский,с. Федоровка,08655443136
Хабаровский край,297,63.177101010101005,34163.992424242424,297,Хабаровский,с. Федоровка,08655443136
Хабаровский край,297,63.177101010101005,34163.992424242424,297,имени Полины Осипенко,нп. Гидрологический Пост Тимченко,08637000
Ямало-Ненецкий автономный округ (Тюменская область),227,75.73568281938326,9804.726368159205,227,Надымский муниципальный район,пгт. Пангоды,71916156051
Ямало-Ненецкий автономный округ (Тюменская область),227,75.73568281938326,9804.726368159205,227,Тазовский муниципальный район,п. Тазовский,71923401101
Ямало-Ненецкий автономный округ (Тюменская область),227,75.73568281938326,9804.726368159205,227,Пуровский муниципальный район,с. Самбург,71920407000
Ямало-Ненецкий автономный округ (Тюменская область),227,75.73568281938326,9804.726368159205,227,Шурышкарский муниципальный район,с. Горки,71926406
Ямало-Ненецкий автономный округ (Тюменская область),227,75.73568281938326,9804.726368159205,227,Надымский муниципальный район,г. Надым,71936000001
Ямало-Ненецкий автономный округ (Тюменская область),227,75.73568281938326,9804.726368159205,227,Красноселькупский муниципальный район,с. Красноселькуп,71913406000
Ямало-Ненецкий автономный округ (Тюменская область),227,75.73568281938326,9804.726368159205,227,Тазовский муниципальный район,п. Тазовский,71923401101
Ямало-Ненецкий автономный округ (Тюменская область),227,75.73568281938326,9804.726368159205,227,Пуровский муниципальный район,г. Тарко-Сале,71920105001
Ямало-Ненецкий автономный округ (Тюменская область),227,75.73568281938326,9804.726368159205,227,Пуровский муниципальный район,г. Тарко-Сале,71920105001
Ямало-Ненецкий автономный округ (Тюменская область),227,75.73568281938326,9804.726368159205,227,Пуровский муниципальный район,пгт. Уренгой,71920159051
Ямало-Ненецкий автономный округ (Тюменская область),227,75.73568281938326,9804.726368159205,227,Пуровский муниципальный район,пгт. Уренгой,71920159051
Ямало-Ненецкий автономный округ (Тюменская область),227,75.73568281938326,9804.726368159205,227,Надымский муниципальный район,пгт. Пангоды,71916156051
Ямало-Ненецкий автономный округ (Тюменская область),227,75.73568281938326,9804.726368159205,227,Надымский муниципальный район,пгт. Пангоды,71916156051
Ямало-Ненецкий автономный округ (Тюменская область),227,75.73568281938326,9804.726368159205,227,Надымский муниципальный район,пгт. Пангоды,71916156051
Ямало-Ненецкий автономный округ (Тюменская область),227,75.73568281938326,9804.726368159205,227,Надымский муниципальный район,пгт. Пангоды,71916156051
Ямало-Ненецкий автономный округ (Тюменская область),227,75.73568281938326,9804.726368159205,227,Салехард,г. Салехард,71951000001
Ямало-Ненецкий автономный округ (Тюменская область),227,75.73568281938326,9804.726368159205,227,Салехард,г. Салехард,71951000001
Ямало-Ненецкий автономный округ (Тюменская область),227,75.73568281938326,9804.726368159205,227,Салехард,г. Салехард,71951000001
Ямало-Ненецкий автономный округ (Тюменская область),227,75.73568281938326,9804.726368159205,227,Салехард,г. Салехард,71951000001
Ямало-Ненецкий автономный округ (Тюменская область),227,75.73568281938326,9804.726368159205,227,Лабытнанги,г. Лабытнанги,71953000001
Ямало-Ненецкий автономный округ (Тюменская область),227,75.73568281938326,9804.726368159205,227,Салехард,г. Салехард,71951000001
Ямало-Ненецкий автономный округ (Тюменская область),227,75.73568281938326,9804.726368159205,227,Салехард,г. Салехард,71951000001
Ямало-Ненецкий автономный округ (Тюменская область),227,75.73568281938326,9804.726368159205,227,Салехард,г. Салехард,71951000001
Ямало-Ненецкий автономный округ (Тюменская область),227,75.73568281938326,9804.726368159205,227,Салехард,г. Салехард,71951000001
Ямало-Ненецкий автономный округ (Тюменская область),227,75.73568281938326,9804.726368159205,227,Тазовский муниципальный район,с. Находка,71923409000
Ямало-Ненецкий автономный округ (Тюменская область),227,75.73568281938326,9804.726368159205,227,Шурышкарский муниципальный район,с. Овгорт,71926418
Ямало-Ненецкий автономный округ (Тюменская область),227,75.73568281938326,9804.726368159205,227,Пуровский муниципальный район,г. Тарко-Сале,71920105001
Ямало-Ненецкий автономный округ (Тюменская область),227,75.73568281938326,9804.726368159205,227,Пуровский муниципальный район,пгт. Уренгой,71920159051
Ямало-Ненецкий автономный округ (Тюменская область),227,75.73568281938326,9804.726368159205,227,Пуровский муниципальный район,пгт. Уренгой,71920159051
Ямало-Ненецкий автономный округ (Тюменская область),227,75.73568281938326,9804.726368159205,227,Надымский муниципальный район,пгт. Пангоды,71916156051
Ямало-Ненецкий автономный округ (Тюменская область),227,75.73568281938326,9804.726368159205,227,Надымский муниципальный район,пгт. Пангоды,71916156051
Ямало-Ненецкий автономный округ (Тюменская область),227,75.73568281938326,9804.726368159205,227,Надымский муниципальный район,пгт. Пангоды,71916156051
Ямало-Ненецкий автономный округ (Тюменская область),227,75.73568281938326,9804.726368159205,227,Надымский муниципальный район,пгт. Пангоды,71916156051
Ямало-Ненецкий автономный округ (Тюменская область),227,75.73568281938326,9804.726368159205,227,Надымский муниципальный район,пгт. Пангоды,71916156051
Ямало-Ненецкий автономный округ (Тюменская область),227,75.73568281938326,9804.726368159205,227,Надымский муниципальный район,пгт. Пангоды,71916156051
Ямало-Ненецкий автономный округ (Тюменская область),227,75.73568281938326,9804.726368159205,227,Надымский муниципальный район,пгт. Пангоды,71916156051
Ямало-Ненецкий автономный округ (Тюменская область),227,75.73568281938326,9804.726368159205,227,Салехард,г. Салехард,71951000001
Ямало-Ненецкий автономный округ (Тюменская область),227,75.73568281938326,9804.726368159205,227,Салехард,г. Салехард,71951000001
Ямало-Ненецкий автономный округ (Тюменская область),227,75.73568281938326,9804.726368159205,227,Шурышкарский муниципальный район,с. Мужи,71926412101
Ямало-Ненецкий автономный округ (Тюменская область),227,75.73568281938326,9804.726368159205,227,Шурышкарский муниципальный район,с. Горки,71926406
Ямало-Ненецкий автономный округ (Тюменская область),227,75.73568281938326,9804.726368159205,227,Надымский муниципальный район,г. Надым,71936000001
Ямало-Ненецкий автономный округ (Тюменская область),227,75.73568281938326,9804.726368159205,227,Надымский муниципальный район,г. Надым,71936000001
Ямало-Ненецкий автономный округ (Тюменская область),227,75.73568281938326,9804.726368159205,227,Надымский муниципальный район,г. Надым,71936000001
Ямало-Ненецкий автономный округ (Тюменская область),227,75.73568281938326,9804.726368159205,227,Надымский муниципальный район,п. Лонгъюган,71916403101
Ямало-Ненецкий автономный округ (Тюменская область),227,75.73568281938326,9804.726368159205,227,Пуровский муниципальный район,пгт. Уренгой,71920159051
Ямало-Ненецкий автономный округ (Тюменская область),227,75.73568281938326,9804.726368159205,227,Пуровский муниципальный район,пгт. Уренгой,71920159051
Ямало-Ненецкий автономный округ (Тюменская область),227,75.73568281938326,9804.726368159205,227,Пуровский муниципальный район,пгт. Уренгой,71920159051
Ямало-Ненецкий автономный округ (Тюменская область),227,75.73568281938326,9804.726368159205,227,Надымский муниципальный район,пгт. Пангоды,71916156051
Ямало-Ненецкий автономный округ (Тюменская область),227,75.73568281938326,9804.726368159205,227,Надымский муниципальный район,пгт. Пангоды,71916156051
Ямало-Ненецкий автономный округ (Тюменская область),227,75.73568281938326,9804.726368159205,227,Надымский муниципальный район,пгт. Пангоды,71916156051
Ямало-Ненецкий автономный округ (Тюменская область),227,75.73568281938326,9804.726368159205,227,Салехард,г. Салехард,71951000001
Ямало-Ненецкий автономный округ (Тюменская область),227,75.73568281938326,9804.726368159205,227,Салехард,г. Салехард,71951000001
Ямало-Ненецкий автономный округ (Тюменская область),227,75.73568281938326,9804.726368159205,227,Салехард,г. Салехард,71951000001
Ямало-Ненецкий автономный округ (Тюменская область),227,75.73568281938326,9804.726368159205,227,Салехард,г. Салехард,71951000001
Ямало-Ненецкий автономный округ (Тюменская область),227,75.73568281938326,9804.726368159205,227,Салехард,г. Салехард,71951000001
Ямало-Ненецкий автономный округ (Тюменская область),227,75.73568281938326,9804.726368159205,227,Надымский муниципальный район,г. Надым,71936000001
Ямало-Ненецкий автономный округ (Тюменская область),227,75.73568281938326,9804.726368159205,227,Салехард,г. Салехард,71951000001
Ямало-Ненецкий автономный округ (Тюменская область),227,75.73568281938326,9804.726368159205,227,Новый Уренгой,г. Новый Уренгой,71956000001
Ямало-Ненецкий автономный округ (Тюменская область),227,75.73568281938326,9804.726368159205,227,Пуровский муниципальный район,г. Тарко-Сале,71920105001
Ямало-Ненецкий автономный округ (Тюменская область),227,75.73568281938326,9804.726368159205,227,Надымский муниципальный район,с. Ныда,71916404000
Ямало-Ненецкий автономный округ (Тюменская область),227,75.73568281938326,9804.726368159205,227,Надымский муниципальный район,г. Надым,71936000001
Ямало-Ненецкий автономный округ (Тюменская область),227,75.73568281938326,9804.726368159205,227,Пуровский муниципальный район,пгт. Уренгой,71920159051
Ямало-Ненецкий автономный округ (Тюменская область),227,75.73568281938326,9804.726368159205,227,Пуровский муниципальный район,пгт. Уренгой,71920159051
Ямало-Ненецкий автономный округ (Тюменская область),227,75.73568281938326,9804.726368159205,227,Надымский муниципальный район,пгт. Пангоды,71916156051
Ямало-Ненецкий автономный округ (Тюменская область),227,75.73568281938326,9804.726368159205,227,Надымский муниципальный район,п. Лонгъюган,71916403101
Ямало-Ненецкий автономный округ (Тюменская область),227,75.73568281938326,9804.726368159205,227,Пуровский муниципальный район,пгт. Уренгой,71920159051
Ямало-Ненецкий автономный округ (Тюменская область),227,75.73568281938326,9804.726368159205,227,Надымский муниципальный район,пгт. Пангоды,71916156051
Ямало-Ненецкий автономный округ (Тюменская область),227,75.73568281938326,9804.726368159205,227,Надымский муниципальный район,пгт. Пангоды,71916156051
Ямало-Ненецкий автономный округ (Тюменская область),227,75.73568281938326,9804.726368159205,227,Надымский муниципальный район,пгт. Пангоды,71916156051
Ямало-Ненецкий автономный округ (Тюменская область),227,75.73568281938326,9804.726368159205,227,Надымский муниципальный район,г. Надым,71936000001
Ямало-Ненецкий автономный округ (Тюменская область),227,75.73568281938326,9804.726368159205,227,Надымский муниципальный район,г. Надым,71936000001
Ямало-Ненецкий автономный округ (Тюменская область),227,75.73568281938326,9804.726368159205,227,Надымский муниципальный район,г. Надым,71936000001
Ямало-Ненецкий автономный округ (Тюменская область),227,75.73568281938326,9804.726368159205,227,Надымский муниципальный район,пгт. Пангоды,71916156051
Ямало-Ненецкий автономный округ (Тюменская область),227,75.73568281938326,9804.726368159205,227,Надымский муниципальный район,пгт. Пангоды,71916156051
Ямало-Ненецкий автономный округ (Тюменская область),227,75.73568281938326,9804.726368159205,227,Надымский муниципальный район,пгт. Пангоды,71916156051
Ямало-Ненецкий автономный округ (Тюменская область),227,75.73568281938326,9804.726368159205,227,Надымский муниципальный район,пгт. Пангоды,71916156051
Ямало-Ненецкий автономный округ (Тюменская область),227,75.73568281938326,9804.726368159205,227,Надымский муниципальный район,г. Надым,71936000001
Ямало-Ненецкий автономный округ (Тюменская область),227,75.73568281938326,9804.726368159205,227,Надымский муниципальный район,г. Надым,71936000001
Ямало-Ненецкий автономный округ (Тюменская область),227,75.73568281938326,9804.726368159205,227,Тазовский муниципальный район,п. Тазовский,71923401101
Ямало-Ненецкий автономный округ (Тюменская область),227,75.73568281938326,9804.726368159205,227,Пуровский муниципальный район,пгт. Уренгой,71920159051
Ямало-Ненецкий автономный округ (Тюменская область),227,75.73568281938326,9804.726368159205,227,Пуровский муниципальный район,с. Самбург,71920407000
Ямало-Ненецкий автономный округ (Тюменская область),227,75.73568281938326,9804.726368159205,227,Салехард,г. Салехард,71951000001
Ямало-Ненецкий автономный округ (Тюменская область),227,75.73568281938326,9804.726368159205,227,Салехард,г. Салехард,71951000001
Ямало-Ненецкий автономный округ (Тюменская область),227,75.73568281938326,9804.726368159205,227,Салехард,г. Салехард,71951000001
Ямало-Ненецкий автономный округ (Тюменская область),227,75.73568281938326,9804.726368159205,227,Надымский муниципальный район,г. Надым,71936000001
Ямало-Ненецкий автономный округ (Тюменская область),227,75.73568281938326,9804.726368159205,227,Надымский муниципальный район,г. Надым,71936000001
Ямало-Ненецкий автономный округ (Тюменская область),227,75.73568281938326,9804.726368159205,227,Тазовский муниципальный район,с. Находка,71923409000
Ямало-Ненецкий автономный округ (Тюменская область),227,75.73568281938326,9804.726368159205,227,Надымский муниципальный район,п. Лонгъюган,71916403101
Ямало-Ненецкий автономный округ (Тюменская область),227,75.73568281938326,9804.726368159205,227,Красноселькупский муниципальный район,с. Красноселькуп,71913406000
Ямало-Ненецкий автономный округ (Тюменская область),227,75.73568281938326,9804.726368159205,227,Пуровский муниципальный район,пгт. Уренгой,71920159051
Ямало-Ненецкий автономный округ (Тюменская область),227,75.73568281938326,9804.726368159205,227,Пуровский муниципальный район,пгт. Уренгой,71920159051
Ямало-Ненецкий автономный округ (Тюменская область),227,75.73568281938326,9804.726368159205,227,Надымский муниципальный район,пгт. Пангоды,71916156051
Ямало-Ненецкий автономный округ (Тюменская область),227,75.73568281938326,9804.726368159205,227,Салехард,г. Салехард,71951000001
Ямало-Ненецкий автономный округ (Тюменская область),227,75.73568281938326,9804.726368159205,227,Салехард,г. Салехард,71951000001
Ямало-Ненецкий автономный округ (Тюменская область),227,75.73568281938326,9804.726368159205,227,Салехард,г. Салехард,71951000001
Ямало-Ненецкий автономный округ (Тюменская область),227,75.73568281938326,9804.726368159205,227,Салехард,г. Салехард,71951000001
Ямало-Ненецкий автономный округ (Тюменская область),227,75.73568281938326,9804.726368159205,227,Салехард,г. Салехард,71951000001
Ямало-Ненецкий автономный округ (Тюменская область),227,75.73568281938326,9804.726368159205,227,Салехард,г. Салехард,71951000001
Ямало-Ненецкий автономный округ (Тюменская область),227,75.73568281938326,9804.726368159205,227,Салехард,г. Салехард,71951000001
Ямало-Ненецкий автономный округ (Тюменская область),227,75.73568281938326,9804.726368159205,227,Надымский муниципальный район,г. Надым,71936000001
Ямало-Ненецкий автономный округ (Тюменская область),227,75.73568281938326,9804.726368159205,227,Тазовский муниципальный район,с. Находка,71923409000
Ямало-Ненецкий автономный округ (Тюменская область),227,75.73568281938326,9804.726368159205,227,Красноселькупский муниципальный район,с. Красноселькуп,71913406000
Ямало-Ненецкий автономный округ (Тюменская область),227,75.73568281938326,9804.726368159205,227,Тазовский муниципальный район,п. Тазовский,71923401101
Ямало-Ненецкий автономный округ (Тюменская область),227,75.73568281938326,9804.726368159205,227,Новый Уренгой,г. Новый Уренгой,71956000001
Ямало-Ненецкий автономный округ (Тюменская область),227,75.73568281938326,9804.726368159205,227,Пуровский муниципальный район,г. Тарко-Сале,71920105001
Ямало-Ненецкий автономный округ (Тюменская область),227,75.73568281938326,9804.726368159205,227,Пуровский муниципальный район,г. Тарко-Сале,71920105001
Ямало-Ненецкий автономный округ (Тюменская область),227,75.73568281938326,9804.726368159205,227,Пуровский муниципальный район,г. Тарко-Сале,71920105001
Ямало-Ненецкий автономный округ (Тюменская область),227,75.73568281938326,9804.726368159205,227,Пуровский муниципальный район,пгт. Уренгой,71920159051
Ямало-Ненецкий автономный округ (Тюменская область),227,75.73568281938326,9804.726368159205,227,Пуровский муниципальный район,пгт. Уренгой,71920159051
Ямало-Ненецкий автономный округ (Тюменская область),227,75.73568281938326,9804.726368159205,227,Пуровский муниципальный район,пгт. Уренгой,71920159051
Ямало-Ненецкий автономный округ (Тюменская область),227,75.73568281938326,9804.726368159205,227,Пуровский муниципальный район,с. Самбург,71920407000
Ямало-Ненецкий автономный округ (Тюменская область),227,75.73568281938326,9804.726368159205,227,Пуровский муниципальный район,с. Самбург,71920407000
Ямало-Ненецкий автономный округ (Тюменская область),227,75.73568281938326,9804.726368159205,227,Пуровский муниципальный район,с. Самбург,71920407000
Ямало-Ненецкий автономный округ (Тюменская область),227,75.73568281938326,9804.726368159205,227,Надымский муниципальный район,пгт. Пангоды,71916156051
Ямало-Ненецкий автономный округ (Тюменская область),227,75.73568281938326,9804.726368159205,227,Надымский муниципальный район,пгт. Пангоды,71916156051
Ямало-Ненецкий автономный округ (Тюменская область),227,75.73568281938326,9804.726368159205,227,Салехард,г. Салехард,71951000001
Ямало-Ненецкий автономный округ (Тюменская область),227,75.73568281938326,9804.726368159205,227,Салехард,г. Салехард,71951000001
Ямало-Ненецкий автономный округ (Тюменская область),227,75.73568281938326,9804.726368159205,227,Шурышкарский муниципальный район,с. Мужи,71926412101
Ямало-Ненецкий автономный округ (Тюменская область),227,75.73568281938326,9804.726368159205,227,Шурышкарский муниципальный район,с. Горки,71926406
Ямало-Ненецкий автономный округ (Тюменская область),227,75.73568281938326,9804.726368159205,227,Салехард,г. Салехард,71951000001
Ямало-Ненецкий автономный округ (Тюменская область),227,75.73568281938326,9804.726368159205,227,Салехард,г. Салехард,71951000001
Ямало-Ненецкий автономный округ (Тюменская область),227,75.73568281938326,9804.726368159205,227,Салехард,г. Салехард,71951000001
Ямало-Ненецкий автономный округ (Тюменская область),227,75.73568281938326,9804.726368159205,227,Надымский муниципальный район,с. Ныда,71916404000
Ямало-Ненецкий автономный округ (Тюменская область),227,75.73568281938326,9804.726368159205,227,Надымский муниципальный район,г. Надым,71936000001
Ямало-Ненецкий автономный округ (Тюменская область),227,75.73568281938326,9804.726368159205,227,Пуровский муниципальный район,г. Тарко-Сале,71920105001
Ямало-Ненецкий автономный округ (Тюменская область),227,75.73568281938326,9804.726368159205,227,Салехард,г. Салехард,71951000001
Ямало-Ненецкий автономный округ (Тюменская область),227,75.73568281938326,9804.726368159205,227,Надымский муниципальный район,пгт. Пангоды,71916156051
Ямало-Ненецкий автономный округ (Тюменская область),227,75.73568281938326,9804.726368159205,227,Надымский муниципальный район,пгт. Пангоды,71916156051
Ямало-Ненецкий автономный округ (Тюменская область),227,75.73568281938326,9804.726368159205,227,Надымский муниципальный район,пгт. Пангоды,71916156051
Ямало-Ненецкий автономный округ (Тюменская область),227,75.73568281938326,9804.726368159205,227,Надымский муниципальный район,пгт. Пангоды,71916156051
Ямало-Ненецкий автономный округ (Тюменская область),227,75.73568281938326,9804.726368159205,227,Салехард,г. Салехард,71951000001
Ямало-Ненецкий автономный округ (Тюменская область),227,75.73568281938326,9804.726368159205,227,Салехард,г. Салехард,71951000001
Ямало-Ненецкий автономный округ (Тюменская область),227,75.73568281938326,9804.726368159205,227,Салехард,г. Салехард,71951000001
Ямало-Ненецкий автономный округ (Тюменская область),227,75.73568281938326,9804.726368159205,227,Тазовский муниципальный район,п. Тазовский,71923401101
Ямало-Ненецкий автономный округ (Тюменская область),227,75.73568281938326,9804.726368159205,227,Салехард,г. Салехард,71951000001
Ямало-Ненецкий автономный округ (Тюменская область),227,75.73568281938326,9804.726368159205,227,Салехард,г. Салехард,71951000001
Ямало-Ненецкий автономный округ (Тюменская область),227,75.73568281938326,9804.726368159205,227,Салехард,г. Салехард,71951000001
Ямало-Ненецкий автономный округ (Тюменская область),227,75.73568281938326,9804.726368159205,227,Салехард,г. Салехард,71951000001
Ямало-Ненецкий автономный округ (Тюменская область),227,75.73568281938326,9804.726368159205,227,Салехард,г. Салехард,71951000001
Ямало-Ненецкий автономный округ (Тюменская область),227,75.73568281938326,9804.726368159205,227,Салехард,г. Салехард,71951000001
Ямало-Ненецкий автономный округ (Тюменская область),227,75.73568281938326,9804.726368159205,227,Тазовский муниципальный район,п. Тазовский,71923401101
Ямало-Ненецкий автономный округ (Тюменская область),227,75.73568281938326,9804.726368159205,227,Пуровский муниципальный район,г. Тарко-Сале,71920105001
Ямало-Ненецкий автономный округ (Тюменская область),227,75.73568281938326,9804.726368159205,227,Пуровский муниципальный район,пгт. Уренгой,71920159051
Ямало-Ненецкий автономный округ (Тюменская область),227,75.73568281938326,9804.726368159205,227,Пуровский муниципальный район,с. Самбург,71920407000
Ямало-Ненецкий автономный округ (Тюменская область),227,75.73568281938326,9804.726368159205,227,Надымский муниципальный район,пгт. Пангоды,71916156051
Ямало-Ненецкий автономный округ (Тюменская область),227,75.73568281938326,9804.726368159205,227,Надымский муниципальный район,пгт. Пангоды,71916156051
Ямало-Ненецкий автономный округ (Тюменская область),227,75.73568281938326,9804.726368159205,227,Салехард,г. Салехард,71951000001
Ямало-Ненецкий автономный округ (Тюменская область),227,75.73568281938326,9804.726368159205,227,Салехард,г. Салехард,71951000001
Ямало-Ненецкий автономный округ (Тюменская область),227,75.73568281938326,9804.726368159205,227,Салехард,г. Салехард,71951000001
Ямало-Ненецкий автономный округ (Тюменская область),227,75.73568281938326,9804.726368159205,227,Шурышкарский муниципальный район,с. Мужи,71926412101
Ямало-Ненецкий автономный округ (Тюменская область),227,75.73568281938326,9804.726368159205,227,Шурышкарский муниципальный район,с. Горки,71926406
Ямало-Ненецкий автономный округ (Тюменская область),227,75.73568281938326,9804.726368159205,227,Надымский муниципальный район,с. Ныда,71916404000
Ямало-Ненецкий автономный округ (Тюменская область),227,75.73568281938326,9804.726368159205,227,Тазовский муниципальный район,с. Находка,71923409000
Ямало-Ненецкий автономный округ (Тюменская область),227,75.73568281938326,9804.726368159205,227,Тазовский муниципальный район,с. Находка,71923409000
Ямало-Ненецкий автономный округ (Тюменская область),227,75.73568281938326,9804.726368159205,227,Красноселькупский муниципальный район,с. Красноселькуп,71913406000
Ямало-Ненецкий автономный округ (Тюменская область),227,75.73568281938326,9804.726368159205,227,Пуровский муниципальный район,г. Тарко-Сале,71920105001
Ямало-Ненецкий автономный округ (Тюменская область),227,75.73568281938326,9804.726368159205,227,Пуровский муниципальный район,г. Тарко-Сале,71920105001
Ямало-Ненецкий автономный округ (Тюменская область),227,75.73568281938326,9804.726368159205,227,Пуровский муниципальный район,пгт. Уренгой,71920159051
Ямало-Ненецкий автономный округ (Тюменская область),227,75.73568281938326,9804.726368159205,227,Пуровский муниципальный район,с. Самбург,71920407000
Ямало-Ненецкий автономный округ (Тюменская область),227,75.73568281938326,9804.726368159205,227,Салехард,г. Салехард,71951000001
Ямало-Ненецкий автономный округ (Тюменская область),227,75.73568281938326,9804.726368159205,227,Салехард,г. Салехард,71951000001
Ямало-Ненецкий автономный округ (Тюменская область),227,75.73568281938326,9804.726368159205,227,Салехард,г. Салехард,71951000001
Ямало-Ненецкий автономный округ (Тюменская область),227,75.73568281938326,9804.726368159205,227,Салехард,г. Салехард,71951000001
Ямало-Ненецкий автономный округ (Тюменская область),227,75.73568281938326,9804.726368159205,227,Салехард,г. Салехард,71951000001
Ямало-Ненецкий автономный округ (Тюменская область),227,75.73568281938326,9804.726368159205,227,Пуровский муниципальный район,г. Тарко-Сале,71920105001
Ямало-Ненецкий автономный округ (Тюменская область),227,75.73568281938326,9804.726368159205,227,Пуровский муниципальный район,пгт. Уренгой,71920159051
Ямало-Ненецкий автономный округ (Тюменская область),227,75.73568281938326,9804.726368159205,227,Пуровский муниципальный район,пгт. Уренгой,71920159051
Ямало-Ненецкий автономный округ (Тюменская область),227,75.73568281938326,9804.726368159205,227,Салехард,г. Салехард,71951000001
Ямало-Ненецкий автономный округ (Тюменская область),227,75.73568281938326,9804.726368159205,227,Салехард,г. Салехард,71951000001
Ямало-Ненецкий автономный округ (Тюменская область),227,75.73568281938326,9804.726368159205,227,Салехард,г. Салехард,71951000001
Ямало-Ненецкий автономный округ (Тюменская область),227,75.73568281938326,9804.726368159205,227,Салехард,г. Салехард,71951000001
Ямало-Ненецкий автономный округ (Тюменская область),227,75.73568281938326,9804.726368159205,227,Салехард,г. Салехард,71951000001
Ямало-Ненецкий автономный округ (Тюменская область),227,75.73568281938326,9804.726368159205,227,Салехард,г. Салехард,71951000001
Ямало-Ненецкий автономный округ (Тюменская область),227,75.73568281938326,9804.726368159205,227,Красноселькупский муниципальный район,с. Красноселькуп,71913406000
Ямало-Ненецкий автономный округ (Тюменская область),227,75.73568281938326,9804.726368159205,227,Салехард,г. Салехард,71951000001
Ямало-Ненецкий автономный округ (Тюменская область),227,75.73568281938326,9804.726368159205,227,Салехард,г. Салехард,71951000001
Ямало-Ненецкий автономный округ (Тюменская область),227,75.73568281938326,9804.726368159205,227,Салехард,г. Салехард,71951000001
Ямало-Ненецкий автономный округ (Тюменская область),227,75.73568281938326,9804.726368159205,227,Шурышкарский муниципальный район,с. Горки,71926406
Ямало-Ненецкий автономный округ (Тюменская область),227,75.73568281938326,9804.726368159205,227,Тазовский муниципальный район,с. Находка,71923409000
Ямало-Ненецкий автономный округ (Тюменская область),227,75.73568281938326,9804.726368159205,227,Тазовский муниципальный район,п. Тазовский,71923401101
Ямало-Ненецкий автономный округ (Тюменская область),227,75.73568281938326,9804.726368159205,227,Пуровский муниципальный район,г. Тарко-Сале,71920105001
Ямало-Ненецкий автономный округ (Тюменская область),227,75.73568281938326,9804.726368159205,227,Пуровский муниципальный район,пгт. Уренгой,71920159051
Ямало-Ненецкий автономный округ (Тюменская область),227,75.73568281938326,9804.726368159205,227,Надымский муниципальный район,пгт. Пангоды,71916156051
Ямало-Ненецкий автономный округ (Тюменская область),227,75.73568281938326,9804.726368159205,227,Надымский муниципальный район,пгт. Пангоды,71916156051
Ямало-Ненецкий автономный округ (Тюменская область),227,75.73568281938326,9804.726368159205,227,Надымский муниципальный район,с. Ныда,71916404000
Ямало-Ненецкий автономный округ (Тюменская область),227,75.73568281938326,9804.726368159205,227,Надымский муниципальный район,г. Надым,71936000001
Ямало-Ненецкий автономный округ (Тюменская область),227,75.73568281938326,9804.726368159205,227,Тазовский муниципальный район,с. Находка,71923409000
Ямало-Ненецкий автономный округ (Тюменская область),227,75.73568281938326,9804.726368159205,227,Красноселькупский муниципальный район,с. Красноселькуп,71913406000
Ямало-Ненецкий автономный округ (Тюменская область),227,75.73568281938326,9804.726368159205,227,Пуровский муниципальный район,пгт. Уренгой,71920159051
Ямало-Ненецкий автономный округ (Тюменская область),227,75.73568281938326,9804.726368159205,227,Шурышкарский муниципальный район,с. Горки,71926406
Ямало-Ненецкий автономный округ (Тюменская область),227,75.73568281938326,9804.726368159205,227,Надымский муниципальный район,г. Надым,71936000001
Ямало-Ненецкий автономный округ (Тюменская область),227,75.73568281938326,9804.726368159205,227,Шурышкарский муниципальный район,с. Мужи,71926412101
Ямало-Ненецкий автономный округ (Тюменская область),227,75.73568281938326,9804.726368159205,227,Тазовский муниципальный район,п. Тазовский,71923401101
Ямало-Ненецкий автономный округ (Тюменская область),227,75.73568281938326,9804.726368159205,227,Пуровский муниципальный район,г. Тарко-Сале,71920105001
Ямало-Ненецкий автономный округ (Тюменская область),227,75.73568281938326,9804.726368159205,227,Пуровский муниципальный район,с. Самбург,71920407000
Ямало-Ненецкий автономный округ (Тюменская область),227,75.73568281938326,9804.726368159205,227,Пуровский муниципальный район,пгт. Уренгой,71920159051
Ямало-Ненецкий автономный округ (Тюменская область),227,75.73568281938326,9804.726368159205,227,Салехард,г. Салехард,71951000001
Ямало-Ненецкий автономный округ (Тюменская область),227,75.73568281938326,9804.726368159205,227,Надымский муниципальный район,с. Ныда,71916404000
Ямало-Ненецкий автономный округ (Тюменская область),227,75.73568281938326,9804.726368159205,227,Шурышкарский муниципальный район,с. Мужи,71926412101
Ямало-Ненецкий автономный округ (Тюменская область),227,75.73568281938326,9804.726368159205,227,Пуровский муниципальный район,с. Самбург,71920407000
Ямало-Ненецкий автономный округ (Тюменская область),227,75.73568281938326,9804.726368159205,227,Пуровский муниципальный район,с. Самбург,71920407000
Ямало-Ненецкий автономный округ (Тюменская область),227,75.73568281938326,9804.726368159205,227,Салехард,г. Салехард,71951000001
Ямало-Ненецкий автономный округ (Тюменская область),227,75.73568281938326,9804.726368159205,227,Надымский муниципальный район,п. Лонгъюган,71916403101
Ямало-Ненецкий автономный округ (Тюменская область),227,75.73568281938326,9804.726368159205,227,Красноселькупский муниципальный район,с. Красноселькуп,71913406000
Ямало-Ненецкий автономный округ (Тюменская область),227,75.73568281938326,9804.726368159205,227,Пуровский муниципальный район,г. Тарко-Сале,71920105001
Ямало-Ненецкий автономный округ (Тюменская область),227,75.73568281938326,9804.726368159205,227,Пуровский муниципальный район,пгт. Уренгой,71920159051
Ямало-Ненецкий автономный округ (Тюменская область),227,75.73568281938326,9804.726368159205,227,Салехард,г. Салехард,71951000001
Ямало-Ненецкий автономный округ (Тюменская область),227,75.73568281938326,9804.726368159205,227,Салехард,г. Салехард,71951000001
Ямало-Ненецкий автономный округ (Тюменская область),227,75.73568281938326,9804.726368159205,227,Новый Уренгой,г. Новый Уренгой,71956000001
Ямало-Ненецкий автономный округ (Тюменская область),227,75.73568281938326,9804.726368159205,227,Красноселькупский муниципальный район,с. Красноселькуп,71634411106
Ямало-Ненецкий автономный округ (Тюменская область),227,75.73568281938326,9804.726368159205,227,Красноселькупский муниципальный район,с. Красноселькуп,71634411106
Ямало-Ненецкий автономный округ (Тюменская область),227,75.73568281938326,9804.726368159205,227,Пуровский муниципальный район,г. Тарко-Сале,71920105001
Ямало-Ненецкий автономный округ (Тюменская область),227,75.73568281938326,9804.726368159205,227,Пуровский муниципальный район,пгт. Уренгой,71920159051
Ямало-Ненецкий автономный округ (Тюменская область),227,75.73568281938326,9804.726368159205,227,Пуровский муниципальный район,с. Самбург,71920407000
Ямало-Ненецкий автономный округ (Тюменская область),227,75.73568281938326,9804.726368159205,227,Надымский муниципальный район,г. Надым,71936000001
Ямало-Ненецкий автономный округ (Тюменская область),227,75.73568281938326,9804.726368159205,227,Надымский муниципальный район,пгт. Пангоды,71916156051
Ямало-Ненецкий автономный округ (Тюменская область),227,75.73568281938326,9804.726368159205,227,Пуровский муниципальный район,г. Тарко-Сале,71920105001
Ямало-Ненецкий автономный округ (Тюменская область),227,75.73568281938326,9804.726368159205,227,Красноселькупский муниципальный район,с. Красноселькуп,71634411106
Ямало-Ненецкий автономный округ (Тюменская область),227,75.73568281938326,9804.726368159205,227,Красноселькупский муниципальный район,с. Красноселькуп,71634411106
Ямало-Ненецкий автономный округ (Тюменская область),227,75.73568281938326,9804.726368159205,227,Надымский муниципальный район,с. Ныда,71916404000
Ямало-Ненецкий автономный округ (Тюменская область),227,75.73568281938326,9804.726368159205,227,Надымский муниципальный район,с. Ныда,71916404000
Ямало-Ненецкий автономный округ (Тюменская область),227,75.73568281938326,9804.726368159205,227,Пуровский муниципальный район,г. Тарко-Сале,71920105001
Ямало-Ненецкий автономный округ (Тюменская область),227,75.73568281938326,9804.726368159205,227,Пуровский муниципальный район,пгт. Уренгой,71920159051
Ямало-Ненецкий автономный округ (Тюменская область),227,75.73568281938326,9804.726368159205,227,Пуровский муниципальный район,с. Самбург,71920407000
Ямало-Ненецкий автономный округ (Тюменская область),227,75.73568281938326,9804.726368159205,227,Надымский муниципальный район,г. Надым,71936000001
Ямало-Ненецкий автономный округ (Тюменская область),227,75.73568281938326,9804.726368159205,227,Красноселькупский муниципальный район,с. Красноселькуп,71634411106
Ямало-Ненецкий автономный округ (Тюменская область),227,75.73568281938326,9804.726368159205,227,Красноселькупский муниципальный район,с. Красноселькуп,71634411106
Республика Марий Эл,3,47.25,0.0,3,Горномарийский район,д. Красное Селище,88608455161
Республика Марий Эл,3,47.25,0.0,3,Юринский район,с. Марьино,88656466101
Республика Марий Эл,3,47.25,0.0,3,Звениговский район,пгт. Красногорский,88612162051
Республика Адыгея (Адыгея),2,5683.0,500.0,2,Городской округ Майкоп,г. Майкоп,79701000001
Республика Адыгея (Адыгея),2,5683.0,500.0,2,Городской округ Майкоп,г. Майкоп,79701000001
Республика Бурятия,16,56.875,32242.85714285714,16,Закаменский район,г. Закаменск,81621101001
Республика Бурятия,16,56.875,32242.85714285714,16,Закаменский район,г. Закаменск,81621101001
Республика Бурятия,16,56.875,32242.85714285714,16,Закаменский район,г. Закаменск,81621101001
Республика Бурятия,16,56.875,32242.85714285714,16,Борзинский район,с. Соловьевск,76609464101
Республика Бурятия,16,56.875,32242.85714285714,16,Закаменский район,г. Закаменск,81621101001
Республика Бурятия,16,56.875,32242.85714285714,16,Закаменский район,г. Закаменск,81621101001
Республика Бурятия,16,56.875,32242.85714285714,16,Закаменский район,г. Закаменск,81621101001
Республика Бурятия,16,56.875,32242.85714285714,16,Закаменский район,г. Закаменск,81621101001
Республика Бурятия,16,56.875,32242.85714285714,16,Улан-Удэ,г. Улан-Удэ,81701000001
Республика Бурятия,16,56.875,32242.85714285714,16,Закаменский район,г. Закаменск,81621101001
Республика Бурятия,16,56.875,32242.85714285714,16,Закаменский район,г. Закаменск,81621101001
Республика Бурятия,16,56.875,32242.85714285714,16,Закаменский район,г. Закаменск,81621101001
Республика Бурятия,16,56.875,32242.85714285714,16,Закаменский район,г. Закаменск,81621101001
Республика Бурятия,16,56.875,32242.85714285714,16,Закаменский район,г. Закаменск,81621101001
Республика Бурятия,16,56.875,32242.85714285714,16,Закаменский район,г. Закаменск,81621101001
Республика Бурятия,16,56.875,32242.85714285714,16,Борзинский район,с. Соловьевск,76609464101
Томская область,1,100.0,0.0,1,Каргасокский район,с. Новый Васюган,69624440101
Новгородская область,7,58.142857142857146,5055.888888888889,7,Чудовский муниципальный район,д. Торфяное,49650430201
Новгородская область,7,58.142857142857146,5055.888888888889,7,Чудовский муниципальный район,д. Торфяное,49650430201
Новгородская область,7,58.142857142857146,5055.888888888889,7,Шимский муниципальный район,рп. Шимск,49655151051
Новгородская область,7,58.142857142857146,5055.888888888889,7,Шимский муниципальный район,рп. Шимск,49655151051
Новгородская область,7,58.142857142857146,5055.888888888889,7,Шимский муниципальный район,рп. Шимск,49655151051
Новгородская область,7,58.142857142857146,5055.888888888889,7,Шимский муниципальный район,рп. Шимск,49655151051
Новгородская область,7,58.142857142857146,5055.888888888889,7,Чудовский муниципальный район,д. Сябреницы,49650430196
Московская область,46,17.961351351351357,286.5,37,Талдомский,рп. Вербилки,46778000056
Московская область,46,17.961351351351357,286.5,37,Талдомский,рп. Вербилки,46778000056
Московская область,46,17.961351351351357,286.5,37,Талдомский,рп. Вербилки,46778000056
Московская область,46,17.961351351351357,286.5,37,Талдомский,рп. Вербилки,46778000056
Московская область,46,17.961351351351357,286.5,37,Талдомский,рп. Вербилки,46778000056
Московская область,46,17.961351351351357,286.5,37,Талдомский,рп. Вербилки,46778000056
Московская область,46,17.961351351351357,286.5,37,Талдомский,рп. Вербилки,46778000056
Московская область,46,17.961351351351357,286.5,37,Талдомский,рп. Вербилки,46778000056
Московская область,46,17.961351351351357,286.5,37,Талдомский,рп. Вербилки,46778000056
Московская область,46,17.961351351351357,286.5,37,Талдомский,рп. Вербилки,46778000056
Московская область,46,17.961351351351357,286.5,37,Талдомский,рп. Вербилки,46778000056
Московская область,46,17.961351351351357,286.5,37,Талдомский,рп. Вербилки,46778000056
Московская область,46,17.961351351351357,286.5,37,Талдомский,рп. Вербилки,46778000056
Московская область,46,17.961351351351357,286.5,37,Талдомский,рп. Вербилки,46778000056
Московская область,46,17.961351351351357,286.5,37,Талдомский,рп. Вербилки,46778000056
Московская область,46,17.961351351351357,286.5,37,Талдомский,рп. Вербилки,46778000056
Московская область,46,17.961351351351357,286.5,37,Талдомский,рп. Вербилки,46778000056
Московская область,46,17.961351351351357,286.5,37,Талдомский,рп. Вербилки,46778000056
Московская область,46,17.961351351351357,286.5,37,Талдомский,рп. Вербилки,46778000056
Московская область,46,17.961351351351357,286.5,37,Талдомский,рп. Вербилки,46778000056
Московская область,46,17.961351351351357,286.5,37,Домодедово,д. Новлянское,46709000491
Московская область,46,17.961351351351357,286.5,37,Домодедово,д. Новлянское,46709000491
Московская область,46,17.961351351351357,286.5,37,Домодедово,д. Истомиха,46709000291
Московская область,46,17.961351351351357,286.5,37,Домодедово,д. Истомиха,46709000291
Московская область,46,17.961351351351357,286.5,37,Раменский,д. Плетениха,46648434161
Московская область,46,17.961351351351357,286.5,37,Раменский,д. Плетениха,46648434161
Московская область,46,17.961351351351357,286.5,37,Раменский,д. Малое Саврасово,46648434151
Московская область,46,17.961351351351357,286.5,37,Рошаль,г. Рошаль,46786000006
Московская область,46,17.961351351351357,286.5,37,Рошаль,г. Рошаль,46786000006
Московская область,46,17.961351351351357,286.5,37,Серпухов,г. Серпухов,46770000001
Московская область,46,17.961351351351357,286.5,37,Рошаль,г. Рошаль,46786000006
Московская область,46,17.961351351351357,286.5,37,Щёлковский,г. Щелково,46788000001
Московская область,46,17.961351351351357,286.5,37,Одинцовский,д. Большое Сареево,46755000189
Московская область,46,17.961351351351357,286.5,37,Щёлковский,г. Щелково,46788000001
Московская область,46,17.961351351351357,286.5,37,Щёлковский,г. Щелково,46788000001
Московская область,46,17.961351351351357,286.5,37,Королёв,г. Королев,46734000001
Московская область,46,17.961351351351357,286.5,37,Королёв,г. Королев,46734000001
Ханты-Мансийский автономный округ - Югра (Тюменская область),93,41.43032258064516,12706.382978723404,93,Октябрьский район,пгт. Октябрьское,71821151
Ханты-Мансийский автономный округ - Югра (Тюменская область),93,41.43032258064516,12706.382978723404,93,Октябрьский район,пгт. Октябрьское,71821151
Ханты-Мансийский автономный округ - Югра (Тюменская область),93,41.43032258064516,12706.382978723404,93,Октябрьский район,пгт. Октябрьское,71821151
Ханты-Мансийский автономный округ - Югра (Тюменская область),93,41.43032258064516,12706.382978723404,93,Октябрьский район,пгт. Октябрьское,71821151
Ханты-Мансийский автономный округ - Югра (Тюменская область),93,41.43032258064516,12706.382978723404,93,Октябрьский район,пгт. Октябрьское,71821151
Ханты-Мансийский автономный округ - Югра (Тюменская область),93,41.43032258064516,12706.382978723404,93,Октябрьский район,пгт. Октябрьское,71821151
Ханты-Мансийский автономный округ - Югра (Тюменская область),93,41.43032258064516,12706.382978723404,93,Сургут,г. Сургут,71876000001
Ханты-Мансийский автономный округ - Югра (Тюменская область),93,41.43032258064516,12706.382978723404,93,Сургут,г. Сургут,71876000001
Ханты-Мансийский автономный округ - Югра (Тюменская область),93,41.43032258064516,12706.382978723404,93,Сургут,г. Сургут,71876000001
Ханты-Мансийский автономный округ - Югра (Тюменская область),93,41.43032258064516,12706.382978723404,93,Сургут,г. Сургут,71876000001
Ханты-Мансийский автономный округ - Югра (Тюменская область),93,41.43032258064516,12706.382978723404,93,Нижневартовск,г. Нижневартовск,71875000001
Ханты-Мансийский автономный округ - Югра (Тюменская область),93,41.43032258064516,12706.382978723404,93,Нефтеюганск,г. Нефтеюганск,71874000001
Ханты-Мансийский автономный округ - Югра (Тюменская область),93,41.43032258064516,12706.382978723404,93,Нефтеюганск,г. Нефтеюганск,71874000001
Ханты-Мансийский автономный округ - Югра (Тюменская область),93,41.43032258064516,12706.382978723404,93,Нефтеюганск,г. Нефтеюганск,71874000001
Ханты-Мансийский автономный округ - Югра (Тюменская область),93,41.43032258064516,12706.382978723404,93,Нефтеюганск,г. Нефтеюганск,71874000001
Ханты-Мансийский автономный округ - Югра (Тюменская область),93,41.43032258064516,12706.382978723404,93,Нефтеюганск,г. Нефтеюганск,71874000001
Ханты-Мансийский автономный округ - Югра (Тюменская область),93,41.43032258064516,12706.382978723404,93,Лангепас,г. Лангепас,71872000001
Ханты-Мансийский автономный округ - Югра (Тюменская область),93,41.43032258064516,12706.382978723404,93,Лангепас,г. Лангепас,71872000001
Ханты-Мансийский автономный округ - Югра (Тюменская область),93,41.43032258064516,12706.382978723404,93,Лангепас,г. Лангепас,71872000001
Ханты-Мансийский автономный округ - Югра (Тюменская область),93,41.43032258064516,12706.382978723404,93,Октябрьский район,пгт. Октябрьское,71821151
Ханты-Мансийский автономный округ - Югра (Тюменская область),93,41.43032258064516,12706.382978723404,93,Октябрьский район,пгт. Октябрьское,71821151
Ханты-Мансийский автономный округ - Югра (Тюменская область),93,41.43032258064516,12706.382978723404,93,Октябрьский район,пгт. Октябрьское,71821151
Ханты-Мансийский автономный округ - Югра (Тюменская область),93,41.43032258064516,12706.382978723404,93,Октябрьский район,пгт. Октябрьское,71821151
Ханты-Мансийский автономный округ - Югра (Тюменская область),93,41.43032258064516,12706.382978723404,93,Октябрьский район,пгт. Октябрьское,71821151
Ханты-Мансийский автономный округ - Югра (Тюменская область),93,41.43032258064516,12706.382978723404,93,Октябрьский район,пгт. Октябрьское,71821151
Ханты-Мансийский автономный округ - Югра (Тюменская область),93,41.43032258064516,12706.382978723404,93,Октябрьский район,пгт. Октябрьское,71821151
Ханты-Мансийский автономный округ - Югра (Тюменская область),93,41.43032258064516,12706.382978723404,93,Октябрьский район,пгт. Октябрьское,71821151
Ханты-Мансийский автономный округ - Югра (Тюменская область),93,41.43032258064516,12706.382978723404,93,Нижневартовск,г. Нижневартовск,71875000001
Ханты-Мансийский автономный округ - Югра (Тюменская область),93,41.43032258064516,12706.382978723404,93,Октябрьский район,пгт. Октябрьское,71821151
Ханты-Мансийский автономный округ - Югра (Тюменская область),93,41.43032258064516,12706.382978723404,93,Октябрьский район,пгт. Октябрьское,71821151
Ханты-Мансийский автономный округ - Югра (Тюменская область),93,41.43032258064516,12706.382978723404,93,Белоярский район,р-н. Белоярский,71811151001
Ханты-Мансийский автономный округ - Югра (Тюменская область),93,41.43032258064516,12706.382978723404,93,Сургут,г. Сургут,71876000001
Ханты-Мансийский автономный округ - Югра (Тюменская область),93,41.43032258064516,12706.382978723404,93,Сургут,г. Сургут,71876000001
Ханты-Мансийский автономный округ - Югра (Тюменская область),93,41.43032258064516,12706.382978723404,93,Нижневартовск,г. Нижневартовск,71875000001
Ханты-Мансийский автономный округ - Югра (Тюменская область),93,41.43032258064516,12706.382978723404,93,Нефтеюганск,г. Нефтеюганск,71874000001
Ханты-Мансийский автономный округ - Югра (Тюменская область),93,41.43032258064516,12706.382978723404,93,Нефтеюганск,г. Нефтеюганск,71874000001
Ханты-Мансийский автономный округ - Югра (Тюменская область),93,41.43032258064516,12706.382978723404,93,Урай,г. Урай,71878000001
Ханты-Мансийский автономный округ - Югра (Тюменская область),93,41.43032258064516,12706.382978723404,93,Урай,г. Урай,71878000001
Ханты-Мансийский автономный округ - Югра (Тюменская область),93,41.43032258064516,12706.382978723404,93,Урай,г. Урай,71878000001
Ханты-Мансийский автономный округ - Югра (Тюменская область),93,41.43032258064516,12706.382978723404,93,Урай,г. Урай,71878000001
Ханты-Мансийский автономный округ - Югра (Тюменская область),93,41.43032258064516,12706.382978723404,93,Берёзовский район,пгт. Березово,71812151051
Ханты-Мансийский автономный округ - Югра (Тюменская область),93,41.43032258064516,12706.382978723404,93,Берёзовский район,пгт. Березово,71812151051
Ханты-Мансийский автономный округ - Югра (Тюменская область),93,41.43032258064516,12706.382978723404,93,Сургутский район,г. Лянтор,71826105001
Ханты-Мансийский автономный округ - Югра (Тюменская область),93,41.43032258064516,12706.382978723404,93,Урай,г. Урай,71878000001
Ханты-Мансийский автономный округ - Югра (Тюменская область),93,41.43032258064516,12706.382978723404,93,Берёзовский район,пгт. Березово,71812151051
Ханты-Мансийский автономный округ - Югра (Тюменская область),93,41.43032258064516,12706.382978723404,93,Берёзовский район,пгт. Березово,71812151051
Ханты-Мансийский автономный округ - Югра (Тюменская область),93,41.43032258064516,12706.382978723404,93,Сургутский район,г. Лянтор,71826105001
Ханты-Мансийский автономный округ - Югра (Тюменская область),93,41.43032258064516,12706.382978723404,93,Октябрьский район,пгт. Октябрьское,71821151
Ханты-Мансийский автономный округ - Югра (Тюменская область),93,41.43032258064516,12706.382978723404,93,Октябрьский район,пгт. Октябрьское,71821151
Ханты-Мансийский автономный округ - Югра (Тюменская область),93,41.43032258064516,12706.382978723404,93,Октябрьский район,пгт. Октябрьское,71821151
Ханты-Мансийский автономный округ - Югра (Тюменская область),93,41.43032258064516,12706.382978723404,93,Кондинский район,с. Болчары,71816408101
Ханты-Мансийский автономный округ - Югра (Тюменская область),93,41.43032258064516,12706.382978723404,93,Ханты-Мансийский район,п. Выкатной,71829435101
Ханты-Мансийский автономный округ - Югра (Тюменская область),93,41.43032258064516,12706.382978723404,93,Белоярский район,р-н. Белоярский,71811151001
Ханты-Мансийский автономный округ - Югра (Тюменская область),93,41.43032258064516,12706.382978723404,93,Белоярский район,р-н. Белоярский,71811151001
Ханты-Мансийский автономный округ - Югра (Тюменская область),93,41.43032258064516,12706.382978723404,93,Белоярский район,с. Полноват,71811415101
Ханты-Мансийский автономный округ - Югра (Тюменская область),93,41.43032258064516,12706.382978723404,93,Ханты-Мансийский район,д. Белогорье,71829416106
Ханты-Мансийский автономный округ - Югра (Тюменская область),93,41.43032258064516,12706.382978723404,93,Ханты-Мансийский район,д. Белогорье,71829416106
Ханты-Мансийский автономный округ - Югра (Тюменская область),93,41.43032258064516,12706.382978723404,93,Октябрьский район,пгт. Октябрьское,71821151
Ханты-Мансийский автономный округ - Югра (Тюменская область),93,41.43032258064516,12706.382978723404,93,Октябрьский район,пгт. Октябрьское,71821151
Ханты-Мансийский автономный округ - Югра (Тюменская область),93,41.43032258064516,12706.382978723404,93,Нижневартовск,г. Нижневартовск,71875000001
Ханты-Мансийский автономный округ - Югра (Тюменская область),93,41.43032258064516,12706.382978723404,93,Урай,г. Урай,71878000001
Ханты-Мансийский автономный округ - Югра (Тюменская область),93,41.43032258064516,12706.382978723404,93,Урай,г. Урай,71878000001
Ханты-Мансийский автономный округ - Югра (Тюменская область),93,41.43032258064516,12706.382978723404,93,Урай,г. Урай,71878000001
Ханты-Мансийский автономный округ - Югра (Тюменская область),93,41.43032258064516,12706.382978723404,93,Урай,г. Урай,71878000001
Ханты-Мансийский автономный округ - Югра (Тюменская область),93,41.43032258064516,12706.382978723404,93,Ханты-Мансийск,г. Ханты-Мансийск,71871000001
Ханты-Мансийский автономный округ - Югра (Тюменская область),93,41.43032258064516,12706.382978723404,93,Ханты-Мансийск,г. Ханты-Мансийск,71871000001
Ханты-Мансийский автономный округ - Югра (Тюменская область),93,41.43032258064516,12706.382978723404,93,Белоярский район,с. Казым,71811410101
Ханты-Мансийский автономный округ - Югра (Тюменская область),93,41.43032258064516,12706.382978723404,93,Октябрьский район,пгт. Октябрьское,71821151
Ханты-Мансийский автономный округ - Югра (Тюменская область),93,41.43032258064516,12706.382978723404,93,Октябрьский район,пгт. Октябрьское,71821151
Ханты-Мансийский автономный округ - Югра (Тюменская область),93,41.43032258064516,12706.382978723404,93,Октябрьский район,пгт. Октябрьское,71821151
Ханты-Мансийский автономный округ - Югра (Тюменская область),93,41.43032258064516,12706.382978723404,93,Октябрьский район,пгт. Октябрьское,71821151
Ханты-Мансийский автономный округ - Югра (Тюменская область),93,41.43032258064516,12706.382978723404,93,Берёзовский район,пгт. Березово,71812151051
Ханты-Мансийский автономный округ - Югра (Тюменская область),93,41.43032258064516,12706.382978723404,93,Берёзовский район,пгт. Березово,71812151051
Ханты-Мансийский автономный округ - Югра (Тюменская область),93,41.43032258064516,12706.382978723404,93,Октябрьский район,пгт. Октябрьское,71821151
Ханты-Мансийский автономный округ - Югра (Тюменская область),93,41.43032258064516,12706.382978723404,93,Октябрьский район,пгт. Октябрьское,71821151
Ханты-Мансийский автономный округ - Югра (Тюменская область),93,41.43032258064516,12706.382978723404,93,Октябрьский район,пгт. Октябрьское,71821151
Ханты-Мансийский автономный округ - Югра (Тюменская область),93,41.43032258064516,12706.382978723404,93,Октябрьский район,пгт. Октябрьское,71821151
Ханты-Мансийский автономный округ - Югра (Тюменская область),93,41.43032258064516,12706.382978723404,93,Октябрьский район,пгт. Октябрьское,71821151
Ханты-Мансийский автономный округ - Югра (Тюменская область),93,41.43032258064516,12706.382978723404,93,Октябрьский район,пгт. Октябрьское,71821151
Ханты-Мансийский автономный округ - Югра (Тюменская область),93,41.43032258064516,12706.382978723404,93,Октябрьский район,пгт. Октябрьское,71821151
Ханты-Мансийский автономный округ - Югра (Тюменская область),93,41.43032258064516,12706.382978723404,93,Октябрьский район,пгт. Октябрьское,71821151
Ханты-Мансийский автономный округ - Югра (Тюменская область),93,41.43032258064516,12706.382978723404,93,Сургутский район,с. Сытомино,71826436101
Ханты-Мансийский автономный округ - Югра (Тюменская область),93,41.43032258064516,12706.382978723404,93,Октябрьский район,пгт. Октябрьское,71821151
Ханты-Мансийский автономный округ - Югра (Тюменская область),93,41.43032258064516,12706.382978723404,93,Октябрьский район,пгт. Октябрьское,71821151
Ханты-Мансийский автономный округ - Югра (Тюменская область),93,41.43032258064516,12706.382978723404,93,Октябрьский район,пгт. Октябрьское,71821151
Ханты-Мансийский автономный округ - Югра (Тюменская область),93,41.43032258064516,12706.382978723404,93,Октябрьский район,пгт. Октябрьское,71821151
Ханты-Мансийский автономный округ - Югра (Тюменская область),93,41.43032258064516,12706.382978723404,93,Октябрьский район,пгт. Октябрьское,71821151
Ханты-Мансийский автономный округ - Югра (Тюменская область),93,41.43032258064516,12706.382978723404,93,Октябрьский район,пгт. Октябрьское,71821151
Ханты-Мансийский автономный округ - Югра (Тюменская область),93,41.43032258064516,12706.382978723404,93,Ханты-Мансийск,г. Ханты-Мансийск,71871000001
Ханты-Мансийский автономный округ - Югра (Тюменская область),93,41.43032258064516,12706.382978723404,93,Ханты-Мансийск,г. Ханты-Мансийск,71871000001
Ханты-Мансийский автономный округ - Югра (Тюменская область),93,41.43032258064516,12706.382978723404,93,Сургут,г. Сургут,71876000001
Ханты-Мансийский автономный округ - Югра (Тюменская область),93,41.43032258064516,12706.382978723404,93,Ханты-Мансийский район,п. Выкатной,71829435101
Ханты-Мансийский автономный округ - Югра (Тюменская область),93,41.43032258064516,12706.382978723404,93,Берёзовский район,пгт. Березово,71812151051
Кировская область,22,197.87727272727273,10619.666666666666,22,Кильмезский район,п. Осиновка,33617444136
Кировская область,22,197.87727272727273,10619.666666666666,22,Кильмезский район,п. Осиновка,33617444136
Кировская область,22,197.87727272727273,10619.666666666666,22,Вятскополянский район,с. Новый Бурец,33610410101
Кировская область,22,197.87727272727273,10619.666666666666,22,Киров,г. Киров,33701000001
Кировская область,22,197.87727272727273,10619.666666666666,22,Киров,г. Киров,33701000001
Кировская область,22,197.87727272727273,10619.666666666666,22,Кильмезский район,п. Осиновка,33617444136
Кировская область,22,197.87727272727273,10619.666666666666,22,Кильмезский район,п. Осиновка,33617444136
Кировская область,22,197.87727272727273,10619.666666666666,22,Кильмезский район,п. Осиновка,33617444136
Кировская область,22,197.87727272727273,10619.666666666666,22,Кильмезский район,п. Осиновка,33617444136
Кировская область,22,197.87727272727273,10619.666666666666,22,Кильмезский район,п. Осиновка,33617444136
Кировская область,22,197.87727272727273,10619.666666666666,22,Кильмезский район,п. Осиновка,33617444136
Кировская область,22,197.87727272727273,10619.666666666666,22,Кильмезский район,п. Осиновка,33617444136
Кировская область,22,197.87727272727273,10619.666666666666,22,Кильмезский район,п. Осиновка,33617444136
Кировская область,22,197.87727272727273,10619.666666666666,22,Кирово-Чепецкий район,с. Пасегово,33618428101
Кировская область,22,197.87727272727273,10619.666666666666,22,Кирово-Чепецкий район,с. Пасегово,33618428101
Кировская область,22,197.87727272727273,10619.666666666666,22,Кирово-Чепецкий район,с. Пасегово,33618428101
Кировская область,22,197.87727272727273,10619.666666666666,22,Киров,д. Рубцы,33701000581
Кировская область,22,197.87727272727273,10619.666666666666,22,Слободской район,г. Слободской,33713000
Кировская область,22,197.87727272727273,10619.666666666666,22,Киров,г. Киров,33701000001
Кировская область,22,197.87727272727273,10619.666666666666,22,Киров,г. Киров,33701000001
Кировская область,22,197.87727272727273,10619.666666666666,22,Киров,г. Киров,33701000001
Кировская область,22,197.87727272727273,10619.666666666666,22,Советский район,г. Советск,33636101001
Тверская область,27,74.36666666666667,10350.0,27,Город Тверь,г. Тверь,28701000001
Тверская область,27,74.36666666666667,10350.0,27,Бежецкий район,г. Бежецк,28604101001
Тверская область,27,74.36666666666667,10350.0,27,Бежецкий район,г. Бежецк,28604101001
Тверская область,27,74.36666666666667,10350.0,27,Бежецкий район,д. Ильицино,28604419146
Тверская область,27,74.36666666666667,10350.0,27,Максатихинский район,пгт. Максатиха,28640151051
Тверская область,27,74.36666666666667,10350.0,27,Максатихинский район,пгт. Максатиха,28640151051
Тверская область,27,74.36666666666667,10350.0,27,Максатихинский район,пгт. Максатиха,28640151051
Тверская область,27,74.36666666666667,10350.0,27,Бежецкий район,г. Бежецк,28604101001
Тверская область,27,74.36666666666667,10350.0,27,Город Тверь,г. Тверь,28701000001
Тверская область,27,74.36666666666667,10350.0,27,Город Тверь,г. Тверь,28701000001
Тверская область,27,74.36666666666667,10350.0,27,Город Тверь,г. Тверь,28701000001
Тверская область,27,74.36666666666667,10350.0,27,Максатихинский район,пгт. Максатиха,28640151051
Тверская область,27,74.36666666666667,10350.0,27,Максатихинский район,пгт. Максатиха,28640151051
Тверская область,27,74.36666666666667,10350.0,27,Максатихинский район,пгт. Максатиха,28640151051
Тверская область,27,74.36666666666667,10350.0,27,Кашинский район,г. Кашин,28758000001
Тверская область,27,74.36666666666667,10350.0,27,Город Тверь,г. Тверь,28701000001
Тверская область,27,74.36666666666667,10350.0,27,Конаковский район,д. Безбородово,28630414111
Тверская область,27,74.36666666666667,10350.0,27,Бежецкий район,г. Бежецк,28604101001
Тверская область,27,74.36666666666667,10350.0,27,Бежецкий район,г. Бежецк,28604101001
Тверская область,27,74.36666666666667,10350.0,27,Конаковский район,д. Безбородово,28630414111
Тверская область,27,74.36666666666667,10350.0,27,Конаковский район,д. Безбородово,28630414111
Тверская область,27,74.36666666666667,10350.0,27,Бежецкий район,г. Бежецк,28604101001
Тверская область,27,74.36666666666667,10350.0,27,Бежецкий район,г. Бежецк,28604101001
Тверская область,27,74.36666666666667,10350.0,27,Конаковский район,г. Конаково,28630101001
Тверская область,27,74.36666666666667,10350.0,27,Конаковский район,г. Конаково,28630101001
Тверская область,27,74.36666666666667,10350.0,27,Максатихинский район,пгт. Максатиха,28640151051
Тверская область,27,74.36666666666667,10350.0,27,Максатихинский район,пгт. Максатиха,28640151051
Пермский край,393,742.5348600508906,43950.07530120482,393,Губаха,г. Губаха,57717000001
Пермский край,393,742.5348600508906,43950.07530120482,393,Добрянский район,с. Перемское,57718000231
Пермский край,393,742.5348600508906,43950.07530120482,393,Губаха,г. Губаха,57717000001
Пермский край,393,742.5348600508906,43950.07530120482,393,Губаха,г. Губаха,57717000001
Пермский край,393,742.5348600508906,43950.07530120482,393,Губаха,г. Губаха,57717000001
Пермский край,393,742.5348600508906,43950.07530120482,393,Губаха,г. Губаха,57717000001
Пермский край,393,742.5348600508906,43950.07530120482,393,Губаха,г. Губаха,57717000001
Пермский край,393,742.5348600508906,43950.07530120482,393,Губаха,г. Губаха,57717000001
Пермский край,393,742.5348600508906,43950.07530120482,393,Губаха,г. Губаха,57717000001
Пермский край,393,742.5348600508906,43950.07530120482,393,Добрянский район,г. Добрянка,57718000001
Пермский край,393,742.5348600508906,43950.07530120482,393,Губаха,г. Губаха,57717000001
Пермский край,393,742.5348600508906,43950.07530120482,393,Чайковский район,г. Чайковский,57735000001
Пермский край,393,742.5348600508906,43950.07530120482,393,Карагайский район,с. Рождественск,57622434101
Пермский край,393,742.5348600508906,43950.07530120482,393,Чернушинский район,г. Чернушка,57757000001
Пермский край,393,742.5348600508906,43950.07530120482,393,Губаха,г. Губаха,57717000001
Пермский край,393,742.5348600508906,43950.07530120482,393,Губаха,г. Губаха,57717000001
Пермский край,393,742.5348600508906,43950.07530120482,393,Александровский район,рп. Всеволодо-Вильва,57605154051
Пермский край,393,742.5348600508906,43950.07530120482,393,Александровский район,рп. Всеволодо-Вильва,57605154051
Пермский край,393,742.5348600508906,43950.07530120482,393,Губаха,г. Губаха,57717000001
Пермский край,393,742.5348600508906,43950.07530120482,393,Кизеловский район,г. Кизел,57719000001
Пермский край,393,742.5348600508906,43950.07530120482,393,Кизеловский район,г. Кизел,57719000001
Пермский край,393,742.5348600508906,43950.07530120482,393,Губаха,г. Губаха,57717000001
Пермский край,393,742.5348600508906,43950.07530120482,393,Губаха,г. Губаха,57717000001
Пермский край,393,742.5348600508906,43950.07530120482,393,Губаха,г. Губаха,57717000001
Пермский край,393,742.5348600508906,43950.07530120482,393,Чердынский район,г. Чердынь,57756000001
Пермский край,393,742.5348600508906,43950.07530120482,393,Губаха,г. Губаха,57717000001
Пермский край,393,742.5348600508906,43950.07530120482,393,Березники,г. Березники,57708000001
Пермский край,393,742.5348600508906,43950.07530120482,393,Александровский район,рп. Всеволодо-Вильва,57605154051
Пермский край,393,742.5348600508906,43950.07530120482,393,Александровский район,рп. Всеволодо-Вильва,57605154051
Пермский край,393,742.5348600508906,43950.07530120482,393,Кизеловский район,г. Кизел,57719000001
Пермский край,393,742.5348600508906,43950.07530120482,393,Кизеловский район,г. Кизел,57719000001
Пермский край,393,742.5348600508906,43950.07530120482,393,Александровский район,рп. Всеволодо-Вильва,57605154051
Пермский край,393,742.5348600508906,43950.07530120482,393,Александровский район,рп. Всеволодо-Вильва,57605154051
Пермский край,393,742.5348600508906,43950.07530120482,393,Кизеловский район,г. Кизел,57719000001
Пермский край,393,742.5348600508906,43950.07530120482,393,Кизеловский район,г. Кизел,57719000001
Пермский край,393,742.5348600508906,43950.07530120482,393,Александровский район,рп. Всеволодо-Вильва,57605154051
Пермский край,393,742.5348600508906,43950.07530120482,393,Кизеловский район,г. Кизел,57719000001
Пермский край,393,742.5348600508906,43950.07530120482,393,Александровский район,рп. Всеволодо-Вильва,57605154051
Пермский край,393,742.5348600508906,43950.07530120482,393,Александровский район,рп. Всеволодо-Вильва,57605154051
Пермский край,393,742.5348600508906,43950.07530120482,393,Кизеловский район,г. Кизел,57719000001
Пермский край,393,742.5348600508906,43950.07530120482,393,Кизеловский район,г. Кизел,57719000001
Пермский край,393,742.5348600508906,43950.07530120482,393,Александровский район,рп. Всеволодо-Вильва,57605154051
Пермский край,393,742.5348600508906,43950.07530120482,393,Кизеловский район,г. Кизел,57719000001
Пермский край,393,742.5348600508906,43950.07530120482,393,Кизеловский район,г. Кизел,57719000001
Пермский край,393,742.5348600508906,43950.07530120482,393,Александровский район,рп. Всеволодо-Вильва,57605154051
Пермский край,393,742.5348600508906,43950.07530120482,393,Кизеловский район,г. Кизел,57719000001
Пермский край,393,742.5348600508906,43950.07530120482,393,Кизеловский район,г. Кизел,57719000001
Пермский край,393,742.5348600508906,43950.07530120482,393,Александровский район,рп. Всеволодо-Вильва,57605154051
Пермский край,393,742.5348600508906,43950.07530120482,393,Александровский район,рп. Всеволодо-Вильва,57605154051
Пермский край,393,742.5348600508906,43950.07530120482,393,Кизеловский район,г. Кизел,57719000001
Пермский край,393,742.5348600508906,43950.07530120482,393,Кизеловский район,г. Кизел,57719000001
Пермский край,393,742.5348600508906,43950.07530120482,393,Александровский район,рп. Всеволодо-Вильва,57605154051
Пермский край,393,742.5348600508906,43950.07530120482,393,Кизеловский район,г. Кизел,57719000001
Пермский край,393,742.5348600508906,43950.07530120482,393,Кизеловский район,г. Кизел,57719000001
Пермский край,393,742.5348600508906,43950.07530120482,393,Александровский район,рп. Всеволодо-Вильва,57605154051
Пермский край,393,742.5348600508906,43950.07530120482,393,Александровский район,рп. Всеволодо-Вильва,57605154051
Пермский край,393,742.5348600508906,43950.07530120482,393,Пермь,г. Пермь,57701000001
Пермский край,393,742.5348600508906,43950.07530120482,393,Кизеловский район,г. Кизел,57719000001
Пермский край,393,742.5348600508906,43950.07530120482,393,Кизеловский район,г. Кизел,57719000001
Пермский край,393,742.5348600508906,43950.07530120482,393,Александровский район,рп. Всеволодо-Вильва,57605154051
Пермский край,393,742.5348600508906,43950.07530120482,393,Александровский район,рп. Всеволодо-Вильва,57605154051
Пермский край,393,742.5348600508906,43950.07530120482,393,Губаха,г. Губаха,57717000001
Пермский край,393,742.5348600508906,43950.07530120482,393,Кизеловский район,г. Кизел,57719000001
Пермский край,393,742.5348600508906,43950.07530120482,393,Кизеловский район,г. Кизел,57719000001
Пермский край,393,742.5348600508906,43950.07530120482,393,Александровский район,рп. Всеволодо-Вильва,57605154051
Пермский край,393,742.5348600508906,43950.07530120482,393,Александровский район,рп. Всеволодо-Вильва,57605154051
Пермский край,393,742.5348600508906,43950.07530120482,393,Кизеловский район,г. Кизел,57719000001
Пермский край,393,742.5348600508906,43950.07530120482,393,Кизеловский район,г. Кизел,57719000001
Пермский край,393,742.5348600508906,43950.07530120482,393,Александровский район,рп. Всеволодо-Вильва,57605154051
Пермский край,393,742.5348600508906,43950.07530120482,393,Александровский район,рп. Всеволодо-Вильва,57605154051
Пермский край,393,742.5348600508906,43950.07530120482,393,Губаха,г. Губаха,57717000001
Пермский край,393,742.5348600508906,43950.07530120482,393,Кизеловский район,г. Кизел,57719000001
Пермский край,393,742.5348600508906,43950.07530120482,393,Кизеловский район,г. Кизел,57719000001
Пермский край,393,742.5348600508906,43950.07530120482,393,Александровский район,рп. Всеволодо-Вильва,57605154051
Пермский край,393,742.5348600508906,43950.07530120482,393,Кизеловский район,г. Кизел,57719000001
Пермский край,393,742.5348600508906,43950.07530120482,393,Кизеловский район,г. Кизел,57719000001
Пермский край,393,742.5348600508906,43950.07530120482,393,Александровский район,рп. Всеволодо-Вильва,57605154051
Пермский край,393,742.5348600508906,43950.07530120482,393,Александровский район,рп. Всеволодо-Вильва,57605154051
Пермский край,393,742.5348600508906,43950.07530120482,393,Губаха,г. Губаха,57717000001
Пермский край,393,742.5348600508906,43950.07530120482,393,Кизеловский район,г. Кизел,57719000001
Пермский край,393,742.5348600508906,43950.07530120482,393,Кизеловский район,г. Кизел,57719000001
Пермский край,393,742.5348600508906,43950.07530120482,393,Александровский район,рп. Всеволодо-Вильва,57605154051
Пермский край,393,742.5348600508906,43950.07530120482,393,Александровский район,рп. Всеволодо-Вильва,57605154051
Пермский край,393,742.5348600508906,43950.07530120482,393,Кизеловский район,г. Кизел,57719000001
Пермский край,393,742.5348600508906,43950.07530120482,393,Кизеловский район,г. Кизел,57719000001
Пермский край,393,742.5348600508906,43950.07530120482,393,Александровский район,рп. Всеволодо-Вильва,57605154051
Пермский край,393,742.5348600508906,43950.07530120482,393,Кизеловский район,г. Кизел,57719000001
Пермский край,393,742.5348600508906,43950.07530120482,393,Кизеловский район,г. Кизел,57719000001
Пермский край,393,742.5348600508906,43950.07530120482,393,Александровский район,рп. Всеволодо-Вильва,57605154051
Пермский край,393,742.5348600508906,43950.07530120482,393,Александровский район,рп. Всеволодо-Вильва,57605154051
Пермский край,393,742.5348600508906,43950.07530120482,393,Кизеловский район,г. Кизел,57719000001
Пермский край,393,742.5348600508906,43950.07530120482,393,Кизеловский район,г. Кизел,57719000001
Пермский край,393,742.5348600508906,43950.07530120482,393,Александровский район,рп. Всеволодо-Вильва,57605154051
Пермский край,393,742.5348600508906,43950.07530120482,393,Кизеловский район,г. Кизел,57719000001
Пермский край,393,742.5348600508906,43950.07530120482,393,Кизеловский район,г. Кизел,57719000001
Пермский край,393,742.5348600508906,43950.07530120482,393,Александровский район,рп. Всеволодо-Вильва,57605154051
Пермский край,393,742.5348600508906,43950.07530120482,393,Александровский район,рп. Всеволодо-Вильва,57605154051
Пермский край,393,742.5348600508906,43950.07530120482,393,Карагайский район,с. Рождественск,57622434101
Пермский край,393,742.5348600508906,43950.07530120482,393,Кизеловский район,г. Кизел,57719000001
Пермский край,393,742.5348600508906,43950.07530120482,393,Кизеловский район,г. Кизел,57719000001
Пермский край,393,742.5348600508906,43950.07530120482,393,Чайковский район,г. Чайковский,57735000001
Пермский край,393,742.5348600508906,43950.07530120482,393,Еловский район,с. Елово,57618407101
Пермский край,393,742.5348600508906,43950.07530120482,393,Александровский район,рп. Всеволодо-Вильва,57605154051
Пермский край,393,742.5348600508906,43950.07530120482,393,Александровский район,рп. Всеволодо-Вильва,57605154051
Пермский край,393,742.5348600508906,43950.07530120482,393,Кизеловский район,г. Кизел,57719000001
Пермский край,393,742.5348600508906,43950.07530120482,393,Кизеловский район,г. Кизел,57719000001
Пермский край,393,742.5348600508906,43950.07530120482,393,Александровский район,рп. Всеволодо-Вильва,57605154051
Пермский край,393,742.5348600508906,43950.07530120482,393,Александровский район,рп. Всеволодо-Вильва,57605154051
Пермский край,393,742.5348600508906,43950.07530120482,393,Губаха,г. Губаха,57717000001
Пермский край,393,742.5348600508906,43950.07530120482,393,Кизеловский район,г. Кизел,57719000001
Пермский край,393,742.5348600508906,43950.07530120482,393,Кизеловский район,г. Кизел,57719000001
Пермский край,393,742.5348600508906,43950.07530120482,393,Александровский район,рп. Всеволодо-Вильва,57605154051
Пермский край,393,742.5348600508906,43950.07530120482,393,Александровский район,рп. Всеволодо-Вильва,57605154051
Пермский край,393,742.5348600508906,43950.07530120482,393,Губаха,г. Губаха,57717000001
Пермский край,393,742.5348600508906,43950.07530120482,393,Кизеловский район,г. Кизел,57719000001
Пермский край,393,742.5348600508906,43950.07530120482,393,Кизеловский район,г. Кизел,57719000001
Пермский край,393,742.5348600508906,43950.07530120482,393,Кизеловский район,г. Кизел,57719000001
Пермский край,393,742.5348600508906,43950.07530120482,393,Кизеловский район,г. Кизел,57719000001
Пермский край,393,742.5348600508906,43950.07530120482,393,Александровский район,рп. Всеволодо-Вильва,57605154051
Пермский край,393,742.5348600508906,43950.07530120482,393,Александровский район,рп. Всеволодо-Вильва,57605154051
Пермский край,393,742.5348600508906,43950.07530120482,393,Кизеловский район,г. Кизел,57719000001
Пермский край,393,742.5348600508906,43950.07530120482,393,Кизеловский район,г. Кизел,57719000001
Пермский край,393,742.5348600508906,43950.07530120482,393,Александровский район,рп. Всеволодо-Вильва,57605154051
Пермский край,393,742.5348600508906,43950.07530120482,393,Александровский район,рп. Всеволодо-Вильва,57605154051
Пермский край,393,742.5348600508906,43950.07530120482,393,Карагайский район,с. Рождественск,57622434101
Пермский край,393,742.5348600508906,43950.07530120482,393,Губаха,г. Губаха,57717000001
Пермский край,393,742.5348600508906,43950.07530120482,393,Кизеловский район,г. Кизел,57719000001
Пермский край,393,742.5348600508906,43950.07530120482,393,Кизеловский район,г. Кизел,57719000001
Пермский край,393,742.5348600508906,43950.07530120482,393,Александровский район,рп. Всеволодо-Вильва,57605154051
Пермский край,393,742.5348600508906,43950.07530120482,393,Александровский район,рп. Всеволодо-Вильва,57605154051
Пермский край,393,742.5348600508906,43950.07530120482,393,Кизеловский район,г. Кизел,57719000001
Пермский край,393,742.5348600508906,43950.07530120482,393,Кизеловский район,г. Кизел,57719000001
Пермский край,393,742.5348600508906,43950.07530120482,393,Александровский район,рп. Всеволодо-Вильва,57605154051
Пермский край,393,742.5348600508906,43950.07530120482,393,Александровский район,рп. Всеволодо-Вильва,57605154051
Пермский край,393,742.5348600508906,43950.07530120482,393,Кизеловский район,г. Кизел,57719000001
Пермский край,393,742.5348600508906,43950.07530120482,393,Кизеловский район,г. Кизел,57719000001
Пермский край,393,742.5348600508906,43950.07530120482,393,Александровский район,рп. Всеволодо-Вильва,57605154051
Пермский край,393,742.5348600508906,43950.07530120482,393,Александровский район,рп. Всеволодо-Вильва,57605154051
Пермский край,393,742.5348600508906,43950.07530120482,393,Кизеловский район,г. Кизел,57719000001
Пермский край,393,742.5348600508906,43950.07530120482,393,Кизеловский район,г. Кизел,57719000001
Пермский край,393,742.5348600508906,43950.07530120482,393,Александровский район,рп. Всеволодо-Вильва,57605154051
Пермский край,393,742.5348600508906,43950.07530120482,393,Александровский район,рп. Всеволодо-Вильва,57605154051
Пермский край,393,742.5348600508906,43950.07530120482,393,Кизеловский район,г. Кизел,57719000001
Пермский край,393,742.5348600508906,43950.07530120482,393,Кизеловский район,г. Кизел,57719000001
Пермский край,393,742.5348600508906,43950.07530120482,393,Чайковский район,г. Чайковский,57735000001
Пермский край,393,742.5348600508906,43950.07530120482,393,Еловский район,с. Елово,57618407101
Пермский край,393,742.5348600508906,43950.07530120482,393,Александровский район,рп. Всеволодо-Вильва,57605154051
Пермский край,393,742.5348600508906,43950.07530120482,393,Александровский район,рп. Всеволодо-Вильва,57605154051
Пермский край,393,742.5348600508906,43950.07530120482,393,Кизеловский район,г. Кизел,57719000001
Пермский край,393,742.5348600508906,43950.07530120482,393,Кизеловский район,г. Кизел,57719000001
Пермский край,393,742.5348600508906,43950.07530120482,393,Чердынский район,п. Рябинино,57756000191
Пермский край,393,742.5348600508906,43950.07530120482,393,Александровский район,рп. Всеволодо-Вильва,57605154051
Пермский край,393,742.5348600508906,43950.07530120482,393,Александровский район,рп. Всеволодо-Вильва,57605154051
Пермский край,393,742.5348600508906,43950.07530120482,393,Губаха,г. Губаха,57717000001
Пермский край,393,742.5348600508906,43950.07530120482,393,Кизеловский район,г. Кизел,57719000001
Пермский край,393,742.5348600508906,43950.07530120482,393,Кизеловский район,г. Кизел,57719000001
Пермский край,393,742.5348600508906,43950.07530120482,393,Краснокамский район,г. Краснокамск,57720000001
Пермский край,393,742.5348600508906,43950.07530120482,393,Александровский район,рп. Всеволодо-Вильва,57605154051
Пермский край,393,742.5348600508906,43950.07530120482,393,Александровский район,рп. Всеволодо-Вильва,57605154051
Пермский край,393,742.5348600508906,43950.07530120482,393,Кизеловский район,г. Кизел,57719000001
Пермский край,393,742.5348600508906,43950.07530120482,393,Кизеловский район,г. Кизел,57719000001
Пермский край,393,742.5348600508906,43950.07530120482,393,Александровский район,рп. Всеволодо-Вильва,57605154051
Пермский край,393,742.5348600508906,43950.07530120482,393,Александровский район,рп. Всеволодо-Вильва,57605154051
Пермский край,393,742.5348600508906,43950.07530120482,393,Карагайский район,с. Рождественск,57622434101
Пермский край,393,742.5348600508906,43950.07530120482,393,Кизеловский район,г. Кизел,57719000001
Пермский край,393,742.5348600508906,43950.07530120482,393,Кизеловский район,г. Кизел,57719000001
Пермский край,393,742.5348600508906,43950.07530120482,393,Березники,г. Березники,57708000001
Пермский край,393,742.5348600508906,43950.07530120482,393,Пермь,г. Пермь,57701000001
Пермский край,393,742.5348600508906,43950.07530120482,393,Александровский район,рп. Всеволодо-Вильва,57605154051
Пермский край,393,742.5348600508906,43950.07530120482,393,Александровский район,рп. Всеволодо-Вильва,57605154051
Пермский край,393,742.5348600508906,43950.07530120482,393,Кизеловский район,г. Кизел,57719000001
Пермский край,393,742.5348600508906,43950.07530120482,393,Кизеловский район,г. Кизел,57719000001
Пермский край,393,742.5348600508906,43950.07530120482,393,Александровский район,рп. Всеволодо-Вильва,57605154051
Пермский край,393,742.5348600508906,43950.07530120482,393,Александровский район,рп. Всеволодо-Вильва,57605154051
Пермский край,393,742.5348600508906,43950.07530120482,393,Карагайский район,с. Рождественск,57622434101
Пермский край,393,742.5348600508906,43950.07530120482,393,Губаха,г. Губаха,57717000001
Пермский край,393,742.5348600508906,43950.07530120482,393,Кизеловский район,г. Кизел,57719000001
Пермский край,393,742.5348600508906,43950.07530120482,393,Кизеловский район,г. Кизел,57719000001
Пермский край,393,742.5348600508906,43950.07530120482,393,Александровский район,рп. Всеволодо-Вильва,57605154051
Пермский край,393,742.5348600508906,43950.07530120482,393,Александровский район,рп. Всеволодо-Вильва,57605154051
Пермский край,393,742.5348600508906,43950.07530120482,393,Губаха,г. Губаха,57717000001
Пермский край,393,742.5348600508906,43950.07530120482,393,Кизеловский район,г. Кизел,57719000001
Пермский край,393,742.5348600508906,43950.07530120482,393,Кизеловский район,г. Кизел,57719000001
Пермский край,393,742.5348600508906,43950.07530120482,393,Кунгур,г. Кунгур,57722000001
Пермский край,393,742.5348600508906,43950.07530120482,393,Александровский район,рп. Всеволодо-Вильва,57605154051
Пермский край,393,742.5348600508906,43950.07530120482,393,Александровский район,рп. Всеволодо-Вильва,57605154051
Пермский край,393,742.5348600508906,43950.07530120482,393,Губаха,г. Губаха,57717000001
Пермский край,393,742.5348600508906,43950.07530120482,393,Губаха,г. Губаха,57717000001
Пермский край,393,742.5348600508906,43950.07530120482,393,Кизеловский район,г. Кизел,57719000001
Пермский край,393,742.5348600508906,43950.07530120482,393,Кизеловский район,г. Кизел,57719000001
Пермский край,393,742.5348600508906,43950.07530120482,393,Александровский район,рп. Всеволодо-Вильва,57605154051
Пермский край,393,742.5348600508906,43950.07530120482,393,Александровский район,рп. Всеволодо-Вильва,57605154051
Пермский край,393,742.5348600508906,43950.07530120482,393,Губаха,г. Губаха,57717000001
Пермский край,393,742.5348600508906,43950.07530120482,393,Кизеловский район,г. Кизел,57719000001
Пермский край,393,742.5348600508906,43950.07530120482,393,Кизеловский район,г. Кизел,57719000001
Пермский край,393,742.5348600508906,43950.07530120482,393,Александровский район,рп. Всеволодо-Вильва,57605154051
Пермский край,393,742.5348600508906,43950.07530120482,393,Губаха,г. Губаха,57717000001
Пермский край,393,742.5348600508906,43950.07530120482,393,Кизеловский район,г. Кизел,57719000001
Пермский край,393,742.5348600508906,43950.07530120482,393,Кизеловский район,г. Кизел,57719000001
Пермский край,393,742.5348600508906,43950.07530120482,393,Александровский район,рп. Всеволодо-Вильва,57605154051
Пермский край,393,742.5348600508906,43950.07530120482,393,Губаха,г. Губаха,57717000001
Пермский край,393,742.5348600508906,43950.07530120482,393,Губаха,г. Губаха,57717000001
Пермский край,393,742.5348600508906,43950.07530120482,393,Кизеловский район,г. Кизел,57719000001
Пермский край,393,742.5348600508906,43950.07530120482,393,Кизеловский район,г. Кизел,57719000001
Пермский край,393,742.5348600508906,43950.07530120482,393,Губаха,г. Губаха,57717000001
Пермский край,393,742.5348600508906,43950.07530120482,393,Кизеловский район,г. Кизел,57719000001
Пермский край,393,742.5348600508906,43950.07530120482,393,Кизеловский район,г. Кизел,57719000001
Пермский край,393,742.5348600508906,43950.07530120482,393,Оханский район,г. Оханск,57729000001
Пермский край,393,742.5348600508906,43950.07530120482,393,Александровский район,рп. Всеволодо-Вильва,57605154051
Пермский край,393,742.5348600508906,43950.07530120482,393,Александровский район,рп. Всеволодо-Вильва,57605154051
Пермский край,393,742.5348600508906,43950.07530120482,393,Губаха,г. Губаха,57717000001
Пермский край,393,742.5348600508906,43950.07530120482,393,Кизеловский район,г. Кизел,57719000001
Пермский край,393,742.5348600508906,43950.07530120482,393,Кизеловский район,г. Кизел,57719000001
Пермский край,393,742.5348600508906,43950.07530120482,393,Чернушинский район,г. Чернушка,57757000001
Пермский край,393,742.5348600508906,43950.07530120482,393,Александровский район,рп. Всеволодо-Вильва,57605154051
Пермский край,393,742.5348600508906,43950.07530120482,393,Александровский район,рп. Всеволодо-Вильва,57605154051
Пермский край,393,742.5348600508906,43950.07530120482,393,Губаха,г. Губаха,57717000001
Пермский край,393,742.5348600508906,43950.07530120482,393,Кизеловский район,г. Кизел,57719000001
Пермский край,393,742.5348600508906,43950.07530120482,393,Кизеловский район,г. Кизел,57719000001
Пермский край,393,742.5348600508906,43950.07530120482,393,Губаха,г. Губаха,57717000001
Пермский край,393,742.5348600508906,43950.07530120482,393,Александровский район,рп. Всеволодо-Вильва,57605154051
Пермский край,393,742.5348600508906,43950.07530120482,393,Александровский район,рп. Всеволодо-Вильва,57605154051
Пермский край,393,742.5348600508906,43950.07530120482,393,Губаха,г. Губаха,57717000001
Пермский край,393,742.5348600508906,43950.07530120482,393,Кизеловский район,г. Кизел,57719000001
Пермский край,393,742.5348600508906,43950.07530120482,393,Кизеловский район,г. Кизел,57719000001
Пермский край,393,742.5348600508906,43950.07530120482,393,Александровский район,рп. Всеволодо-Вильва,57605154051
Пермский край,393,742.5348600508906,43950.07530120482,393,Александровский район,рп. Всеволодо-Вильва,57605154051
Пермский край,393,742.5348600508906,43950.07530120482,393,Кизеловский район,г. Кизел,57719000001
Пермский край,393,742.5348600508906,43950.07530120482,393,Кизеловский район,г. Кизел,57719000001
Пермский край,393,742.5348600508906,43950.07530120482,393,Пермь,г. Пермь,57701000001
Пермский край,393,742.5348600508906,43950.07530120482,393,Пермь,г. Пермь,57701000001
Пермский край,393,742.5348600508906,43950.07530120482,393,Александровский район,рп. Всеволодо-Вильва,57605154051
Пермский край,393,742.5348600508906,43950.07530120482,393,Александровский район,рп. Всеволодо-Вильва,57605154051
Пермский край,393,742.5348600508906,43950.07530120482,393,Губаха,г. Губаха,57717000001
Пермский край,393,742.5348600508906,43950.07530120482,393,Кизеловский район,г. Кизел,57719000001
Пермский край,393,742.5348600508906,43950.07530120482,393,Кизеловский район,г. Кизел,57719000001
Пермский край,393,742.5348600508906,43950.07530120482,393,Александровский район,рп. Всеволодо-Вильва,57605154051
Пермский край,393,742.5348600508906,43950.07530120482,393,Губаха,г. Губаха,57717000001
Пермский край,393,742.5348600508906,43950.07530120482,393,Кизеловский район,г. Кизел,57719000001
Пермский край,393,742.5348600508906,43950.07530120482,393,Кизеловский район,г. Кизел,57719000001
Пермский край,393,742.5348600508906,43950.07530120482,393,Александровский район,рп. Всеволодо-Вильва,57605154051
Пермский край,393,742.5348600508906,43950.07530120482,393,Губаха,г. Губаха,57717000001
Пермский край,393,742.5348600508906,43950.07530120482,393,Кизеловский район,г. Кизел,57719000001
Пермский край,393,742.5348600508906,43950.07530120482,393,Кизеловский район,г. Кизел,57719000001
Пермский край,393,742.5348600508906,43950.07530120482,393,Александровский район,рп. Всеволодо-Вильва,57605154051
Пермский край,393,742.5348600508906,43950.07530120482,393,Александровский район,рп. Всеволодо-Вильва,57605154051
Пермский край,393,742.5348600508906,43950.07530120482,393,Кизеловский район,г. Кизел,57719000001
Пермский край,393,742.5348600508906,43950.07530120482,393,Кизеловский район,г. Кизел,57719000001
Пермский край,393,742.5348600508906,43950.07530120482,393,Кунгур,г. Кунгур,57722000001
Пермский край,393,742.5348600508906,43950.07530120482,393,Кунгур,г. Кунгур,57722000001
Пермский край,393,742.5348600508906,43950.07530120482,393,Александровский район,рп. Всеволодо-Вильва,57605154051
Пермский край,393,742.5348600508906,43950.07530120482,393,Губаха,г. Губаха,57717000001
Пермский край,393,742.5348600508906,43950.07530120482,393,Кизеловский район,г. Кизел,57719000001
Пермский край,393,742.5348600508906,43950.07530120482,393,Кизеловский район,г. Кизел,57719000001
Пермский край,393,742.5348600508906,43950.07530120482,393,Соликамск,г. Соликамск,57730000001
Пермский край,393,742.5348600508906,43950.07530120482,393,Красновишерский район,г. Красновишерск,57760000001
Пермский край,393,742.5348600508906,43950.07530120482,393,Красновишерский район,г. Красновишерск,57760000001
Пермский край,393,742.5348600508906,43950.07530120482,393,Чернушинский район,г. Чернушка,57757000001
Пермский край,393,742.5348600508906,43950.07530120482,393,Александровский район,рп. Всеволодо-Вильва,57605154051
Пермский край,393,742.5348600508906,43950.07530120482,393,Александровский район,рп. Всеволодо-Вильва,57605154051
Пермский край,393,742.5348600508906,43950.07530120482,393,Губаха,г. Губаха,57717000001
Пермский край,393,742.5348600508906,43950.07530120482,393,Кизеловский район,г. Кизел,57719000001
Пермский край,393,742.5348600508906,43950.07530120482,393,Кизеловский район,г. Кизел,57719000001
Пермский край,393,742.5348600508906,43950.07530120482,393,Чусовской район,г. Чусовой,57758000001
Пермский край,393,742.5348600508906,43950.07530120482,393,Александровский район,рп. Всеволодо-Вильва,57605154051
Пермский край,393,742.5348600508906,43950.07530120482,393,Александровский район,рп. Всеволодо-Вильва,57605154051
Пермский край,393,742.5348600508906,43950.07530120482,393,Карагайский район,с. Рождественск,57622434101
Пермский край,393,742.5348600508906,43950.07530120482,393,Добрянский район,д. Кунья,57718000461
Пермский край,393,742.5348600508906,43950.07530120482,393,Губаха,г. Губаха,57717000001
Пермский край,393,742.5348600508906,43950.07530120482,393,Кизеловский район,г. Кизел,57719000001
Пермский край,393,742.5348600508906,43950.07530120482,393,Кизеловский район,г. Кизел,57719000001
Пермский край,393,742.5348600508906,43950.07530120482,393,Кудымкар,г. Кудымкар,57851000001
Пермский край,393,742.5348600508906,43950.07530120482,393,Кудымкар,г. Кудымкар,57851000001
Пермский край,393,742.5348600508906,43950.07530120482,393,Лысьва,г. Лысьва,57726000001
Пермский край,393,742.5348600508906,43950.07530120482,393,Губаха,г. Губаха,57717000001
Пермский край,393,742.5348600508906,43950.07530120482,393,Чайковский район,г. Чайковский,57735000001
Пермский край,393,742.5348600508906,43950.07530120482,393,Александровский район,рп. Всеволодо-Вильва,57605154051
Пермский край,393,742.5348600508906,43950.07530120482,393,Александровский район,рп. Всеволодо-Вильва,57605154051
Пермский край,393,742.5348600508906,43950.07530120482,393,Кизеловский район,г. Кизел,57719000001
Пермский край,393,742.5348600508906,43950.07530120482,393,Кизеловский район,г. Кизел,57719000001
Пермский край,393,742.5348600508906,43950.07530120482,393,Александровский район,рп. Всеволодо-Вильва,57605154051
Пермский край,393,742.5348600508906,43950.07530120482,393,Александровский район,рп. Всеволодо-Вильва,57605154051
Пермский край,393,742.5348600508906,43950.07530120482,393,Губаха,г. Губаха,57717000001
Пермский край,393,742.5348600508906,43950.07530120482,393,Кизеловский район,г. Кизел,57719000001
Пермский край,393,742.5348600508906,43950.07530120482,393,Кизеловский район,г. Кизел,57719000001
Пермский край,393,742.5348600508906,43950.07530120482,393,Александровский район,рп. Всеволодо-Вильва,57605154051
Пермский край,393,742.5348600508906,43950.07530120482,393,Александровский район,рп. Всеволодо-Вильва,57605154051
Пермский край,393,742.5348600508906,43950.07530120482,393,Кизеловский район,г. Кизел,57719000001
Пермский край,393,742.5348600508906,43950.07530120482,393,Кизеловский район,г. Кизел,57719000001
Пермский край,393,742.5348600508906,43950.07530120482,393,Александровский район,рп. Всеволодо-Вильва,57605154051
Пермский край,393,742.5348600508906,43950.07530120482,393,Александровский район,рп. Всеволодо-Вильва,57605154051
Пермский край,393,742.5348600508906,43950.07530120482,393,Губаха,г. Губаха,57717000001
Пермский край,393,742.5348600508906,43950.07530120482,393,Кизеловский район,г. Кизел,57719000001
Пермский край,393,742.5348600508906,43950.07530120482,393,Кизеловский район,г. Кизел,57719000001
Пермский край,393,742.5348600508906,43950.07530120482,393,Александровский район,рп. Всеволодо-Вильва,57605154051
Пермский край,393,742.5348600508906,43950.07530120482,393,Александровский район,рп. Всеволодо-Вильва,57605154051
Пермский край,393,742.5348600508906,43950.07530120482,393,Кизеловский район,г. Кизел,57719000001
Пермский край,393,742.5348600508906,43950.07530120482,393,Кизеловский район,г. Кизел,57719000001
Пермский край,393,742.5348600508906,43950.07530120482,393,Кунгур,г. Кунгур,57722000001
Пермский край,393,742.5348600508906,43950.07530120482,393,Кунгур,г. Кунгур,57722000001
Пермский край,393,742.5348600508906,43950.07530120482,393,Александровский район,рп. Всеволодо-Вильва,57605154051
Пермский край,393,742.5348600508906,43950.07530120482,393,Губаха,г. Губаха,57717000001
Пермский край,393,742.5348600508906,43950.07530120482,393,Кизеловский район,г. Кизел,57719000001
Пермский край,393,742.5348600508906,43950.07530120482,393,Кизеловский район,г. Кизел,57719000001
Пермский край,393,742.5348600508906,43950.07530120482,393,Кизеловский район,г. Кизел,57719000001
Пермский край,393,742.5348600508906,43950.07530120482,393,Гайнский район,п. Гайны,57814405101
Пермский край,393,742.5348600508906,43950.07530120482,393,Кудымкар,г. Кудымкар,57851000001
Пермский край,393,742.5348600508906,43950.07530120482,393,Кунгур,г. Кунгур,57722000001
Пермский край,393,742.5348600508906,43950.07530120482,393,Кунгур,г. Кунгур,57722000001
Пермский край,393,742.5348600508906,43950.07530120482,393,Александровский район,рп. Всеволодо-Вильва,57605154051
Пермский край,393,742.5348600508906,43950.07530120482,393,Александровский район,рп. Всеволодо-Вильва,57605154051
Пермский край,393,742.5348600508906,43950.07530120482,393,Кизеловский район,г. Кизел,57719000001
Пермский край,393,742.5348600508906,43950.07530120482,393,Кизеловский район,г. Кизел,57719000001
Пермский край,393,742.5348600508906,43950.07530120482,393,Кунгур,г. Кунгур,57722000001
Пермский край,393,742.5348600508906,43950.07530120482,393,Александровский район,рп. Всеволодо-Вильва,57605154051
Пермский край,393,742.5348600508906,43950.07530120482,393,Александровский район,рп. Всеволодо-Вильва,57605154051
Пермский край,393,742.5348600508906,43950.07530120482,393,Кизеловский район,г. Кизел,57719000001
Пермский край,393,742.5348600508906,43950.07530120482,393,Кизеловский район,г. Кизел,57719000001
Пермский край,393,742.5348600508906,43950.07530120482,393,Кунгур,г. Кунгур,57722000001
Пермский край,393,742.5348600508906,43950.07530120482,393,Александровский район,рп. Всеволодо-Вильва,57605154051
Пермский край,393,742.5348600508906,43950.07530120482,393,Александровский район,рп. Всеволодо-Вильва,57605154051
Пермский край,393,742.5348600508906,43950.07530120482,393,Лысьва,г. Лысьва,57726000001
Пермский край,393,742.5348600508906,43950.07530120482,393,Губаха,г. Губаха,57717000001
Пермский край,393,742.5348600508906,43950.07530120482,393,Кизеловский район,г. Кизел,57719000001
Пермский край,393,742.5348600508906,43950.07530120482,393,Кизеловский район,г. Кизел,57719000001
Пермский край,393,742.5348600508906,43950.07530120482,393,Александровский район,рп. Всеволодо-Вильва,57605154051
Пермский край,393,742.5348600508906,43950.07530120482,393,Александровский район,рп. Всеволодо-Вильва,57605154051
Пермский край,393,742.5348600508906,43950.07530120482,393,Губаха,г. Губаха,57717000001
Пермский край,393,742.5348600508906,43950.07530120482,393,Кизеловский район,г. Кизел,57719000001
Пермский край,393,742.5348600508906,43950.07530120482,393,Кизеловский район,г. Кизел,57719000001
Пермский край,393,742.5348600508906,43950.07530120482,393,Александровский район,рп. Всеволодо-Вильва,57605154051
Пермский край,393,742.5348600508906,43950.07530120482,393,Александровский район,рп. Всеволодо-Вильва,57605154051
Пермский край,393,742.5348600508906,43950.07530120482,393,Кизеловский район,г. Кизел,57719000001
Пермский край,393,742.5348600508906,43950.07530120482,393,Кизеловский район,г. Кизел,57719000001
Пермский край,393,742.5348600508906,43950.07530120482,393,Александровский район,рп. Всеволодо-Вильва,57605154051
Пермский край,393,742.5348600508906,43950.07530120482,393,Александровский район,рп. Всеволодо-Вильва,57605154051
Пермский край,393,742.5348600508906,43950.07530120482,393,Добрянский район,д. Кунья,57718000461
Пермский край,393,742.5348600508906,43950.07530120482,393,Губаха,г. Губаха,57717000001
Пермский край,393,742.5348600508906,43950.07530120482,393,Кизеловский район,г. Кизел,57719000001
Пермский край,393,742.5348600508906,43950.07530120482,393,Кизеловский район,г. Кизел,57719000001
Пермский край,393,742.5348600508906,43950.07530120482,393,Красновишерский район,г. Красновишерск,57760000001
Пермский край,393,742.5348600508906,43950.07530120482,393,Александровский район,рп. Всеволодо-Вильва,57605154051
Пермский край,393,742.5348600508906,43950.07530120482,393,Александровский район,рп. Всеволодо-Вильва,57605154051
Пермский край,393,742.5348600508906,43950.07530120482,393,Кизеловский район,г. Кизел,57719000001
Пермский край,393,742.5348600508906,43950.07530120482,393,Кизеловский район,г. Кизел,57719000001
Пермский край,393,742.5348600508906,43950.07530120482,393,Александровский район,рп. Всеволодо-Вильва,57605154051
Пермский край,393,742.5348600508906,43950.07530120482,393,Кизеловский район,г. Кизел,57719000001
Пермский край,393,742.5348600508906,43950.07530120482,393,Кизеловский район,г. Кизел,57719000001
Пермский край,393,742.5348600508906,43950.07530120482,393,Александровский район,рп. Всеволодо-Вильва,57605154051
Пермский край,393,742.5348600508906,43950.07530120482,393,Губаха,г. Губаха,57717000001
Пермский край,393,742.5348600508906,43950.07530120482,393,Кизеловский район,г. Кизел,57719000001
Пермский край,393,742.5348600508906,43950.07530120482,393,Кизеловский район,г. Кизел,57719000001
Пермский край,393,742.5348600508906,43950.07530120482,393,Александровский район,рп. Всеволодо-Вильва,57605154051
Пермский край,393,742.5348600508906,43950.07530120482,393,Александровский район,рп. Всеволодо-Вильва,57605154051
Пермский край,393,742.5348600508906,43950.07530120482,393,Кизеловский район,г. Кизел,57719000001
Пермский край,393,742.5348600508906,43950.07530120482,393,Кизеловский район,г. Кизел,57719000001
Пермский край,393,742.5348600508906,43950.07530120482,393,Кизеловский район,г. Кизел,57719000001
Пермский край,393,742.5348600508906,43950.07530120482,393,Кизеловский район,г. Кизел,57719000001
Пермский край,393,742.5348600508906,43950.07530120482,393,Красновишерский район,д. Нижняя Язьва,57760000286
Пермский край,393,742.5348600508906,43950.07530120482,393,Чусовской район,г. Чусовой,57758000001
Пермский край,393,742.5348600508906,43950.07530120482,393,Александровский район,рп. Всеволодо-Вильва,57605154051
Пермский край,393,742.5348600508906,43950.07530120482,393,Чердынский район,г. Чердынь,57756000001
Пермский край,393,742.5348600508906,43950.07530120482,393,Кизеловский район,г. Кизел,57719000001
Пермский край,393,742.5348600508906,43950.07530120482,393,Кизеловский район,г. Кизел,57719000001
Пермский край,393,742.5348600508906,43950.07530120482,393,Красновишерский район,г. Красновишерск,57760000001
Пермский край,393,742.5348600508906,43950.07530120482,393,Кунгур,г. Кунгур,57722000001
Пермский край,393,742.5348600508906,43950.07530120482,393,Кунгур,г. Кунгур,57722000001
Пермский край,393,742.5348600508906,43950.07530120482,393,Александровский район,рп. Всеволодо-Вильва,57605154051
Пермский край,393,742.5348600508906,43950.07530120482,393,Александровский район,рп. Всеволодо-Вильва,57605154051
Пермский край,393,742.5348600508906,43950.07530120482,393,Карагайский район,с. Рождественск,57622434101
Пермский край,393,742.5348600508906,43950.07530120482,393,Лысьва,г. Лысьва,57726000001
Пермский край,393,742.5348600508906,43950.07530120482,393,Кизеловский район,г. Кизел,57719000001
Пермский край,393,742.5348600508906,43950.07530120482,393,Кизеловский район,г. Кизел,57719000001
Пермский край,393,742.5348600508906,43950.07530120482,393,Кудымкар,г. Кудымкар,57851000001
Пермский край,393,742.5348600508906,43950.07530120482,393,Чернушинский район,г. Чернушка,57757000001
Пермский край,393,742.5348600508906,43950.07530120482,393,Пермь,г. Пермь,57701000001
Пермский край,393,742.5348600508906,43950.07530120482,393,Пермь,г. Пермь,57701000001
Пермский край,393,742.5348600508906,43950.07530120482,393,Чусовской район,г. Чусовой,57758000001
Пермский край,393,742.5348600508906,43950.07530120482,393,Александровский район,рп. Всеволодо-Вильва,57605154051
Пермский край,393,742.5348600508906,43950.07530120482,393,Александровский район,рп. Всеволодо-Вильва,57605154051
Пермский край,393,742.5348600508906,43950.07530120482,393,Губаха,г. Губаха,57717000001
Пермский край,393,742.5348600508906,43950.07530120482,393,Кизеловский район,г. Кизел,57719000001
Пермский край,393,742.5348600508906,43950.07530120482,393,Кизеловский район,г. Кизел,57719000001
Пермский край,393,742.5348600508906,43950.07530120482,393,Александровский район,рп. Всеволодо-Вильва,57605154051
Пермский край,393,742.5348600508906,43950.07530120482,393,Александровский район,рп. Всеволодо-Вильва,57605154051
Пермский край,393,742.5348600508906,43950.07530120482,393,Кизеловский район,г. Кизел,57719000001
Пермский край,393,742.5348600508906,43950.07530120482,393,Кизеловский район,г. Кизел,57719000001
Пермский край,393,742.5348600508906,43950.07530120482,393,Соликамск,г. Соликамск,57730000001
Пермский край,393,742.5348600508906,43950.07530120482,393,Александровский район,рп. Всеволодо-Вильва,57605154051
Пермский край,393,742.5348600508906,43950.07530120482,393,Александровский район,рп. Всеволодо-Вильва,57605154051
Пермский край,393,742.5348600508906,43950.07530120482,393,Губаха,г. Губаха,57717000001
Пермский край,393,742.5348600508906,43950.07530120482,393,Кизеловский район,г. Кизел,57719000001
Пермский край,393,742.5348600508906,43950.07530120482,393,Кизеловский район,г. Кизел,57719000001
Краснодарский край,9,3587.8777777777777,8540.0,9,Северский район,ст-ца. Северская,03643413101
Краснодарский край,9,3587.8777777777777,8540.0,9,Северский район,ст-ца. Северская,03643413101
Краснодарский край,9,3587.8777777777777,8540.0,9,Северский район,ст-ца. Северская,03643413101
Краснодарский край,9,3587.8777777777777,8540.0,9,Туапсинский район,г. Туапсе,03655101001
Краснодарский край,9,3587.8777777777777,8540.0,9,Город Горячий Ключ,г. Горячий Ключ,03709000001
Краснодарский край,9,3587.8777777777777,8540.0,9,Город Горячий Ключ,г. Горячий Ключ,03709000001
Краснодарский край,9,3587.8777777777777,8540.0,9,Апшеронский район,г. Апшеронск,03605101001
Краснодарский край,9,3587.8777777777777,8540.0,9,Апшеронский район,г. Апшеронск,03605101001
Краснодарский край,9,3587.8777777777777,8540.0,9,Усть-Лабинский район,ст-ца. Ладожская,03657419101
Приморский край,127,41.85268503937009,6122.05649122807,127,Арсеньевский,г. Арсеньев,05703000001
Приморский край,127,41.85268503937009,6122.05649122807,127,Арсеньевский,г. Арсеньев,05703000001
Приморский край,127,41.85268503937009,6122.05649122807,127,Арсеньевский,г. Арсеньев,05703000001
Приморский край,127,41.85268503937009,6122.05649122807,127,Уссурийский,г. Уссурийск,05723000001
Приморский край,127,41.85268503937009,6122.05649122807,127,Арсеньевский,г. Арсеньев,05703000001
Приморский край,127,41.85268503937009,6122.05649122807,127,Арсеньевский,г. Арсеньев,05703000001
Приморский край,127,41.85268503937009,6122.05649122807,127,Владивостокский,г. Владивосток,05701000001
Приморский край,127,41.85268503937009,6122.05649122807,127,Владивостокский,г. Владивосток,05701000001
Приморский край,127,41.85268503937009,6122.05649122807,127,Арсеньевский,г. Арсеньев,05703000001
Приморский край,127,41.85268503937009,6122.05649122807,127,Владивостокский,г. Владивосток,05701000001
Приморский край,127,41.85268503937009,6122.05649122807,127,Дальнегорский,с. Краснореченский,05707000111
Приморский край,127,41.85268503937009,6122.05649122807,127,Дальнегорский,с. Краснореченский,05707000111
Приморский край,127,41.85268503937009,6122.05649122807,127,Уссурийский,г. Уссурийск,05723000001
Приморский край,127,41.85268503937009,6122.05649122807,127,Арсеньевский,г. Арсеньев,05703000001
Приморский край,127,41.85268503937009,6122.05649122807,127,Дальнегорский,с. Краснореченский,05707000111
Приморский край,127,41.85268503937009,6122.05649122807,127,Дальнегорский,г. Дальнегорск,05707000001
Приморский край,127,41.85268503937009,6122.05649122807,127,Уссурийский,г. Уссурийск,05723000001
Приморский край,127,41.85268503937009,6122.05649122807,127,Арсеньевский,г. Арсеньев,05703000001
Приморский край,127,41.85268503937009,6122.05649122807,127,Арсеньевский,г. Арсеньев,05703000001
Приморский край,127,41.85268503937009,6122.05649122807,127,Дальнегорский,с. Краснореченский,05707000111
Приморский край,127,41.85268503937009,6122.05649122807,127,Арсеньевский,г. Арсеньев,05703000001
Приморский край,127,41.85268503937009,6122.05649122807,127,Арсеньевский,г. Арсеньев,05703000001
Приморский край,127,41.85268503937009,6122.05649122807,127,Арсеньевский,г. Арсеньев,05703000001
Приморский край,127,41.85268503937009,6122.05649122807,127,Дальнегорский,с. Краснореченский,05707000111
Приморский край,127,41.85268503937009,6122.05649122807,127,Дальнегорский,с. Краснореченский,05707000111
Приморский край,127,41.85268503937009,6122.05649122807,127,Арсеньевский,г. Арсеньев,05703000001
Приморский край,127,41.85268503937009,6122.05649122807,127,Дальнегорский,с. Краснореченский,05707000111
Приморский край,127,41.85268503937009,6122.05649122807,127,Арсеньевский,г. Арсеньев,05703000001
Приморский край,127,41.85268503937009,6122.05649122807,127,Уссурийский,г. Уссурийск,05723000001
Приморский край,127,41.85268503937009,6122.05649122807,127,Арсеньевский,г. Арсеньев,05703000001
Приморский край,127,41.85268503937009,6122.05649122807,127,Арсеньевский,г. Арсеньев,05703000001
Приморский край,127,41.85268503937009,6122.05649122807,127,Арсеньевский,г. Арсеньев,05703000001
Приморский край,127,41.85268503937009,6122.05649122807,127,Арсеньевский,г. Арсеньев,05703000001
Приморский край,127,41.85268503937009,6122.05649122807,127,Арсеньевский,г. Арсеньев,05703000001
Приморский край,127,41.85268503937009,6122.05649122807,127,Дальнегорский,с. Краснореченский,05707000111
Приморский край,127,41.85268503937009,6122.05649122807,127,Дальнегорский,с. Краснореченский,05707000111
Приморский край,127,41.85268503937009,6122.05649122807,127,Дальнегорский,с. Краснореченский,05707000111
Приморский край,127,41.85268503937009,6122.05649122807,127,Арсеньевский,г. Арсеньев,05703000001
Приморский край,127,41.85268503937009,6122.05649122807,127,Дальнегорский,с. Краснореченский,05707000111
Приморский край,127,41.85268503937009,6122.05649122807,127,Арсеньевский,г. Арсеньев,05703000001
Приморский край,127,41.85268503937009,6122.05649122807,127,Арсеньевский,г. Арсеньев,05703000001
Приморский край,127,41.85268503937009,6122.05649122807,127,Арсеньевский,г. Арсеньев,05703000001
Приморский край,127,41.85268503937009,6122.05649122807,127,Арсеньевский,г. Арсеньев,05703000001
Приморский край,127,41.85268503937009,6122.05649122807,127,Арсеньевский,г. Арсеньев,05703000001
Приморский край,127,41.85268503937009,6122.05649122807,127,Арсеньевский,г. Арсеньев,05703000001
Приморский край,127,41.85268503937009,6122.05649122807,127,Дальнегорский,с. Краснореченский,05707000111
Приморский край,127,41.85268503937009,6122.05649122807,127,Арсеньевский,г. Арсеньев,05703000001
Приморский край,127,41.85268503937009,6122.05649122807,127,Дальнегорский,с. Краснореченский,05707000111
Приморский край,127,41.85268503937009,6122.05649122807,127,Арсеньевский,г. Арсеньев,05703000001
Приморский край,127,41.85268503937009,6122.05649122807,127,Уссурийский,г. Уссурийск,05723000001
Приморский край,127,41.85268503937009,6122.05649122807,127,Арсеньевский,г. Арсеньев,05703000001
Приморский край,127,41.85268503937009,6122.05649122807,127,Арсеньевский,г. Арсеньев,05703000001
Приморский край,127,41.85268503937009,6122.05649122807,127,Дальнегорский,с. Краснореченский,05707000111
Приморский край,127,41.85268503937009,6122.05649122807,127,Арсеньевский,г. Арсеньев,05703000001
Приморский край,127,41.85268503937009,6122.05649122807,127,Арсеньевский,г. Арсеньев,05703000001
Приморский край,127,41.85268503937009,6122.05649122807,127,Арсеньевский,г. Арсеньев,05703000001
Приморский край,127,41.85268503937009,6122.05649122807,127,Дальнегорский,с. Краснореченский,05707000111
Приморский край,127,41.85268503937009,6122.05649122807,127,Арсеньевский,г. Арсеньев,05703000001
Приморский край,127,41.85268503937009,6122.05649122807,127,Арсеньевский,г. Арсеньев,05703000001
Приморский край,127,41.85268503937009,6122.05649122807,127,Арсеньевский,г. Арсеньев,05703000001
Приморский край,127,41.85268503937009,6122.05649122807,127,Арсеньевский,г. Арсеньев,05703000001
Приморский край,127,41.85268503937009,6122.05649122807,127,Дальнегорский,с. Краснореченский,05707000111
Приморский край,127,41.85268503937009,6122.05649122807,127,Дальнегорский,г. Дальнегорск,05707000001
Приморский край,127,41.85268503937009,6122.05649122807,127,Дальнегорский,г. Дальнегорск,05707000001
Приморский край,127,41.85268503937009,6122.05649122807,127,Дальнегорский,г. Дальнегорск,05707000001
Приморский край,127,41.85268503937009,6122.05649122807,127,Уссурийский,г. Уссурийск,05723000001
Приморский край,127,41.85268503937009,6122.05649122807,127,Дальнегорский,с. Краснореченский,05707000111
Приморский край,127,41.85268503937009,6122.05649122807,127,Дальнегорский,с. Краснореченский,05707000111
Приморский край,127,41.85268503937009,6122.05649122807,127,Арсеньевский,г. Арсеньев,05703000001
Приморский край,127,41.85268503937009,6122.05649122807,127,Дальнегорский,с. Краснореченский,05707000111
Приморский край,127,41.85268503937009,6122.05649122807,127,Арсеньевский,г. Арсеньев,05703000001
Приморский край,127,41.85268503937009,6122.05649122807,127,Арсеньевский,г. Арсеньев,05703000001
Приморский край,127,41.85268503937009,6122.05649122807,127,Дальнегорский,с. Краснореченский,05707000111
Приморский край,127,41.85268503937009,6122.05649122807,127,Дальнегорский,с. Краснореченский,05707000111
Приморский край,127,41.85268503937009,6122.05649122807,127,Арсеньевский,г. Арсеньев,05703000001
Приморский край,127,41.85268503937009,6122.05649122807,127,Арсеньевский,г. Арсеньев,05703000001
Приморский край,127,41.85268503937009,6122.05649122807,127,Октябрьский,с. Новогеоргиевка,05626410119
Приморский край,127,41.85268503937009,6122.05649122807,127,Уссурийский,г. Уссурийск,05723000001
Приморский край,127,41.85268503937009,6122.05649122807,127,Уссурийский,г. Уссурийск,05723000001
Приморский край,127,41.85268503937009,6122.05649122807,127,Хорольский,с. Сиваковка,05650425123
Приморский край,127,41.85268503937009,6122.05649122807,127,Хорольский,с. Сиваковка,05650425123
Приморский край,127,41.85268503937009,6122.05649122807,127,Дальнегорский,с. Краснореченский,05707000111
Приморский край,127,41.85268503937009,6122.05649122807,127,Дальнегорский,с. Краснореченский,05707000111
Приморский край,127,41.85268503937009,6122.05649122807,127,Уссурийский,г. Уссурийск,05723000001
Приморский край,127,41.85268503937009,6122.05649122807,127,Октябрьский,с. Новогеоргиевка,05626410119
Приморский край,127,41.85268503937009,6122.05649122807,127,Уссурийский,г. Уссурийск,05723000001
Приморский край,127,41.85268503937009,6122.05649122807,127,Уссурийский,г. Уссурийск,05723000001
Приморский край,127,41.85268503937009,6122.05649122807,127,Уссурийский,г. Уссурийск,05723000001
Приморский край,127,41.85268503937009,6122.05649122807,127,Уссурийский,г. Уссурийск,05723000001
Приморский край,127,41.85268503937009,6122.05649122807,127,Дальнегорский,с. Краснореченский,05707000111
Приморский край,127,41.85268503937009,6122.05649122807,127,Дальнегорский,с. Краснореченский,05707000111
Приморский край,127,41.85268503937009,6122.05649122807,127,Артёмовский,г. Артем,05705000001
Приморский край,127,41.85268503937009,6122.05649122807,127,Артёмовский,г. Артем,05705000001
Приморский край,127,41.85268503937009,6122.05649122807,127,Дальнегорский,с. Краснореченский,05707000111
Приморский край,127,41.85268503937009,6122.05649122807,127,Арсеньевский,г. Арсеньев,05703000001
Приморский край,127,41.85268503937009,6122.05649122807,127,Арсеньевский,г. Арсеньев,05703000001
Приморский край,127,41.85268503937009,6122.05649122807,127,Арсеньевский,г. Арсеньев,05703000001
Приморский край,127,41.85268503937009,6122.05649122807,127,Арсеньевский,г. Арсеньев,05703000001
Приморский край,127,41.85268503937009,6122.05649122807,127,Арсеньевский,г. Арсеньев,05703000001
Приморский край,127,41.85268503937009,6122.05649122807,127,Арсеньевский,г. Арсеньев,05703000001
Приморский край,127,41.85268503937009,6122.05649122807,127,Арсеньевский,г. Арсеньев,05703000001
Приморский край,127,41.85268503937009,6122.05649122807,127,Арсеньевский,г. Арсеньев,05703000001
Приморский край,127,41.85268503937009,6122.05649122807,127,Арсеньевский,г. Арсеньев,05703000001
Приморский край,127,41.85268503937009,6122.05649122807,127,Арсеньевский,г. Арсеньев,05703000001
Приморский край,127,41.85268503937009,6122.05649122807,127,Арсеньевский,г. Арсеньев,05703000001
Приморский край,127,41.85268503937009,6122.05649122807,127,Арсеньевский,г. Арсеньев,05703000001
Приморский край,127,41.85268503937009,6122.05649122807,127,Дальнегорский,с. Краснореченский,05707000111
Приморский край,127,41.85268503937009,6122.05649122807,127,Арсеньевский,г. Арсеньев,05703000001
Приморский край,127,41.85268503937009,6122.05649122807,127,Арсеньевский,г. Арсеньев,05703000001
Приморский край,127,41.85268503937009,6122.05649122807,127,Арсеньевский,г. Арсеньев,05703000001
Приморский край,127,41.85268503937009,6122.05649122807,127,Арсеньевский,г. Арсеньев,05703000001
Приморский край,127,41.85268503937009,6122.05649122807,127,Арсеньевский,г. Арсеньев,05703000001
Приморский край,127,41.85268503937009,6122.05649122807,127,Арсеньевский,г. Арсеньев,05703000001
Приморский край,127,41.85268503937009,6122.05649122807,127,Арсеньевский,г. Арсеньев,05703000001
Приморский край,127,41.85268503937009,6122.05649122807,127,Арсеньевский,г. Арсеньев,05703000001
Приморский край,127,41.85268503937009,6122.05649122807,127,Арсеньевский,г. Арсеньев,05703000001
Приморский край,127,41.85268503937009,6122.05649122807,127,Арсеньевский,г. Арсеньев,05703000001
Приморский край,127,41.85268503937009,6122.05649122807,127,Арсеньевский,г. Арсеньев,05703000001
Приморский край,127,41.85268503937009,6122.05649122807,127,Уссурийский,г. Уссурийск,05723000001
Приморский край,127,41.85268503937009,6122.05649122807,127,Уссурийский,г. Уссурийск,05723000001
Приморский край,127,41.85268503937009,6122.05649122807,127,Уссурийский,г. Уссурийск,05723000001
Приморский край,127,41.85268503937009,6122.05649122807,127,Артёмовский,г. Артем,05705000001
Приморский край,127,41.85268503937009,6122.05649122807,127,Артёмовский,г. Артем,05705000001
Приморский край,127,41.85268503937009,6122.05649122807,127,Артёмовский,г. Артем,05705000001
Приморский край,127,41.85268503937009,6122.05649122807,127,Артёмовский,г. Артем,05705000001
Приморский край,127,41.85268503937009,6122.05649122807,127,Артёмовский,г. Артем,05705000001
Приморский край,127,41.85268503937009,6122.05649122807,127,Артёмовский,г. Артем,05705000001
Республика Северная Осетия-Алания,18,33.462222222222216,64000.0,18,Пригородный,с. Камбилеевское,90640420101
Республика Северная Осетия-Алания,18,33.462222222222216,64000.0,18,Пригородный,с. Камбилеевское,90640420101
Республика Северная Осетия-Алания,18,33.462222222222216,64000.0,18,Пригородный,с. Камбилеевское,90640420101
Республика Северная Осетия-Алания,18,33.462222222222216,64000.0,18,Пригородный,с. Камбилеевское,90640420101
Республика Северная Осетия-Алания,18,33.462222222222216,64000.0,18,Пригородный,с. Камбилеевское,90640420101
Республика Северная Осетия-Алания,18,33.462222222222216,64000.0,18,Пригородный,с. Камбилеевское,90640420101
Республика Северная Осетия-Алания,18,33.462222222222216,64000.0,18,Пригородный,с. Камбилеевское,90640420101
Республика Северная Осетия-Алания,18,33.462222222222216,64000.0,18,Пригородный,с. Камбилеевское,90640420101
Республика Северная Осетия-Алания,18,33.462222222222216,64000.0,18,Правобережный,г. Беслан,90635101001
Республика Северная Осетия-Алания,18,33.462222222222216,64000.0,18,Правобережный,г. Беслан,90635101001
Республика Северная Осетия-Алания,18,33.462222222222216,64000.0,18,Правобережный,г. Беслан,90635101001
Республика Северная Осетия-Алания,18,33.462222222222216,64000.0,18,Правобережный,г. Беслан,90635101001
Республика Северная Осетия-Алания,18,33.462222222222216,64000.0,18,Пригородный,с. Камбилеевское,90640420101
Республика Северная Осетия-Алания,18,33.462222222222216,64000.0,18,Пригородный,с. Камбилеевское,90640420101
Республика Северная Осетия-Алания,18,33.462222222222216,64000.0,18,Пригородный,с. Камбилеевское,90640420101
Республика Северная Осетия-Алания,18,33.462222222222216,64000.0,18,Пригородный,с. Камбилеевское,90640420101
Республика Северная Осетия-Алания,18,33.462222222222216,64000.0,18,Пригородный,с. Камбилеевское,90640420101
Республика Северная Осетия-Алания,18,33.462222222222216,64000.0,18,Пригородный,с. Камбилеевское,90640420101
Ленинградская область,7,14.042857142857143,5000.0,7,Всеволожский муниципальный район,п. Мурино,41612103001
Ленинградская область,7,14.042857142857143,5000.0,7,Всеволожский муниципальный район,п. Мурино,41612103001
Ленинградская область,7,14.042857142857143,5000.0,7,Всеволожский муниципальный район,п. Мурино,41612103001
Ленинградская область,7,14.042857142857143,5000.0,7,Всеволожский муниципальный район,п. Мурино,41612103001
Ленинградская область,7,14.042857142857143,5000.0,7,Всеволожский муниципальный район,п. Мурино,41612103001
Ленинградская область,7,14.042857142857143,5000.0,7,Лужский муниципальный район,г. Луга,41633101001
Ленинградская область,7,14.042857142857143,5000.0,7,Тосненский муниципальный район,г. Любань,41648105001
Омская область,253,74.51652173913048,10609.89010989011,253,Муромцевский район,с. Костино,52634417101
Омская область,253,74.51652173913048,10609.89010989011,253,Омск,г. Омск,52701000001
Омская область,253,74.51652173913048,10609.89010989011,253,Омск,г. Омск,52701000001
Омская область,253,74.51652173913048,10609.89010989011,253,Калачинский район,г. Калачинск,52618101001
Омская область,253,74.51652173913048,10609.89010989011,253,Калачинский район,г. Калачинск,52618101001
Омская область,253,74.51652173913048,10609.89010989011,253,Тарский район,с. Васисс,52654407101
Омская область,253,74.51652173913048,10609.89010989011,253,Муромцевский район,рп. Муромцево,52634151051
Омская область,253,74.51652173913048,10609.89010989011,253,Омск,г. Омск,52701000001
Омская область,253,74.51652173913048,10609.89010989011,253,Омск,г. Омск,52701000001
Омская область,253,74.51652173913048,10609.89010989011,253,Калачинский район,г. Калачинск,52618101001
Омская область,253,74.51652173913048,10609.89010989011,253,Калачинский район,г. Калачинск,52618101001
Омская область,253,74.51652173913048,10609.89010989011,253,Тарский район,с. Васисс,52654407101
Омская область,253,74.51652173913048,10609.89010989011,253,Калачинский район,г. Калачинск,52618101001
Омская область,253,74.51652173913048,10609.89010989011,253,Калачинский район,г. Калачинск,52618101001
Омская область,253,74.51652173913048,10609.89010989011,253,Омск,г. Омск,52701000001
Омская область,253,74.51652173913048,10609.89010989011,253,Муромцевский район,с. Костино,52634417101
Омская область,253,74.51652173913048,10609.89010989011,253,Тарский район,с. Васисс,52654407101
Омская область,253,74.51652173913048,10609.89010989011,253,Муромцевский район,рп. Муромцево,52634151051
Омская область,253,74.51652173913048,10609.89010989011,253,Омск,г. Омск,52701000001
Омская область,253,74.51652173913048,10609.89010989011,253,Омск,г. Омск,52701000001
Омская область,253,74.51652173913048,10609.89010989011,253,Омск,г. Омск,52701000001
Омская область,253,74.51652173913048,10609.89010989011,253,Калачинский район,г. Калачинск,52618101001
Омская область,253,74.51652173913048,10609.89010989011,253,Калачинский район,г. Калачинск,52618101001
Омская область,253,74.51652173913048,10609.89010989011,253,Тарский район,с. Васисс,52654407101
Омская область,253,74.51652173913048,10609.89010989011,253,Омск,г. Омск,52701000001
Омская область,253,74.51652173913048,10609.89010989011,253,Омск,г. Омск,52701000001
Омская область,253,74.51652173913048,10609.89010989011,253,Омск,г. Омск,52701000001
Омская область,253,74.51652173913048,10609.89010989011,253,Калачинский район,г. Калачинск,52618101001
Омская область,253,74.51652173913048,10609.89010989011,253,Калачинский район,г. Калачинск,52618101001
Омская область,253,74.51652173913048,10609.89010989011,253,Крутинский район,рп. Крутинка,52626151051
Омская область,253,74.51652173913048,10609.89010989011,253,Крутинский район,рп. Крутинка,52626151051
Омская область,253,74.51652173913048,10609.89010989011,253,Тарский район,с. Васисс,52654407101
Омская область,253,74.51652173913048,10609.89010989011,253,Омск,г. Омск,52701000001
Омская область,253,74.51652173913048,10609.89010989011,253,Омск,г. Омск,52701000001
Омская область,253,74.51652173913048,10609.89010989011,253,Омск,г. Омск,52701000001
Омская область,253,74.51652173913048,10609.89010989011,253,Калачинский район,г. Калачинск,52618101001
Омская область,253,74.51652173913048,10609.89010989011,253,Калачинский район,г. Калачинск,52618101001
Омская область,253,74.51652173913048,10609.89010989011,253,Омск,г. Омск,52701000001
Омская область,253,74.51652173913048,10609.89010989011,253,Тарский район,с. Васисс,52654407101
Омская область,253,74.51652173913048,10609.89010989011,253,Омск,г. Омск,52701000001
Омская область,253,74.51652173913048,10609.89010989011,253,Омск,г. Омск,52701000001
Омская область,253,74.51652173913048,10609.89010989011,253,Омск,г. Омск,52701000001
Омская область,253,74.51652173913048,10609.89010989011,253,Омск,г. Омск,52701000001
Омская область,253,74.51652173913048,10609.89010989011,253,Омск,г. Омск,52701000001
Омская область,253,74.51652173913048,10609.89010989011,253,Омск,г. Омск,52701000001
Омская область,253,74.51652173913048,10609.89010989011,253,Омск,г. Омск,52701000001
Омская область,253,74.51652173913048,10609.89010989011,253,Калачинский район,г. Калачинск,52618101001
Омская область,253,74.51652173913048,10609.89010989011,253,Калачинский район,г. Калачинск,52618101001
Омская область,253,74.51652173913048,10609.89010989011,253,Калачинский район,г. Калачинск,52618101001
Омская область,253,74.51652173913048,10609.89010989011,253,Омск,г. Омск,52701000001
Омская область,253,74.51652173913048,10609.89010989011,253,Тарский район,с. Васисс,52654407101
Омская область,253,74.51652173913048,10609.89010989011,253,Омск,г. Омск,52701000001
Омская область,253,74.51652173913048,10609.89010989011,253,Омск,г. Омск,52701000001
Омская область,253,74.51652173913048,10609.89010989011,253,Омск,г. Омск,52701000001
Омская область,253,74.51652173913048,10609.89010989011,253,Омск,г. Омск,52701000001
Омская область,253,74.51652173913048,10609.89010989011,253,Омск,г. Омск,52701000001
Омская область,253,74.51652173913048,10609.89010989011,253,Омск,г. Омск,52701000001
Омская область,253,74.51652173913048,10609.89010989011,253,Омск,г. Омск,52701000001
Омская область,253,74.51652173913048,10609.89010989011,253,Омск,г. Омск,52701000001
Омская область,253,74.51652173913048,10609.89010989011,253,Калачинский район,г. Калачинск,52618101001
Омская область,253,74.51652173913048,10609.89010989011,253,Калачинский район,г. Калачинск,52618101001
Омская область,253,74.51652173913048,10609.89010989011,253,Омск,г. Омск,52701000001
Омская область,253,74.51652173913048,10609.89010989011,253,Омск,г. Омск,52701000001
Омская область,253,74.51652173913048,10609.89010989011,253,Крутинский район,рп. Крутинка,52626151051
Омская область,253,74.51652173913048,10609.89010989011,253,Омск,г. Омск,52701000001
Омская область,253,74.51652173913048,10609.89010989011,253,Омск,г. Омск,52701000001
Омская область,253,74.51652173913048,10609.89010989011,253,Омск,г. Омск,52701000001
Омская область,253,74.51652173913048,10609.89010989011,253,Омск,г. Омск,52701000001
Омская область,253,74.51652173913048,10609.89010989011,253,Калачинский район,г. Калачинск,52618101001
Омская область,253,74.51652173913048,10609.89010989011,253,Калачинский район,г. Калачинск,52618101001
Омская область,253,74.51652173913048,10609.89010989011,253,Тарский район,с. Васисс,52654407101
Омская область,253,74.51652173913048,10609.89010989011,253,Омск,г. Омск,52701000001
Омская область,253,74.51652173913048,10609.89010989011,253,Омск,г. Омск,52701000001
Омская область,253,74.51652173913048,10609.89010989011,253,Омск,г. Омск,52701000001
Омская область,253,74.51652173913048,10609.89010989011,253,Калачинский район,г. Калачинск,52618101001
Омская область,253,74.51652173913048,10609.89010989011,253,Калачинский район,г. Калачинск,52618101001
Омская область,253,74.51652173913048,10609.89010989011,253,Муромцевский район,с. Костино,52634417101
Омская область,253,74.51652173913048,10609.89010989011,253,Тарский район,с. Васисс,52654407101
Омская область,253,74.51652173913048,10609.89010989011,253,Омск,г. Омск,52701000001
Омская область,253,74.51652173913048,10609.89010989011,253,Омск,г. Омск,52701000001
Омская область,253,74.51652173913048,10609.89010989011,253,Омск,г. Омск,52701000001
Омская область,253,74.51652173913048,10609.89010989011,253,Омск,г. Омск,52701000001
Омская область,253,74.51652173913048,10609.89010989011,253,Калачинский район,г. Калачинск,52618101001
Омская область,253,74.51652173913048,10609.89010989011,253,Калачинский район,г. Калачинск,52618101001
Омская область,253,74.51652173913048,10609.89010989011,253,Калачинский район,г. Калачинск,52618101001
Омская область,253,74.51652173913048,10609.89010989011,253,Калачинский район,г. Калачинск,52618101001
Омская область,253,74.51652173913048,10609.89010989011,253,Муромцевский район,рп. Муромцево,52634151051
Омская область,253,74.51652173913048,10609.89010989011,253,Омск,г. Омск,52701000001
Омская область,253,74.51652173913048,10609.89010989011,253,Омск,г. Омск,52701000001
Омская область,253,74.51652173913048,10609.89010989011,253,Калачинский район,г. Калачинск,52618101001
Омская область,253,74.51652173913048,10609.89010989011,253,Калачинский район,г. Калачинск,52618101001
Омская область,253,74.51652173913048,10609.89010989011,253,Тарский район,с. Васисс,52654407101
Омская область,253,74.51652173913048,10609.89010989011,253,Муромцевский район,с. Костино,52634417101
Омская область,253,74.51652173913048,10609.89010989011,253,Тарский район,с. Васисс,52654407101
Омская область,253,74.51652173913048,10609.89010989011,253,Калачинский район,г. Калачинск,52618101001
Омская область,253,74.51652173913048,10609.89010989011,253,Калачинский район,г. Калачинск,52618101001
Омская область,253,74.51652173913048,10609.89010989011,253,Тарский район,с. Васисс,52654407101
Омская область,253,74.51652173913048,10609.89010989011,253,Муромцевский район,с. Костино,52634417101
Омская область,253,74.51652173913048,10609.89010989011,253,Тарский район,д. Большие Кучки,52654440106
Омская область,253,74.51652173913048,10609.89010989011,253,Омск,г. Омск,52701000001
Омская область,253,74.51652173913048,10609.89010989011,253,Омск,г. Омск,52701000001
Омская область,253,74.51652173913048,10609.89010989011,253,Омск,г. Омск,52701000001
Омская область,253,74.51652173913048,10609.89010989011,253,Омск,г. Омск,52701000001
Омская область,253,74.51652173913048,10609.89010989011,253,Омск,г. Омск,52701000001
Омская область,253,74.51652173913048,10609.89010989011,253,Калачинский район,г. Калачинск,52618101001
Омская область,253,74.51652173913048,10609.89010989011,253,Калачинский район,г. Калачинск,52618101001
Омская область,253,74.51652173913048,10609.89010989011,253,Тарский район,с. Васисс,52654407101
Омская область,253,74.51652173913048,10609.89010989011,253,Омск,г. Омск,52701000001
Омская область,253,74.51652173913048,10609.89010989011,253,Омск,г. Омск,52701000001
Омская область,253,74.51652173913048,10609.89010989011,253,Омск,г. Омск,52701000001
Омская область,253,74.51652173913048,10609.89010989011,253,Омск,г. Омск,52701000001
Омская область,253,74.51652173913048,10609.89010989011,253,Омск,г. Омск,52701000001
Омская область,253,74.51652173913048,10609.89010989011,253,Омск,г. Омск,52701000001
Омская область,253,74.51652173913048,10609.89010989011,253,Омск,г. Омск,52701000001
Омская область,253,74.51652173913048,10609.89010989011,253,Калачинский район,г. Калачинск,52618101001
Омская область,253,74.51652173913048,10609.89010989011,253,Калачинский район,г. Калачинск,52618101001
Омская область,253,74.51652173913048,10609.89010989011,253,Муромцевский район,рп. Муромцево,52634151051
Омская область,253,74.51652173913048,10609.89010989011,253,Калачинский район,г. Калачинск,52618101001
Омская область,253,74.51652173913048,10609.89010989011,253,Калачинский район,г. Калачинск,52618101001
Омская область,253,74.51652173913048,10609.89010989011,253,Большеуковский район,с. Чебаклы,52606425101
Омская область,253,74.51652173913048,10609.89010989011,253,Муромцевский район,с. Костино,52634417101
Омская область,253,74.51652173913048,10609.89010989011,253,Муромцевский район,рп. Муромцево,52634151051
Омская область,253,74.51652173913048,10609.89010989011,253,Тарский район,д. Большие Кучки,52654440106
Омская область,253,74.51652173913048,10609.89010989011,253,Омск,г. Омск,52701000001
Омская область,253,74.51652173913048,10609.89010989011,253,Омск,г. Омск,52701000001
Омская область,253,74.51652173913048,10609.89010989011,253,Омск,г. Омск,52701000001
Омская область,253,74.51652173913048,10609.89010989011,253,Калачинский район,г. Калачинск,52618101001
Омская область,253,74.51652173913048,10609.89010989011,253,Калачинский район,г. Калачинск,52618101001
Омская область,253,74.51652173913048,10609.89010989011,253,Омск,г. Омск,52701000001
Омская область,253,74.51652173913048,10609.89010989011,253,Большеуковский район,с. Чебаклы,52606425101
Омская область,253,74.51652173913048,10609.89010989011,253,Муромцевский район,с. Костино,52634417101
Омская область,253,74.51652173913048,10609.89010989011,253,Омск,г. Омск,52701000001
Омская область,253,74.51652173913048,10609.89010989011,253,Калачинский район,г. Калачинск,52618101001
Омская область,253,74.51652173913048,10609.89010989011,253,Калачинский район,г. Калачинск,52618101001
Омская область,253,74.51652173913048,10609.89010989011,253,Омск,г. Омск,52701000001
Омская область,253,74.51652173913048,10609.89010989011,253,Омск,г. Омск,52701000001
Омская область,253,74.51652173913048,10609.89010989011,253,Муромцевский район,с. Костино,52634417101
Омская область,253,74.51652173913048,10609.89010989011,253,Омск,г. Омск,52701000001
Омская область,253,74.51652173913048,10609.89010989011,253,Муромцевский район,рп. Муромцево,52634151051
Омская область,253,74.51652173913048,10609.89010989011,253,Калачинский район,г. Калачинск,52618101001
Омская область,253,74.51652173913048,10609.89010989011,253,Калачинский район,г. Калачинск,52618101001
Омская область,253,74.51652173913048,10609.89010989011,253,Муромцевский район,с. Костино,52634417101
Омская область,253,74.51652173913048,10609.89010989011,253,Тарский район,с. Васисс,52654407101
Омская область,253,74.51652173913048,10609.89010989011,253,Седельниковский район,с. Седельниково,52652427101
Омская область,253,74.51652173913048,10609.89010989011,253,Муромцевский район,рп. Муромцево,52634151051
Омская область,253,74.51652173913048,10609.89010989011,253,Тарский район,д. Большие Кучки,52654440106
Омская область,253,74.51652173913048,10609.89010989011,253,Омск,г. Омск,52701000001
Омская область,253,74.51652173913048,10609.89010989011,253,Омск,г. Омск,52701000001
Омская область,253,74.51652173913048,10609.89010989011,253,Омск,г. Омск,52701000001
Омская область,253,74.51652173913048,10609.89010989011,253,Большеуковский район,с. Чебаклы,52606425101
Омская область,253,74.51652173913048,10609.89010989011,253,Тарский район,с. Васисс,52654407101
Омская область,253,74.51652173913048,10609.89010989011,253,Омск,г. Омск,52701000001
Омская область,253,74.51652173913048,10609.89010989011,253,Омск,г. Омск,52701000001
Омская область,253,74.51652173913048,10609.89010989011,253,Омск,г. Омск,52701000001
Омская область,253,74.51652173913048,10609.89010989011,253,Омск,г. Омск,52701000001
Омская область,253,74.51652173913048,10609.89010989011,253,Муромцевский район,рп. Муромцево,52634151051
Омская область,253,74.51652173913048,10609.89010989011,253,Омск,г. Омск,52701000001
Омская область,253,74.51652173913048,10609.89010989011,253,Омск,г. Омск,52701000001
Омская область,253,74.51652173913048,10609.89010989011,253,Калачинский район,г. Калачинск,52618101001
Омская область,253,74.51652173913048,10609.89010989011,253,Калачинский район,г. Калачинск,52618101001
Омская область,253,74.51652173913048,10609.89010989011,253,Муромцевский район,с. Костино,52634417101
Омская область,253,74.51652173913048,10609.89010989011,253,Тарский район,с. Васисс,52654407101
Омская область,253,74.51652173913048,10609.89010989011,253,Муромцевский район,рп. Муромцево,52634151051
Омская область,253,74.51652173913048,10609.89010989011,253,Омск,г. Омск,52701000001
Омская область,253,74.51652173913048,10609.89010989011,253,Омск,г. Омск,52701000001
Омская область,253,74.51652173913048,10609.89010989011,253,Калачинский район,г. Калачинск,52618101001
Омская область,253,74.51652173913048,10609.89010989011,253,Калачинский район,г. Калачинск,52618101001
Омская область,253,74.51652173913048,10609.89010989011,253,Муромцевский район,с. Костино,52634417101
Омская область,253,74.51652173913048,10609.89010989011,253,Тарский район,с. Васисс,52654407101
Омская область,253,74.51652173913048,10609.89010989011,253,Омск,г. Омск,52701000001
Омская область,253,74.51652173913048,10609.89010989011,253,Усть-Ишимский район,с. Усть-Ишим,52657432101
Омская область,253,74.51652173913048,10609.89010989011,253,Муромцевский район,с. Костино,52634417101
Омская область,253,74.51652173913048,10609.89010989011,253,Омск,г. Омск,52701000001
Омская область,253,74.51652173913048,10609.89010989011,253,Омск,г. Омск,52701000001
Омская область,253,74.51652173913048,10609.89010989011,253,Калачинский район,г. Калачинск,52618101001
Омская область,253,74.51652173913048,10609.89010989011,253,Седельниковский район,с. Седельниково,52652427101
Омская область,253,74.51652173913048,10609.89010989011,253,Муромцевский район,рп. Муромцево,52634151051
Омская область,253,74.51652173913048,10609.89010989011,253,Омск,г. Омск,52701000001
Омская область,253,74.51652173913048,10609.89010989011,253,Омск,г. Омск,52701000001
Омская область,253,74.51652173913048,10609.89010989011,253,Омск,г. Омск,52701000001
Омская область,253,74.51652173913048,10609.89010989011,253,Калачинский район,г. Калачинск,52618101001
Омская область,253,74.51652173913048,10609.89010989011,253,Калачинский район,г. Калачинск,52618101001
Омская область,253,74.51652173913048,10609.89010989011,253,Муромцевский район,с. Костино,52634417101
Омская область,253,74.51652173913048,10609.89010989011,253,Омск,г. Омск,52701000001
Омская область,253,74.51652173913048,10609.89010989011,253,Калачинский район,г. Калачинск,52618101001
Омская область,253,74.51652173913048,10609.89010989011,253,Калачинский район,г. Калачинск,52618101001
Омская область,253,74.51652173913048,10609.89010989011,253,Усть-Ишимский район,с. Усть-Ишим,52657432101
Омская область,253,74.51652173913048,10609.89010989011,253,Усть-Ишимский район,с. Усть-Ишим,52657432101
Омская область,253,74.51652173913048,10609.89010989011,253,Усть-Ишимский район,с. Усть-Ишим,52657432101
Омская область,253,74.51652173913048,10609.89010989011,253,Русско-Полянский район,с. Алабота,52650402101
Омская область,253,74.51652173913048,10609.89010989011,253,Усть-Ишимский район,с. Усть-Ишим,52657432101
Омская область,253,74.51652173913048,10609.89010989011,253,Калачинский район,г. Калачинск,52618101001
Омская область,253,74.51652173913048,10609.89010989011,253,Муромцевский район,рп. Муромцево,52634151051
Омская область,253,74.51652173913048,10609.89010989011,253,Омск,г. Омск,52701000001
Омская область,253,74.51652173913048,10609.89010989011,253,Калачинский район,г. Калачинск,52618101001
Омская область,253,74.51652173913048,10609.89010989011,253,Калачинский район,г. Калачинск,52618101001
Омская область,253,74.51652173913048,10609.89010989011,253,Муромцевский район,рп. Муромцево,52634151051
Омская область,253,74.51652173913048,10609.89010989011,253,Омск,г. Омск,52701000001
Омская область,253,74.51652173913048,10609.89010989011,253,Омск,г. Омск,52701000001
Омская область,253,74.51652173913048,10609.89010989011,253,Калачинский район,г. Калачинск,52618101001
Омская область,253,74.51652173913048,10609.89010989011,253,Калачинский район,г. Калачинск,52618101001
Омская область,253,74.51652173913048,10609.89010989011,253,Усть-Ишимский район,с. Усть-Ишим,52657432101
Омская область,253,74.51652173913048,10609.89010989011,253,Омск,г. Омск,52701000001
Омская область,253,74.51652173913048,10609.89010989011,253,Муромцевский район,с. Костино,52634417101
Омская область,253,74.51652173913048,10609.89010989011,253,Омск,г. Омск,52701000001
Омская область,253,74.51652173913048,10609.89010989011,253,Омск,г. Омск,52701000001
Омская область,253,74.51652173913048,10609.89010989011,253,Усть-Ишимский район,с. Усть-Ишим,52657432101
Омская область,253,74.51652173913048,10609.89010989011,253,Усть-Ишимский район,с. Усть-Ишим,52657432101
Омская область,253,74.51652173913048,10609.89010989011,253,Омск,г. Омск,52701000001
Омская область,253,74.51652173913048,10609.89010989011,253,Омск,г. Омск,52701000001
Омская область,253,74.51652173913048,10609.89010989011,253,Калачинский район,г. Калачинск,52618101001
Омская область,253,74.51652173913048,10609.89010989011,253,Калачинский район,г. Калачинск,52618101001
Омская область,253,74.51652173913048,10609.89010989011,253,Омск,г. Омск,52701000001
Омская область,253,74.51652173913048,10609.89010989011,253,Муромцевский район,рп. Муромцево,52634151051
Омская область,253,74.51652173913048,10609.89010989011,253,Омск,г. Омск,52701000001
Омская область,253,74.51652173913048,10609.89010989011,253,Омск,г. Омск,52701000001
Омская область,253,74.51652173913048,10609.89010989011,253,Омск,г. Омск,52701000001
Омская область,253,74.51652173913048,10609.89010989011,253,Омск,г. Омск,52701000001
Омская область,253,74.51652173913048,10609.89010989011,253,Омск,г. Омск,52701000001
Омская область,253,74.51652173913048,10609.89010989011,253,Омск,г. Омск,52701000001
Омская область,253,74.51652173913048,10609.89010989011,253,Калачинский район,г. Калачинск,52618101001
Омская область,253,74.51652173913048,10609.89010989011,253,Калачинский район,г. Калачинск,52618101001
Омская область,253,74.51652173913048,10609.89010989011,253,Омск,г. Омск,52701000001
Омская область,253,74.51652173913048,10609.89010989011,253,Муромцевский район,с. Костино,52634417101
Омская область,253,74.51652173913048,10609.89010989011,253,Омск,г. Омск,52701000001
Омская область,253,74.51652173913048,10609.89010989011,253,Омск,г. Омск,52701000001
Омская область,253,74.51652173913048,10609.89010989011,253,Омск,г. Омск,52701000001
Омская область,253,74.51652173913048,10609.89010989011,253,Омск,г. Омск,52701000001
Омская область,253,74.51652173913048,10609.89010989011,253,Омск,г. Омск,52701000001
Омская область,253,74.51652173913048,10609.89010989011,253,Омск,г. Омск,52701000001
Омская область,253,74.51652173913048,10609.89010989011,253,Омск,г. Омск,52701000001
Омская область,253,74.51652173913048,10609.89010989011,253,Калачинский район,г. Калачинск,52618101001
Омская область,253,74.51652173913048,10609.89010989011,253,Калачинский район,г. Калачинск,52618101001
Омская область,253,74.51652173913048,10609.89010989011,253,Омск,г. Омск,52701000001
Омская область,253,74.51652173913048,10609.89010989011,253,Омск,г. Омск,52701000001
Омская область,253,74.51652173913048,10609.89010989011,253,Муромцевский район,с. Костино,52634417101
Омская область,253,74.51652173913048,10609.89010989011,253,Омск,г. Омск,52701000001
Омская область,253,74.51652173913048,10609.89010989011,253,Калачинский район,г. Калачинск,52618101001
Омская область,253,74.51652173913048,10609.89010989011,253,Калачинский район,г. Калачинск,52618101001
Омская область,253,74.51652173913048,10609.89010989011,253,Муромцевский район,рп. Муромцево,52634151051
Омская область,253,74.51652173913048,10609.89010989011,253,Муромцевский район,с. Костино,52634417101
Омская область,253,74.51652173913048,10609.89010989011,253,Калачинский район,г. Калачинск,52618101001
Омская область,253,74.51652173913048,10609.89010989011,253,Муромцевский район,рп. Муромцево,52634151051
Омская область,253,74.51652173913048,10609.89010989011,253,Омск,г. Омск,52701000001
Омская область,253,74.51652173913048,10609.89010989011,253,Омск,г. Омск,52701000001
Омская область,253,74.51652173913048,10609.89010989011,253,Калачинский район,г. Калачинск,52618101001
Омская область,253,74.51652173913048,10609.89010989011,253,Калачинский район,г. Калачинск,52618101001
Омская область,253,74.51652173913048,10609.89010989011,253,Муромцевский район,с. Костино,52634417101
Омская область,253,74.51652173913048,10609.89010989011,253,Тарский район,с. Васисс,52654407101
Омская область,253,74.51652173913048,10609.89010989011,253,Калачинский район,г. Калачинск,52618101001
Омская область,253,74.51652173913048,10609.89010989011,253,Калачинский район,г. Калачинск,52618101001
Омская область,253,74.51652173913048,10609.89010989011,253,Усть-Ишимский район,с. Усть-Ишим,52657432101
Омская область,253,74.51652173913048,10609.89010989011,253,Крутинский район,рп. Крутинка,52626151051
Иркутская область,78,82.42313974358974,0.049,78,Ангарский район,г. Ангарск,25703000001
Иркутская область,78,82.42313974358974,0.049,78,Качугский район,рп. Качуг,25618151051
Иркутская область,78,82.42313974358974,0.049,78,Качугский район,рп. Качуг,25618151051
Иркутская область,78,82.42313974358974,0.049,78,Иркутск,г. Иркутск,25701000001
Иркутская область,78,82.42313974358974,0.049,78,Иркутск,г. Иркутск,25701000001
Иркутская область,78,82.42313974358974,0.049,78,Свирск,г. Свирск,25746000001
Иркутская область,78,82.42313974358974,0.049,78,Иркутск,г. Иркутск,25701000001
Иркутская область,78,82.42313974358974,0.049,78,Усолье-Сибирское,г. Усолье-Сибирское,25736000001
Иркутская область,78,82.42313974358974,0.049,78,Иркутск,г. Иркутск,25701000001
Иркутская область,78,82.42313974358974,0.049,78,Тулун,г. Тулун,25732000001
Иркутская область,78,82.42313974358974,0.049,78,Усолье-Сибирское,г. Усолье-Сибирское,25736000001
Иркутская область,78,82.42313974358974,0.049,78,Усолье-Сибирское,г. Усолье-Сибирское,25736000001
Иркутская область,78,82.42313974358974,0.049,78,Усолье-Сибирское,г. Усолье-Сибирское,25736000001
Иркутская область,78,82.42313974358974,0.049,78,Братский район,с. Кобляково,25604422101
Иркутская область,78,82.42313974358974,0.049,78,Братский район,с. Кобляково,25604422101
Иркутская область,78,82.42313974358974,0.049,78,Усолье-Сибирское,г. Усолье-Сибирское,25736000001
Иркутская область,78,82.42313974358974,0.049,78,Свирск,г. Свирск,25746000001
Иркутская область,78,82.42313974358974,0.049,78,Свирск,г. Свирск,25746000001
Иркутская область,78,82.42313974358974,0.049,78,Иркутск,г. Иркутск,25701000001
Иркутская область,78,82.42313974358974,0.049,78,Иркутский район,с. Урик,25612425101
Иркутская область,78,82.42313974358974,0.049,78,Свирск,г. Свирск,25746000001
Иркутская область,78,82.42313974358974,0.049,78,Иркутск,г. Иркутск,25701000001
Иркутская область,78,82.42313974358974,0.049,78,Иркутск,г. Иркутск,25701000001
Иркутская область,78,82.42313974358974,0.049,78,Иркутск,г. Иркутск,25701000001
Иркутская область,78,82.42313974358974,0.049,78,Иркутск,г. Иркутск,25701000001
Иркутская область,78,82.42313974358974,0.049,78,Иркутск,г. Иркутск,25701000001
Иркутская область,78,82.42313974358974,0.049,78,Иркутск,г. Иркутск,25701000001
Иркутская область,78,82.42313974358974,0.049,78,Ангарский район,г. Ангарск,25703000001
Иркутская область,78,82.42313974358974,0.049,78,Ангарский район,г. Ангарск,25703000001
Иркутская область,78,82.42313974358974,0.049,78,Ангарский район,г. Ангарск,25703000001
Иркутская область,78,82.42313974358974,0.049,78,Ангарский район,г. Ангарск,25703000001
Иркутская область,78,82.42313974358974,0.049,78,Ангарский район,г. Ангарск,25703000001
Иркутская область,78,82.42313974358974,0.049,78,Ангарский район,г. Ангарск,25703000001
Иркутская область,78,82.42313974358974,0.049,78,Ангарский район,г. Ангарск,25703000001
Иркутская область,78,82.42313974358974,0.049,78,Усолье-Сибирское,г. Усолье-Сибирское,25736000001
Иркутская область,78,82.42313974358974,0.049,78,Усолье-Сибирское,г. Усолье-Сибирское,25736000001
Иркутская область,78,82.42313974358974,0.049,78,Усолье-Сибирское,г. Усолье-Сибирское,25736000001
Иркутская область,78,82.42313974358974,0.049,78,Усолье-Сибирское,г. Усолье-Сибирское,25736000001
Иркутская область,78,82.42313974358974,0.049,78,Усолье-Сибирское,г. Усолье-Сибирское,25736000001
Иркутская область,78,82.42313974358974,0.049,78,Свирск,г. Свирск,25746000001
Иркутская область,78,82.42313974358974,0.049,78,Ангарский район,г. Ангарск,25703000001
Иркутская область,78,82.42313974358974,0.049,78,Ангарский район,г. Ангарск,25703000001
Иркутская область,78,82.42313974358974,0.049,78,Иркутск,г. Иркутск,25701000001
Иркутская область,78,82.42313974358974,0.049,78,Усолье-Сибирское,г. Усолье-Сибирское,25736000001
Иркутская область,78,82.42313974358974,0.049,78,Иркутск,г. Иркутск,25701000001
Иркутская область,78,82.42313974358974,0.049,78,Иркутск,г. Иркутск,25701000001
Иркутская область,78,82.42313974358974,0.049,78,Иркутск,г. Иркутск,25701000001
Иркутская область,78,82.42313974358974,0.049,78,Свирск,г. Свирск,25746000001
Иркутская область,78,82.42313974358974,0.049,78,Иркутск,г. Иркутск,25701000001
Иркутская область,78,82.42313974358974,0.049,78,Иркутск,г. Иркутск,25701000001
Иркутская область,78,82.42313974358974,0.049,78,Свирск,г. Свирск,25746000001
Иркутская область,78,82.42313974358974,0.049,78,Иркутск,г. Иркутск,25701000001
Иркутская область,78,82.42313974358974,0.049,78,Иркутск,г. Иркутск,25701000001
Иркутская область,78,82.42313974358974,0.049,78,Иркутск,г. Иркутск,25701000001
Иркутская область,78,82.42313974358974,0.049,78,Иркутск,г. Иркутск,25701000001
Иркутская область,78,82.42313974358974,0.049,78,Свирск,г. Свирск,25746000001
Иркутская область,78,82.42313974358974,0.049,78,Шелеховский район,г. Шелехов,25655101001
Иркутская область,78,82.42313974358974,0.049,78,Ангарский район,г. Ангарск,25703000001
Иркутская область,78,82.42313974358974,0.049,78,Ангарский район,г. Ангарск,25703000001
Иркутская область,78,82.42313974358974,0.049,78,Ангарский район,г. Ангарск,25703000001
Иркутская область,78,82.42313974358974,0.049,78,Ангарский район,г. Ангарск,25703000001
Иркутская область,78,82.42313974358974,0.049,78,Иркутск,г. Иркутск,25701000001
Иркутская область,78,82.42313974358974,0.049,78,Иркутск,г. Иркутск,25701000001
Иркутская область,78,82.42313974358974,0.049,78,Иркутск,г. Иркутск,25701000001
Иркутская область,78,82.42313974358974,0.049,78,Иркутск,г. Иркутск,25701000001
Иркутская область,78,82.42313974358974,0.049,78,Свирск,г. Свирск,25746000001
Иркутская область,78,82.42313974358974,0.049,78,Иркутский район,с. Урик,25612425101
Иркутская область,78,82.42313974358974,0.049,78,Свирск,г. Свирск,25746000001
Иркутская область,78,82.42313974358974,0.049,78,Свирск,г. Свирск,25746000001
Иркутская область,78,82.42313974358974,0.049,78,Свирск,г. Свирск,25746000001
Иркутская область,78,82.42313974358974,0.049,78,Свирск,г. Свирск,25746000001
Иркутская область,78,82.42313974358974,0.049,78,Свирск,г. Свирск,25746000001
Иркутская область,78,82.42313974358974,0.049,78,Свирск,г. Свирск,25746000001
Иркутская область,78,82.42313974358974,0.049,78,Свирск,г. Свирск,25746000001
Иркутская область,78,82.42313974358974,0.049,78,Братский район,с. Кобляково,25604422101
Иркутская область,78,82.42313974358974,0.049,78,Иркутский район,с. Урик,25612425101
Иркутская область,78,82.42313974358974,0.049,78,Братский район,с. Кобляково,25604422101
Иркутская область,78,82.42313974358974,0.049,78,Братский район,с. Кобляково,25604422101
Архангельская область,29,98.34482758620689,15459.122807017542,29,Котласский муниципальный район,г. Сольвычегодск,11627104001
Архангельская область,29,98.34482758620689,15459.122807017542,29,Онежский муниципальный район,с. Порог,11646436101
Архангельская область,29,98.34482758620689,15459.122807017542,29,Новодвинск,г. Новодвинск,11715000001
Архангельская область,29,98.34482758620689,15459.122807017542,29,Новодвинск,г. Новодвинск,11715000001
Архангельская область,29,98.34482758620689,15459.122807017542,29,Новодвинск,г. Новодвинск,11715000001
Архангельская область,29,98.34482758620689,15459.122807017542,29,Новодвинск,г. Новодвинск,11715000001
Архангельская область,29,98.34482758620689,15459.122807017542,29,Пинежский муниципальный район,д. Кулой,11648427161
Архангельская область,29,98.34482758620689,15459.122807017542,29,Город Нарьян-Мар,г. Нарьян-Мар,11851000001
Архангельская область,29,98.34482758620689,15459.122807017542,29,Город Нарьян-Мар,г. Нарьян-Мар,11851000001
Архангельская область,29,98.34482758620689,15459.122807017542,29,Город Нарьян-Мар,г. Нарьян-Мар,11851000001
Архангельская область,29,98.34482758620689,15459.122807017542,29,Лешуконский муниципальный район,д. Малая Нисогора,11638408126
Архангельская область,29,98.34482758620689,15459.122807017542,29,Лешуконский муниципальный район,д. Малая Нисогора,11638408126
Архангельская область,29,98.34482758620689,15459.122807017542,29,Лешуконский муниципальный район,д. Малая Нисогора,11638408126
Архангельская область,29,98.34482758620689,15459.122807017542,29,Лешуконский муниципальный район,д. Малая Нисогора,11638408126
Архангельская область,29,98.34482758620689,15459.122807017542,29,Пинежский муниципальный район,д. Кулой,11648427161
Архангельская область,29,98.34482758620689,15459.122807017542,29,Лешуконский муниципальный район,д. Малая Нисогора,11638408126
Архангельская область,29,98.34482758620689,15459.122807017542,29,Лешуконский муниципальный район,д. Малая Нисогора,11638408126
Архангельская область,29,98.34482758620689,15459.122807017542,29,Плесецкий муниципальный район,рп. Североонежск,11650188051
Архангельская область,29,98.34482758620689,15459.122807017542,29,Лешуконский муниципальный район,д. Малая Нисогора,11638408126
Архангельская область,29,98.34482758620689,15459.122807017542,29,Котласский муниципальный район,г. Сольвычегодск,11627104001
Архангельская область,29,98.34482758620689,15459.122807017542,29,Лешуконский муниципальный район,д. Малая Нисогора,11638408126
Архангельская область,29,98.34482758620689,15459.122807017542,29,Приморский муниципальный район,п. Уемский,11652466101
Архангельская область,29,98.34482758620689,15459.122807017542,29,Приморский муниципальный район,д. Трепузово,11652406246
Архангельская область,29,98.34482758620689,15459.122807017542,29,Новодвинск,г. Новодвинск,11715000001
Архангельская область,29,98.34482758620689,15459.122807017542,29,Новодвинск,г. Новодвинск,11715000001
Архангельская область,29,98.34482758620689,15459.122807017542,29,Онежский муниципальный район,с. Порог,11646436101
Архангельская область,29,98.34482758620689,15459.122807017542,29,Лешуконский муниципальный район,д. Малая Нисогора,11638408126
Архангельская область,29,98.34482758620689,15459.122807017542,29,Архангельск,г. Архангельск,11701000001
Архангельская область,29,98.34482758620689,15459.122807017542,29,Архангельск,г. Архангельск,11701000001
Самарская область,133,46.955723214285726,7778.447154471544,112,Самара,г. Самара,36701000001
Самарская область,133,46.955723214285726,7778.447154471544,112,Самара,г. Самара,36701000001
Самарская область,133,46.955723214285726,7778.447154471544,112,Чапаевск,г. Чапаевск,36750000001
Самарская область,133,46.955723214285726,7778.447154471544,112,Чапаевск,г. Чапаевск,36750000001
Самарская область,133,46.955723214285726,7778.447154471544,112,Чапаевск,г. Чапаевск,36750000001
Самарская область,133,46.955723214285726,7778.447154471544,112,Чапаевск,г. Чапаевск,36750000001
Самарская область,133,46.955723214285726,7778.447154471544,112,Чапаевск,г. Чапаевск,36750000001
Самарская область,133,46.955723214285726,7778.447154471544,112,Чапаевск,г. Чапаевск,36750000001
Самарская область,133,46.955723214285726,7778.447154471544,112,Чапаевск,г. Чапаевск,36750000001
Самарская область,133,46.955723214285726,7778.447154471544,112,Чапаевск,г. Чапаевск,36750000001
Самарская область,133,46.955723214285726,7778.447154471544,112,Чапаевск,г. Чапаевск,36750000001
Самарская область,133,46.955723214285726,7778.447154471544,112,Чапаевск,г. Чапаевск,36750000001
Самарская область,133,46.955723214285726,7778.447154471544,112,Чапаевск,г. Чапаевск,36750000001
Самарская область,133,46.955723214285726,7778.447154471544,112,Чапаевск,г. Чапаевск,36750000001
Самарская область,133,46.955723214285726,7778.447154471544,112,Чапаевск,г. Чапаевск,36750000001
Самарская область,133,46.955723214285726,7778.447154471544,112,Хворостянский район,с. Новотулка,36644420101
Самарская область,133,46.955723214285726,7778.447154471544,112,Самара,г. Самара,36701000001
Самарская область,133,46.955723214285726,7778.447154471544,112,Волжский район,пгт. Смышляевка,36614157051
Самарская область,133,46.955723214285726,7778.447154471544,112,Волжский район,пгт. Смышляевка,36614157051
Самарская область,133,46.955723214285726,7778.447154471544,112,Чапаевск,г. Чапаевск,36750000001
Самарская область,133,46.955723214285726,7778.447154471544,112,Чапаевск,г. Чапаевск,36750000001
Самарская область,133,46.955723214285726,7778.447154471544,112,Волжский район,пгт. Стройкерамика,36614157056
Самарская область,133,46.955723214285726,7778.447154471544,112,Волжский район,пгт. Стройкерамика,36614157056
Самарская область,133,46.955723214285726,7778.447154471544,112,Безенчукский район,с. Прибой,36604436101
Самарская область,133,46.955723214285726,7778.447154471544,112,Хворостянский район,с. Новотулка,36644420101
Самарская область,133,46.955723214285726,7778.447154471544,112,Нефтегорский район,п. Ветлянка,36630413106
Самарская область,133,46.955723214285726,7778.447154471544,112,Безенчукский район,с. Прибой,36604436101
Самарская область,133,46.955723214285726,7778.447154471544,112,Хворостянский район,с. Новотулка,36644420101
Самарская область,133,46.955723214285726,7778.447154471544,112,Безенчукский район,с. Прибой,36604436101
Самарская область,133,46.955723214285726,7778.447154471544,112,Безенчукский район,с. Прибой,36604436101
Самарская область,133,46.955723214285726,7778.447154471544,112,Безенчукский район,с. Прибой,36604436101
Самарская область,133,46.955723214285726,7778.447154471544,112,Безенчукский район,с. Прибой,36604436101
Самарская область,133,46.955723214285726,7778.447154471544,112,Безенчукский район,с. Прибой,36604436101
Самарская область,133,46.955723214285726,7778.447154471544,112,Безенчукский район,с. Прибой,36604436101
Самарская область,133,46.955723214285726,7778.447154471544,112,Безенчукский район,с. Прибой,36604436101
Самарская область,133,46.955723214285726,7778.447154471544,112,Безенчукский район,с. Прибой,36604436101
Самарская область,133,46.955723214285726,7778.447154471544,112,Безенчукский район,с. Прибой,36604436101
Самарская область,133,46.955723214285726,7778.447154471544,112,Безенчукский район,с. Прибой,36604436101
Самарская область,133,46.955723214285726,7778.447154471544,112,Безенчукский район,с. Прибой,36604436101
Самарская область,133,46.955723214285726,7778.447154471544,112,Новокуйбышевск,г. Новокуйбышевск,36713000001
Самарская область,133,46.955723214285726,7778.447154471544,112,Новокуйбышевск,г. Новокуйбышевск,36713000001
Самарская область,133,46.955723214285726,7778.447154471544,112,Нефтегорский район,п. Ветлянка,36630413106
Самарская область,133,46.955723214285726,7778.447154471544,112,Чапаевск,г. Чапаевск,36750000001
Самарская область,133,46.955723214285726,7778.447154471544,112,Чапаевск,г. Чапаевск,36750000001
Самарская область,133,46.955723214285726,7778.447154471544,112,Чапаевск,г. Чапаевск,36750000001
Самарская область,133,46.955723214285726,7778.447154471544,112,Чапаевск,г. Чапаевск,36750000001
Самарская область,133,46.955723214285726,7778.447154471544,112,Чапаевск,г. Чапаевск,36750000001
Самарская область,133,46.955723214285726,7778.447154471544,112,Чапаевск,г. Чапаевск,36750000001
Самарская область,133,46.955723214285726,7778.447154471544,112,Чапаевск,г. Чапаевск,36750000001
Самарская область,133,46.955723214285726,7778.447154471544,112,Волжский район,пгт. Смышляевка,36614157051
Самарская область,133,46.955723214285726,7778.447154471544,112,Волжский район,пгт. Смышляевка,36614157051
Самарская область,133,46.955723214285726,7778.447154471544,112,Волжский район,пгт. Смышляевка,36614157051
Самарская область,133,46.955723214285726,7778.447154471544,112,Чапаевск,г. Чапаевск,36750000001
Самарская область,133,46.955723214285726,7778.447154471544,112,Чапаевск,г. Чапаевск,36750000001
Самарская область,133,46.955723214285726,7778.447154471544,112,Чапаевск,г. Чапаевск,36750000001
Самарская область,133,46.955723214285726,7778.447154471544,112,Красноярский район,с. Новый Буян,36628420101
Самарская область,133,46.955723214285726,7778.447154471544,112,Красноярский район,с. Новый Буян,36628420101
Самарская область,133,46.955723214285726,7778.447154471544,112,Красноярский район,с. Новый Буян,36628420101
Самарская область,133,46.955723214285726,7778.447154471544,112,Чапаевск,г. Чапаевск,36750000001
Самарская область,133,46.955723214285726,7778.447154471544,112,Красноярский район,с. Новый Буян,36628420101
Самарская область,133,46.955723214285726,7778.447154471544,112,Красноярский район,с. Новый Буян,36628420101
Самарская область,133,46.955723214285726,7778.447154471544,112,Красноярский район,с. Новый Буян,36628420101
Самарская область,133,46.955723214285726,7778.447154471544,112,Красноярский район,с. Новый Буян,36628420101
Самарская область,133,46.955723214285726,7778.447154471544,112,Красноярский район,с. Новый Буян,36628420101
Самарская область,133,46.955723214285726,7778.447154471544,112,Красноярский район,с. Новый Буян,36628420101
Самарская область,133,46.955723214285726,7778.447154471544,112,Чапаевск,г. Чапаевск,36750000001
Самарская область,133,46.955723214285726,7778.447154471544,112,Чапаевск,г. Чапаевск,36750000001
Самарская область,133,46.955723214285726,7778.447154471544,112,Чапаевск,г. Чапаевск,36750000001
Самарская область,133,46.955723214285726,7778.447154471544,112,Волжский район,пгт. Стройкерамика,36614157056
Самарская область,133,46.955723214285726,7778.447154471544,112,Волжский район,пгт. Стройкерамика,36614157056
Самарская область,133,46.955723214285726,7778.447154471544,112,Волжский район,пгт. Стройкерамика,36614157056
Самарская область,133,46.955723214285726,7778.447154471544,112,Самара,г. Самара,36701000001
Самарская область,133,46.955723214285726,7778.447154471544,112,Чапаевск,г. Чапаевск,36750000001
Самарская область,133,46.955723214285726,7778.447154471544,112,Чапаевск,г. Чапаевск,36750000001
Самарская область,133,46.955723214285726,7778.447154471544,112,Самара,г. Самара,36701000001
Самарская область,133,46.955723214285726,7778.447154471544,112,Волжский район,пгт. Стройкерамика,36614157056
Самарская область,133,46.955723214285726,7778.447154471544,112,Кинельский район,с. Сырейка,36618448111
Самарская область,133,46.955723214285726,7778.447154471544,112,Кинельский район,с. Сырейка,36618448111
Самарская область,133,46.955723214285726,7778.447154471544,112,Чапаевск,г. Чапаевск,36750000001
Самарская область,133,46.955723214285726,7778.447154471544,112,Чапаевск,г. Чапаевск,36750000001
Самарская область,133,46.955723214285726,7778.447154471544,112,Чапаевск,г. Чапаевск,36750000001
Самарская область,133,46.955723214285726,7778.447154471544,112,Красноармейский район,п. Новая Вязовка,36626432121
Самарская область,133,46.955723214285726,7778.447154471544,112,Безенчукский район,с. Прибой,36604436101
Самарская область,133,46.955723214285726,7778.447154471544,112,Чапаевск,г. Чапаевск,36750000001
Самарская область,133,46.955723214285726,7778.447154471544,112,Чапаевск,г. Чапаевск,36750000001
Самарская область,133,46.955723214285726,7778.447154471544,112,Красноармейский район,п. Карагай,36626432111
Самарская область,133,46.955723214285726,7778.447154471544,112,Волжский район,п. Тридцатый,36614432126
Самарская область,133,46.955723214285726,7778.447154471544,112,Чапаевск,г. Чапаевск,36750000001
Самарская область,133,46.955723214285726,7778.447154471544,112,Чапаевск,г. Чапаевск,36750000001
Самарская область,133,46.955723214285726,7778.447154471544,112,Чапаевск,г. Чапаевск,36750000001
Самарская область,133,46.955723214285726,7778.447154471544,112,Чапаевск,г. Чапаевск,36750000001
Самарская область,133,46.955723214285726,7778.447154471544,112,Чапаевск,г. Чапаевск,36750000001
Самарская область,133,46.955723214285726,7778.447154471544,112,Чапаевск,г. Чапаевск,36750000001
Самарская область,133,46.955723214285726,7778.447154471544,112,Пестравский район,с. Пестравка,36632432101
Самарская область,133,46.955723214285726,7778.447154471544,112,Сызрань,г. Сызрань,36735000001
Самарская область,133,46.955723214285726,7778.447154471544,112,Чапаевск,г. Чапаевск,36750000001
Самарская область,133,46.955723214285726,7778.447154471544,112,Чапаевск,г. Чапаевск,36750000001
Самарская область,133,46.955723214285726,7778.447154471544,112,Самара,г. Самара,36701000001
Самарская область,133,46.955723214285726,7778.447154471544,112,Чапаевск,г. Чапаевск,36750000001
Самарская область,133,46.955723214285726,7778.447154471544,112,Чапаевск,г. Чапаевск,36750000001
Самарская область,133,46.955723214285726,7778.447154471544,112,Чапаевск,г. Чапаевск,36750000001
Самарская область,133,46.955723214285726,7778.447154471544,112,Чапаевск,г. Чапаевск,36750000001
Самарская область,133,46.955723214285726,7778.447154471544,112,Чапаевск,г. Чапаевск,36750000001
Самарская область,133,46.955723214285726,7778.447154471544,112,Чапаевск,г. Чапаевск,36750000001
Самарская область,133,46.955723214285726,7778.447154471544,112,Чапаевск,г. Чапаевск,36750000001
Самарская область,133,46.955723214285726,7778.447154471544,112,Чапаевск,г. Чапаевск,36750000001
Самарская область,133,46.955723214285726,7778.447154471544,112,Чапаевск,г. Чапаевск,36750000001
Самарская область,133,46.955723214285726,7778.447154471544,112,Чапаевск,г. Чапаевск,36750000001
Самарская область,133,46.955723214285726,7778.447154471544,112,Чапаевск,г. Чапаевск,36750000001
Самарская область,133,46.955723214285726,7778.447154471544,112,Чапаевск,г. Чапаевск,36750000001
Самарская область,133,46.955723214285726,7778.447154471544,112,Чапаевск,г. Чапаевск,36750000001
Самарская область,133,46.955723214285726,7778.447154471544,112,Чапаевск,г. Чапаевск,36750000001
Ненецкий автономный округ (Архангельская область),38,76.60526315789474,7763.636363636364,38,Город Нарьян-Мар,г. Нарьян-Мар,11851000001
Ненецкий автономный округ (Архангельская область),38,76.60526315789474,7763.636363636364,38,Город Нарьян-Мар,г. Нарьян-Мар,11851000001
Ненецкий автономный округ (Архангельская область),38,76.60526315789474,7763.636363636364,38,Заполярный район,с. Оксино,11811463101
Ненецкий автономный округ (Архангельская область),38,76.60526315789474,7763.636363636364,38,Город Нарьян-Мар,г. Нарьян-Мар,11851000001
Ненецкий автономный округ (Архангельская область),38,76.60526315789474,7763.636363636364,38,Город Нарьян-Мар,г. Нарьян-Мар,11851000001
Ненецкий автономный округ (Архангельская область),38,76.60526315789474,7763.636363636364,38,Город Нарьян-Мар,г. Нарьян-Мар,11851000001
Ненецкий автономный округ (Архангельская область),38,76.60526315789474,7763.636363636364,38,Город Нарьян-Мар,г. Нарьян-Мар,11851000001
Ненецкий автономный округ (Архангельская область),38,76.60526315789474,7763.636363636364,38,Город Нарьян-Мар,г. Нарьян-Мар,11851000001
Ненецкий автономный округ (Архангельская область),38,76.60526315789474,7763.636363636364,38,Город Нарьян-Мар,г. Нарьян-Мар,11851000001
Ненецкий автономный округ (Архангельская область),38,76.60526315789474,7763.636363636364,38,Город Нарьян-Мар,г. Нарьян-Мар,11851000001
Ненецкий автономный округ (Архангельская область),38,76.60526315789474,7763.636363636364,38,Город Нарьян-Мар,г. Нарьян-Мар,11851000001
Ненецкий автономный округ (Архангельская область),38,76.60526315789474,7763.636363636364,38,Город Нарьян-Мар,г. Нарьян-Мар,11851000001
Ненецкий автономный округ (Архангельская область),38,76.60526315789474,7763.636363636364,38,Город Нарьян-Мар,г. Нарьян-Мар,11851000001
Ненецкий автономный округ (Архангельская область),38,76.60526315789474,7763.636363636364,38,Город Нарьян-Мар,г. Нарьян-Мар,11851000001
Ненецкий автономный округ (Архангельская область),38,76.60526315789474,7763.636363636364,38,Город Нарьян-Мар,г. Нарьян-Мар,11851000001
Ненецкий автономный округ (Архангельская область),38,76.60526315789474,7763.636363636364,38,Город Нарьян-Мар,г. Нарьян-Мар,11851000001
Ненецкий автономный округ (Архангельская область),38,76.60526315789474,7763.636363636364,38,Город Нарьян-Мар,г. Нарьян-Мар,11851000001
Ненецкий автономный округ (Архангельская область),38,76.60526315789474,7763.636363636364,38,Город Нарьян-Мар,г. Нарьян-Мар,11851000001
Ненецкий автономный округ (Архангельская область),38,76.60526315789474,7763.636363636364,38,Город Нарьян-Мар,г. Нарьян-Мар,11851000001
Ненецкий автономный округ (Архангельская область),38,76.60526315789474,7763.636363636364,38,Город Нарьян-Мар,г. Нарьян-Мар,11851000001
Ненецкий автономный округ (Архангельская область),38,76.60526315789474,7763.636363636364,38,Город Нарьян-Мар,г. Нарьян-Мар,11851000001
Ненецкий автономный округ (Архангельская область),38,76.60526315789474,7763.636363636364,38,Город Нарьян-Мар,г. Нарьян-Мар,11851000001
Ненецкий автономный округ (Архангельская область),38,76.60526315789474,7763.636363636364,38,Город Нарьян-Мар,г. Нарьян-Мар,11851000001
Ненецкий автономный округ (Архангельская область),38,76.60526315789474,7763.636363636364,38,Город Нарьян-Мар,г. Нарьян-Мар,11851000001
Ненецкий автономный округ (Архангельская область),38,76.60526315789474,7763.636363636364,38,Город Нарьян-Мар,г. Нарьян-Мар,11851000001
Ненецкий автономный округ (Архангельская область),38,76.60526315789474,7763.636363636364,38,Город Нарьян-Мар,г. Нарьян-Мар,11851000001
Ненецкий автономный округ (Архангельская область),38,76.60526315789474,7763.636363636364,38,Город Нарьян-Мар,г. Нарьян-Мар,11851000001
Ненецкий автономный округ (Архангельская область),38,76.60526315789474,7763.636363636364,38,Город Нарьян-Мар,г. Нарьян-Мар,11851000001
Ненецкий автономный округ (Архангельская область),38,76.60526315789474,7763.636363636364,38,Город Нарьян-Мар,г. Нарьян-Мар,11851000001
Ненецкий автономный округ (Архангельская область),38,76.60526315789474,7763.636363636364,38,Город Нарьян-Мар,г. Нарьян-Мар,11851000001
Ненецкий автономный округ (Архангельская область),38,76.60526315789474,7763.636363636364,38,Город Нарьян-Мар,г. Нарьян-Мар,11851000001
Ненецкий автономный округ (Архангельская область),38,76.60526315789474,7763.636363636364,38,Город Нарьян-Мар,г. Нарьян-Мар,11851000001
Ненецкий автономный округ (Архангельская область),38,76.60526315789474,7763.636363636364,38,Город Нарьян-Мар,г. Нарьян-Мар,11851000001
Ненецкий автономный округ (Архангельская область),38,76.60526315789474,7763.636363636364,38,Город Нарьян-Мар,г. Нарьян-Мар,11851000001
Ненецкий автономный округ (Архангельская область),38,76.60526315789474,7763.636363636364,38,Город Нарьян-Мар,г. Нарьян-Мар,11851000001
Ненецкий автономный округ (Архангельская область),38,76.60526315789474,7763.636363636364,38,Город Нарьян-Мар,г. Нарьян-Мар,11851000001
Ненецкий автономный округ (Архангельская область),38,76.60526315789474,7763.636363636364,38,Город Нарьян-Мар,г. Нарьян-Мар,11851000001
Ненецкий автономный округ (Архангельская область),38,76.60526315789474,7763.636363636364,38,Город Нарьян-Мар,г. Нарьян-Мар,11851000001
Забайкальский край,65,68.03646153846155,14041.935483870968,65,Сретенский район,г. Сретенск,76640101001
Забайкальский край,65,68.03646153846155,14041.935483870968,65,Сретенский район,г. Сретенск,76640101001
Забайкальский край,65,68.03646153846155,14041.935483870968,65,Шелопугинский район,с. Шелопугино,76652475101
Забайкальский край,65,68.03646153846155,14041.935483870968,65,Чита,г. Чита,76701000001
Забайкальский край,65,68.03646153846155,14041.935483870968,65,Сретенский район,г. Сретенск,76640101001
Забайкальский край,65,68.03646153846155,14041.935483870968,65,Нерчинско-Заводский район,с. Олочи,76630450101
Забайкальский край,65,68.03646153846155,14041.935483870968,65,Приаргунский район,с. Кути,76638442106
Забайкальский край,65,68.03646153846155,14041.935483870968,65,Сретенский район,г. Сретенск,76640101001
Забайкальский край,65,68.03646153846155,14041.935483870968,65,Чита,г. Чита,76701000001
Забайкальский край,65,68.03646153846155,14041.935483870968,65,Чита,г. Чита,76701000001
Забайкальский край,65,68.03646153846155,14041.935483870968,65,Чита,п. Песчанка,76701000
Забайкальский край,65,68.03646153846155,14041.935483870968,65,Могочинский район,г. Могоча,76626101001
Забайкальский край,65,68.03646153846155,14041.935483870968,65,Каларский район,с. Чара,76615156051
Забайкальский край,65,68.03646153846155,14041.935483870968,65,Чита,г. Чита,76701000001
Забайкальский край,65,68.03646153846155,14041.935483870968,65,Нерчинско-Заводский район,с. Олочи,76630450101
Забайкальский край,65,68.03646153846155,14041.935483870968,65,Нерчинско-Заводский район,с. Олочи,76630450101
Забайкальский край,65,68.03646153846155,14041.935483870968,65,Забайкальский район,с. Абагайтуй,76612405101
Забайкальский край,65,68.03646153846155,14041.935483870968,65,Забайкальский район,с. Абагайтуй,76612405101
Забайкальский край,65,68.03646153846155,14041.935483870968,65,Приаргунский район,с. Кути,76638442106
Забайкальский край,65,68.03646153846155,14041.935483870968,65,Забайкальский район,с. Абагайтуй,76612405101
Забайкальский край,65,68.03646153846155,14041.935483870968,65,Забайкальский район,с. Абагайтуй,76612405101
Забайкальский край,65,68.03646153846155,14041.935483870968,65,Чита,г. Чита,76701000001
Забайкальский край,65,68.03646153846155,14041.935483870968,65,Приаргунский район,с. Кути,76638442106
Забайкальский край,65,68.03646153846155,14041.935483870968,65,Забайкальский район,с. Абагайтуй,76612405101
Забайкальский край,65,68.03646153846155,14041.935483870968,65,Забайкальский район,с. Абагайтуй,76612405101
Забайкальский край,65,68.03646153846155,14041.935483870968,65,Приаргунский район,с. Кути,76638442106
Забайкальский край,65,68.03646153846155,14041.935483870968,65,Забайкальский район,с. Абагайтуй,76612405101
Забайкальский край,65,68.03646153846155,14041.935483870968,65,Забайкальский район,с. Абагайтуй,76612405101
Забайкальский край,65,68.03646153846155,14041.935483870968,65,Приаргунский район,с. Кути,76638442106
Забайкальский край,65,68.03646153846155,14041.935483870968,65,Забайкальский район,с. Абагайтуй,76612405101
Забайкальский край,65,68.03646153846155,14041.935483870968,65,Забайкальский район,с. Абагайтуй,76612405101
Забайкальский край,65,68.03646153846155,14041.935483870968,65,Забайкальский район,с. Абагайтуй,76612405101
Забайкальский край,65,68.03646153846155,14041.935483870968,65,Нерчинско-Заводский район,с. Олочи,76630450101
Забайкальский край,65,68.03646153846155,14041.935483870968,65,Нерчинско-Заводский район,с. Олочи,76630450101
Забайкальский край,65,68.03646153846155,14041.935483870968,65,Приаргунский район,с. Кути,76638442106
Забайкальский край,65,68.03646153846155,14041.935483870968,65,Приаргунский район,с. Кути,76638442106
Забайкальский край,65,68.03646153846155,14041.935483870968,65,Забайкальский район,с. Абагайтуй,76612405101
Забайкальский край,65,68.03646153846155,14041.935483870968,65,Забайкальский район,с. Абагайтуй,76612405101
Забайкальский край,65,68.03646153846155,14041.935483870968,65,Забайкальский район,с. Абагайтуй,76612405101
Забайкальский край,65,68.03646153846155,14041.935483870968,65,Забайкальский район,с. Абагайтуй,76612405101
Забайкальский край,65,68.03646153846155,14041.935483870968,65,Нерчинско-Заводский район,с. Олочи,76630450101
Забайкальский край,65,68.03646153846155,14041.935483870968,65,Приаргунский район,с. Кути,76638442106
Забайкальский край,65,68.03646153846155,14041.935483870968,65,Забайкальский район,с. Абагайтуй,76612405101
Забайкальский край,65,68.03646153846155,14041.935483870968,65,Забайкальский район,с. Абагайтуй,76612405101
Забайкальский край,65,68.03646153846155,14041.935483870968,65,Забайкальский район,с. Абагайтуй,76612405101
Забайкальский край,65,68.03646153846155,14041.935483870968,65,Забайкальский район,с. Абагайтуй,76612405101
Забайкальский край,65,68.03646153846155,14041.935483870968,65,Забайкальский район,с. Абагайтуй,76612405101
Забайкальский край,65,68.03646153846155,14041.935483870968,65,Приаргунский район,с. Кути,76638442106
Забайкальский край,65,68.03646153846155,14041.935483870968,65,Забайкальский район,с. Абагайтуй,76612405101
Забайкальский край,65,68.03646153846155,14041.935483870968,65,Забайкальский район,с. Абагайтуй,76612405101
Забайкальский край,65,68.03646153846155,14041.935483870968,65,Забайкальский район,с. Абагайтуй,76612405101
Забайкальский край,65,68.03646153846155,14041.935483870968,65,Приаргунский район,с. Кути,76638442106
Забайкальский край,65,68.03646153846155,14041.935483870968,65,Забайкальский район,с. Абагайтуй,76612405101
Забайкальский край,65,68.03646153846155,14041.935483870968,65,Забайкальский район,с. Абагайтуй,76612405101
Забайкальский край,65,68.03646153846155,14041.935483870968,65,Краснокаменск и Краснокаменский район,с. Кайластуй,76621420101
Забайкальский край,65,68.03646153846155,14041.935483870968,65,Краснокаменск и Краснокаменский район,с. Кайластуй,76621420101
Забайкальский край,65,68.03646153846155,14041.935483870968,65,Краснокаменск и Краснокаменский район,с. Кайластуй,76621420101
Забайкальский край,65,68.03646153846155,14041.935483870968,65,Забайкальский район,с. Абагайтуй,76612405101
Забайкальский край,65,68.03646153846155,14041.935483870968,65,Забайкальский район,с. Абагайтуй,76612405101
Забайкальский край,65,68.03646153846155,14041.935483870968,65,Забайкальский район,с. Абагайтуй,76612405101
Забайкальский край,65,68.03646153846155,14041.935483870968,65,Забайкальский район,с. Абагайтуй,76612405101
Забайкальский край,65,68.03646153846155,14041.935483870968,65,Шилкинский район,г. Шилка,76654101001
Забайкальский край,65,68.03646153846155,14041.935483870968,65,Чита,г. Чита,76701000001
Забайкальский край,65,68.03646153846155,14041.935483870968,65,Забайкальский район,с. Абагайтуй,76612405101
Забайкальский край,65,68.03646153846155,14041.935483870968,65,Забайкальский район,с. Абагайтуй,76612405101
Красноярский край,54,77.23759259259259,44910.480341880335,54,Северо-Енисейский район,п. Тея,04649000152
Красноярский край,54,77.23759259259259,44910.480341880335,54,Северо-Енисейский район,п. Тея,04649000152
Красноярский край,54,77.23759259259259,44910.480341880335,54,Абанский район,п. Почет,04601437101
Красноярский край,54,77.23759259259259,44910.480341880335,54,Назарово,г. Назарово,04726000001
Красноярский край,54,77.23759259259259,44910.480341880335,54,Сухобузимский район,с. Атаманово,04651402101
Красноярский край,54,77.23759259259259,44910.480341880335,54,Норильск,г. Норильск,04729000001
Красноярский край,54,77.23759259259259,44910.480341880335,54,Норильск,г. Норильск,04729000001
Красноярский край,54,77.23759259259259,44910.480341880335,54,Норильск,г. Норильск,04729000001
Красноярский край,54,77.23759259259259,44910.480341880335,54,Норильск,г. Норильск,04729000001
Красноярский край,54,77.23759259259259,44910.480341880335,54,Норильск,г. Норильск,04729000001
Красноярский край,54,77.23759259259259,44910.480341880335,54,Норильск,г. Норильск,04729000001
Красноярский край,54,77.23759259259259,44910.480341880335,54,Норильск,г. Норильск,04729000001
Красноярский край,54,77.23759259259259,44910.480341880335,54,Норильск,г. Норильск,04729000001
Красноярский край,54,77.23759259259259,44910.480341880335,54,Норильск,г. Норильск,04729000001
Красноярский край,54,77.23759259259259,44910.480341880335,54,Норильск,г. Норильск,04729000001
Красноярский край,54,77.23759259259259,44910.480341880335,54,Норильск,г. Норильск,04729000001
Красноярский край,54,77.23759259259259,44910.480341880335,54,Балахтинский район,д. Березовая,04604422106
Красноярский край,54,77.23759259259259,44910.480341880335,54,Балахтинский район,д. Березовая,04604422106
Красноярский край,54,77.23759259259259,44910.480341880335,54,Балахтинский район,д. Березовая,04604422106
Красноярский край,54,77.23759259259259,44910.480341880335,54,Балахтинский район,д. Березовая,04604422106
Красноярский край,54,77.23759259259259,44910.480341880335,54,Назарово,г. Назарово,04726000001
Красноярский край,54,77.23759259259259,44910.480341880335,54,Норильск,г. Норильск,04729000001
Красноярский край,54,77.23759259259259,44910.480341880335,54,Норильск,г. Норильск,04729000001
Красноярский край,54,77.23759259259259,44910.480341880335,54,Норильск,г. Норильск,04729000001
Красноярский край,54,77.23759259259259,44910.480341880335,54,Норильск,г. Норильск,04729000001
Красноярский край,54,77.23759259259259,44910.480341880335,54,Норильск,г. Норильск,04729000001
Красноярский край,54,77.23759259259259,44910.480341880335,54,Норильск,г. Норильск,04729000001
Красноярский край,54,77.23759259259259,44910.480341880335,54,Норильск,г. Норильск,04729000001
Красноярский край,54,77.23759259259259,44910.480341880335,54,Норильск,г. Норильск,04729000001
Красноярский край,54,77.23759259259259,44910.480341880335,54,Назаровский район,с. Антропово,04637407106
Красноярский край,54,77.23759259259259,44910.480341880335,54,Уярский район,п. Громадск,04657408101
Красноярский край,54,77.23759259259259,44910.480341880335,54,Эвенкийский район,п. Тура,04650402101
Красноярский край,54,77.23759259259259,44910.480341880335,54,Эвенкийский район,п. Тура,04650402101
Красноярский край,54,77.23759259259259,44910.480341880335,54,Богучанский район,с. Богучаны,04609410101
Красноярский край,54,77.23759259259259,44910.480341880335,54,Минусинский район,с. Большая Иня,04633402106
Красноярский край,54,77.23759259259259,44910.480341880335,54,Балахтинский район,п. Черемушки,04604422101
Красноярский край,54,77.23759259259259,44910.480341880335,54,Балахтинский район,п. Черемушки,04604422101
Красноярский край,54,77.23759259259259,44910.480341880335,54,Минусинский район,с. Большая Иня,04633402106
Красноярский край,54,77.23759259259259,44910.480341880335,54,Северо-Енисейский район,п. Суворовский,04649000147
Красноярский край,54,77.23759259259259,44910.480341880335,54,Северо-Енисейский район,п. Суворовский,04649000147
Красноярский край,54,77.23759259259259,44910.480341880335,54,Богучанский район,с. Карабула,04609430106
Красноярский край,54,77.23759259259259,44910.480341880335,54,Богучанский район,с. Карабула,04609430106
Красноярский край,54,77.23759259259259,44910.480341880335,54,Минусинский район,с. Большая Иня,04633402106
Красноярский край,54,77.23759259259259,44910.480341880335,54,Минусинский район,с. Большая Иня,04633402106
Красноярский край,54,77.23759259259259,44910.480341880335,54,Минусинский район,с. Большая Иня,04633402106
Красноярский край,54,77.23759259259259,44910.480341880335,54,Партизанский район,с. Партизанское,04643422101
Красноярский край,54,77.23759259259259,44910.480341880335,54,Уярский район,п. Громадск,04657408101
Красноярский край,54,77.23759259259259,44910.480341880335,54,Минусинский район,с. Большая Иня,04633402106
Красноярский край,54,77.23759259259259,44910.480341880335,54,Минусинский район,с. Большая Иня,04633402106
Красноярский край,54,77.23759259259259,44910.480341880335,54,Минусинский район,с. Большая Иня,04633402106
Красноярский край,54,77.23759259259259,44910.480341880335,54,Минусинский район,с. Большая Иня,04633402106
Красноярский край,54,77.23759259259259,44910.480341880335,54,Минусинский район,с. Большая Иня,04633402106
Красноярский край,54,77.23759259259259,44910.480341880335,54,Минусинский район,с. Большая Иня,04633402106
Красноярский край,54,77.23759259259259,44910.480341880335,54,Минусинский район,с. Большая Иня,04633402106
Курганская область,375,88.99279999999999,9468.211453744494,375,Курган,г. Курган,37701000001
Курганская область,375,88.99279999999999,9468.211453744494,375,Курган,г. Курган,37701000001
Курганская область,375,88.99279999999999,9468.211453744494,375,Курган,г. Курган,37701000001
Курганская область,375,88.99279999999999,9468.211453744494,375,Целинный район,с. Усть-Уйское,37634448101
Курганская область,375,88.99279999999999,9468.211453744494,375,Звериноголовский район,с. Звериноголовское,37609418101
Курганская область,375,88.99279999999999,9468.211453744494,375,Белозерский район,с. Белозерское,37604408101
Курганская область,375,88.99279999999999,9468.211453744494,375,Курган,г. Курган,37701000001
Курганская область,375,88.99279999999999,9468.211453744494,375,Курган,г. Курган,37701000001
Курганская область,375,88.99279999999999,9468.211453744494,375,Далматовский район,с. Першинское,37608467101
Курганская область,375,88.99279999999999,9468.211453744494,375,Курган,г. Курган,37701000001
Курганская область,375,88.99279999999999,9468.211453744494,375,Звериноголовский район,с. Звериноголовское,37609418101
Курганская область,375,88.99279999999999,9468.211453744494,375,Курган,г. Курган,37701000001
Курганская область,375,88.99279999999999,9468.211453744494,375,Курган,г. Курган,37701000001
Курганская область,375,88.99279999999999,9468.211453744494,375,Далматовский район,с. Першинское,37608467101
Курганская область,375,88.99279999999999,9468.211453744494,375,Курган,г. Курган,37701000001
Курганская область,375,88.99279999999999,9468.211453744494,375,Целинный район,с. Усть-Уйское,37634448101
Курганская область,375,88.99279999999999,9468.211453744494,375,Далматовский район,с. Першинское,37608467101
Курганская область,375,88.99279999999999,9468.211453744494,375,Далматовский район,с. Першинское,37608467101
Курганская область,375,88.99279999999999,9468.211453744494,375,Шатровский район,с. Мехонское,37640440101
Курганская область,375,88.99279999999999,9468.211453744494,375,Шадринск,г. Шадринск,37705000001
Курганская область,375,88.99279999999999,9468.211453744494,375,Шадринск,г. Шадринск,37705000001
Курганская область,375,88.99279999999999,9468.211453744494,375,Частоозёрский район,с. Бутырино,37636408101
Курганская область,375,88.99279999999999,9468.211453744494,375,Шадринск,г. Шадринск,37705000001
Курганская область,375,88.99279999999999,9468.211453744494,375,Шадринск,г. Шадринск,37705000001
Курганская область,375,88.99279999999999,9468.211453744494,375,Белозерский район,с. Белозерское,37604408101
Курганская область,375,88.99279999999999,9468.211453744494,375,Каргапольский район,рп. Каргаполье,37610151051
Курганская область,375,88.99279999999999,9468.211453744494,375,Шатровский район,с. Мехонское,37640440101
Курганская область,375,88.99279999999999,9468.211453744494,375,Шадринск,г. Шадринск,37705000001
Курганская область,375,88.99279999999999,9468.211453744494,375,Шадринск,г. Шадринск,37705000001
Курганская область,375,88.99279999999999,9468.211453744494,375,Катайский район,г. Катайск,37612101001
Курганская область,375,88.99279999999999,9468.211453744494,375,Шатровский район,с. Мехонское,37640440101
Курганская область,375,88.99279999999999,9468.211453744494,375,Далматовский район,с. Першинское,37608467101
Курганская область,375,88.99279999999999,9468.211453744494,375,Белозерский район,с. Белозерское,37604408101
Курганская область,375,88.99279999999999,9468.211453744494,375,Курган,г. Курган,37701000001
Курганская область,375,88.99279999999999,9468.211453744494,375,Курган,г. Курган,37701000001
Курганская область,375,88.99279999999999,9468.211453744494,375,Курган,г. Курган,37701000001
Курганская область,375,88.99279999999999,9468.211453744494,375,Курган,г. Курган,37701000001
Курганская область,375,88.99279999999999,9468.211453744494,375,Далматовский район,с. Першинское,37608467101
Курганская область,375,88.99279999999999,9468.211453744494,375,Каргапольский район,с. Житниковское,37610468108
Курганская область,375,88.99279999999999,9468.211453744494,375,Курган,г. Курган,37701000001
Курганская область,375,88.99279999999999,9468.211453744494,375,Далматовский район,с. Першинское,37608467101
Курганская область,375,88.99279999999999,9468.211453744494,375,Далматовский район,с. Першинское,37608467101
Курганская область,375,88.99279999999999,9468.211453744494,375,Частоозёрский район,с. Бутырино,37636408101
Курганская область,375,88.99279999999999,9468.211453744494,375,Белозерский район,с. Белозерское,37604408101
Курганская область,375,88.99279999999999,9468.211453744494,375,Шатровский район,с. Мехонское,37640440101
Курганская область,375,88.99279999999999,9468.211453744494,375,Целинный район,с. Усть-Уйское,37634448101
Курганская область,375,88.99279999999999,9468.211453744494,375,Шатровский район,с. Мехонское,37640440101
Курганская область,375,88.99279999999999,9468.211453744494,375,Шадринск,г. Шадринск,37705000001
Курганская область,375,88.99279999999999,9468.211453744494,375,Шадринск,г. Шадринск,37705000001
Курганская область,375,88.99279999999999,9468.211453744494,375,Белозерский район,с. Большой Камаган,37604430101
Курганская область,375,88.99279999999999,9468.211453744494,375,Белозерский район,с. Белозерское,37604408101
Курганская область,375,88.99279999999999,9468.211453744494,375,Курган,г. Курган,37701000001
Курганская область,375,88.99279999999999,9468.211453744494,375,Курган,г. Курган,37701000001
Курганская область,375,88.99279999999999,9468.211453744494,375,Курган,г. Курган,37701000001
Курганская область,375,88.99279999999999,9468.211453744494,375,Белозерский район,с. Большой Камаган,37604430101
Курганская область,375,88.99279999999999,9468.211453744494,375,Белозерский район,с. Белозерское,37604408101
Курганская область,375,88.99279999999999,9468.211453744494,375,Курган,г. Курган,37701000001
Курганская область,375,88.99279999999999,9468.211453744494,375,Курган,г. Курган,37701000001
Курганская область,375,88.99279999999999,9468.211453744494,375,Далматовский район,с. Першинское,37608467101
Курганская область,375,88.99279999999999,9468.211453744494,375,Курган,г. Курган,37701000001
Курганская область,375,88.99279999999999,9468.211453744494,375,Курган,г. Курган,37701000001
Курганская область,375,88.99279999999999,9468.211453744494,375,Курган,г. Курган,37701000001
Курганская область,375,88.99279999999999,9468.211453744494,375,Далматовский район,с. Першинское,37608467101
Курганская область,375,88.99279999999999,9468.211453744494,375,Курган,г. Курган,37701000001
Курганская область,375,88.99279999999999,9468.211453744494,375,Целинный район,с. Усть-Уйское,37634448101
Курганская область,375,88.99279999999999,9468.211453744494,375,Курган,г. Курган,37701000001
Курганская область,375,88.99279999999999,9468.211453744494,375,Далматовский район,с. Першинское,37608467101
Курганская область,375,88.99279999999999,9468.211453744494,375,Далматовский район,с. Першинское,37608467101
Курганская область,375,88.99279999999999,9468.211453744494,375,Шадринск,г. Шадринск,37705000001
Курганская область,375,88.99279999999999,9468.211453744494,375,Шадринск,г. Шадринск,37705000001
Курганская область,375,88.99279999999999,9468.211453744494,375,Шадринск,г. Шадринск,37705000001
Курганская область,375,88.99279999999999,9468.211453744494,375,Шадринск,г. Шадринск,37705000001
Курганская область,375,88.99279999999999,9468.211453744494,375,Курган,г. Курган,37701000001
Курганская область,375,88.99279999999999,9468.211453744494,375,Шатровский район,с. Мехонское,37640440101
Курганская область,375,88.99279999999999,9468.211453744494,375,Шадринск,г. Шадринск,37705000001
Курганская область,375,88.99279999999999,9468.211453744494,375,Частоозёрский район,с. Бутырино,37636408101
Курганская область,375,88.99279999999999,9468.211453744494,375,Частоозёрский район,с. Бутырино,37636408101
Курганская область,375,88.99279999999999,9468.211453744494,375,Частоозёрский район,с. Бутырино,37636408101
Курганская область,375,88.99279999999999,9468.211453744494,375,Белозерский район,с. Белозерское,37604408101
Курганская область,375,88.99279999999999,9468.211453744494,375,Курган,г. Курган,37701000001
Курганская область,375,88.99279999999999,9468.211453744494,375,Курган,г. Курган,37701000001
Курганская область,375,88.99279999999999,9468.211453744494,375,Курган,г. Курган,37701000001
Курганская область,375,88.99279999999999,9468.211453744494,375,Курган,г. Курган,37701000001
Курганская область,375,88.99279999999999,9468.211453744494,375,Далматовский район,с. Першинское,37608467101
Курганская область,375,88.99279999999999,9468.211453744494,375,Каргапольский район,с. Житниковское,37610468108
Курганская область,375,88.99279999999999,9468.211453744494,375,Курган,г. Курган,37701000001
Курганская область,375,88.99279999999999,9468.211453744494,375,Курган,г. Курган,37701000001
Курганская область,375,88.99279999999999,9468.211453744494,375,Звериноголовский район,с. Звериноголовское,37609418101
Курганская область,375,88.99279999999999,9468.211453744494,375,Белозерский район,с. Белозерское,37604408101
Курганская область,375,88.99279999999999,9468.211453744494,375,Курган,г. Курган,37701000001
Курганская область,375,88.99279999999999,9468.211453744494,375,Курган,г. Курган,37701000001
Курганская область,375,88.99279999999999,9468.211453744494,375,Далматовский район,с. Першинское,37608467101
Курганская область,375,88.99279999999999,9468.211453744494,375,Курган,г. Курган,37701000001
Курганская область,375,88.99279999999999,9468.211453744494,375,Целинный район,с. Усть-Уйское,37634448101
Курганская область,375,88.99279999999999,9468.211453744494,375,Звериноголовский район,с. Звериноголовское,37609418101
Курганская область,375,88.99279999999999,9468.211453744494,375,Белозерский район,с. Белозерское,37604408101
Курганская область,375,88.99279999999999,9468.211453744494,375,Курган,г. Курган,37701000001
Курганская область,375,88.99279999999999,9468.211453744494,375,Курган,г. Курган,37701000001
Курганская область,375,88.99279999999999,9468.211453744494,375,Далматовский район,с. Першинское,37608467101
Курганская область,375,88.99279999999999,9468.211453744494,375,Курган,г. Курган,37701000001
Курганская область,375,88.99279999999999,9468.211453744494,375,Звериноголовский район,с. Звериноголовское,37609418101
Курганская область,375,88.99279999999999,9468.211453744494,375,Далматовский район,с. Першинское,37608467101
Курганская область,375,88.99279999999999,9468.211453744494,375,Белозерский район,с. Белозерское,37604408101
Курганская область,375,88.99279999999999,9468.211453744494,375,Курган,г. Курган,37701000001
Курганская область,375,88.99279999999999,9468.211453744494,375,Каргапольский район,рп. Каргаполье,37610151051
Курганская область,375,88.99279999999999,9468.211453744494,375,Шадринск,г. Шадринск,37705000001
Курганская область,375,88.99279999999999,9468.211453744494,375,Шадринск,г. Шадринск,37705000001
Курганская область,375,88.99279999999999,9468.211453744494,375,Шадринск,г. Шадринск,37705000001
Курганская область,375,88.99279999999999,9468.211453744494,375,Шадринск,г. Шадринск,37705000001
Курганская область,375,88.99279999999999,9468.211453744494,375,Целинный район,с. Усть-Уйское,37634448101
Курганская область,375,88.99279999999999,9468.211453744494,375,Шадринск,г. Шадринск,37705000001
Курганская область,375,88.99279999999999,9468.211453744494,375,Шадринск,г. Шадринск,37705000001
Курганская область,375,88.99279999999999,9468.211453744494,375,Каргапольский район,рп. Каргаполье,37610151051
Курганская область,375,88.99279999999999,9468.211453744494,375,Белозерский район,с. Белозерское,37604408101
Курганская область,375,88.99279999999999,9468.211453744494,375,Курган,г. Курган,37701000001
Курганская область,375,88.99279999999999,9468.211453744494,375,Курган,г. Курган,37701000001
Курганская область,375,88.99279999999999,9468.211453744494,375,Далматовский район,с. Першинское,37608467101
Курганская область,375,88.99279999999999,9468.211453744494,375,Шатровский район,с. Мехонское,37640440101
Курганская область,375,88.99279999999999,9468.211453744494,375,Частоозёрский район,с. Бутырино,37636408101
Курганская область,375,88.99279999999999,9468.211453744494,375,Белозерский район,с. Большой Камаган,37604430101
Курганская область,375,88.99279999999999,9468.211453744494,375,Белозерский район,с. Белозерское,37604408101
Курганская область,375,88.99279999999999,9468.211453744494,375,Курган,г. Курган,37701000001
Курганская область,375,88.99279999999999,9468.211453744494,375,Курган,г. Курган,37701000001
Курганская область,375,88.99279999999999,9468.211453744494,375,Далматовский район,с. Першинское,37608467101
Курганская область,375,88.99279999999999,9468.211453744494,375,Курган,г. Курган,37701000001
Курганская область,375,88.99279999999999,9468.211453744494,375,Звериноголовский район,с. Звериноголовское,37609418101
Курганская область,375,88.99279999999999,9468.211453744494,375,Белозерский район,с. Белозерское,37604408101
Курганская область,375,88.99279999999999,9468.211453744494,375,Курган,г. Курган,37701000001
Курганская область,375,88.99279999999999,9468.211453744494,375,Курган,г. Курган,37701000001
Курганская область,375,88.99279999999999,9468.211453744494,375,Далматовский район,с. Першинское,37608467101
Курганская область,375,88.99279999999999,9468.211453744494,375,Курган,г. Курган,37701000001
Курганская область,375,88.99279999999999,9468.211453744494,375,Далматовский район,с. Першинское,37608467101
Курганская область,375,88.99279999999999,9468.211453744494,375,Курган,г. Курган,37701000001
Курганская область,375,88.99279999999999,9468.211453744494,375,Шадринск,г. Шадринск,37705000001
Курганская область,375,88.99279999999999,9468.211453744494,375,Шадринск,г. Шадринск,37705000001
Курганская область,375,88.99279999999999,9468.211453744494,375,Шадринск,г. Шадринск,37705000001
Курганская область,375,88.99279999999999,9468.211453744494,375,Шатровский район,с. Мехонское,37640440101
Курганская область,375,88.99279999999999,9468.211453744494,375,Белозерский район,с. Белозерское,37604408101
Курганская область,375,88.99279999999999,9468.211453744494,375,Далматовский район,с. Першинское,37608467101
Курганская область,375,88.99279999999999,9468.211453744494,375,Целинный район,с. Усть-Уйское,37634448101
Курганская область,375,88.99279999999999,9468.211453744494,375,Целинный район,с. Усть-Уйское,37634448101
Курганская область,375,88.99279999999999,9468.211453744494,375,Звериноголовский район,с. Звериноголовское,37609418101
Курганская область,375,88.99279999999999,9468.211453744494,375,Звериноголовский район,с. Звериноголовское,37609418101
Курганская область,375,88.99279999999999,9468.211453744494,375,Белозерский район,с. Белозерское,37604408101
Курганская область,375,88.99279999999999,9468.211453744494,375,Курган,г. Курган,37701000001
Курганская область,375,88.99279999999999,9468.211453744494,375,Курган,г. Курган,37701000001
Курганская область,375,88.99279999999999,9468.211453744494,375,Далматовский район,с. Першинское,37608467101
Курганская область,375,88.99279999999999,9468.211453744494,375,Катайский район,с. Никитинское,37612440101
Курганская область,375,88.99279999999999,9468.211453744494,375,Каргапольский район,рп. Каргаполье,37610151051
Курганская область,375,88.99279999999999,9468.211453744494,375,Звериноголовский район,с. Звериноголовское,37609418101
Курганская область,375,88.99279999999999,9468.211453744494,375,Курган,г. Курган,37701000001
Курганская область,375,88.99279999999999,9468.211453744494,375,Далматовский район,с. Першинское,37608467101
Курганская область,375,88.99279999999999,9468.211453744494,375,Курган,г. Курган,37701000001
Курганская область,375,88.99279999999999,9468.211453744494,375,Далматовский район,с. Першинское,37608467101
Курганская область,375,88.99279999999999,9468.211453744494,375,Далматовский район,с. Першинское,37608467101
Курганская область,375,88.99279999999999,9468.211453744494,375,Курган,г. Курган,37701000001
Курганская область,375,88.99279999999999,9468.211453744494,375,Каргапольский район,рп. Каргаполье,37610151051
Курганская область,375,88.99279999999999,9468.211453744494,375,Каргапольский район,рп. Каргаполье,37610151051
Курганская область,375,88.99279999999999,9468.211453744494,375,Каргапольский район,рп. Каргаполье,37610151051
Курганская область,375,88.99279999999999,9468.211453744494,375,Каргапольский район,рп. Каргаполье,37610151051
Курганская область,375,88.99279999999999,9468.211453744494,375,Каргапольский район,рп. Каргаполье,37610151051
Курганская область,375,88.99279999999999,9468.211453744494,375,Каргапольский район,рп. Каргаполье,37610151051
Курганская область,375,88.99279999999999,9468.211453744494,375,Шадринск,г. Шадринск,37705000001
Курганская область,375,88.99279999999999,9468.211453744494,375,Целинный район,с. Усть-Уйское,37634448101
Курганская область,375,88.99279999999999,9468.211453744494,375,Каргапольский район,рп. Каргаполье,37610151051
Курганская область,375,88.99279999999999,9468.211453744494,375,Шатровский район,с. Мехонское,37640440101
Курганская область,375,88.99279999999999,9468.211453744494,375,Шадринск,г. Шадринск,37705000001
Курганская область,375,88.99279999999999,9468.211453744494,375,Шадринск,г. Шадринск,37705000001
Курганская область,375,88.99279999999999,9468.211453744494,375,Курган,г. Курган,37701000001
Курганская область,375,88.99279999999999,9468.211453744494,375,Далматовский район,с. Першинское,37608467101
Курганская область,375,88.99279999999999,9468.211453744494,375,Шатровский район,с. Мехонское,37640440101
Курганская область,375,88.99279999999999,9468.211453744494,375,Частоозёрский район,с. Бутырино,37636408101
Курганская область,375,88.99279999999999,9468.211453744494,375,Белозерский район,с. Белозерское,37604408101
Курганская область,375,88.99279999999999,9468.211453744494,375,Курган,г. Курган,37701000001
Курганская область,375,88.99279999999999,9468.211453744494,375,Каргапольский район,рп. Каргаполье,37610151051
Курганская область,375,88.99279999999999,9468.211453744494,375,Шадринск,г. Шадринск,37705000001
Курганская область,375,88.99279999999999,9468.211453744494,375,Шадринск,г. Шадринск,37705000001
Курганская область,375,88.99279999999999,9468.211453744494,375,Частоозёрский район,с. Бутырино,37636408101
Курганская область,375,88.99279999999999,9468.211453744494,375,Курган,г. Курган,37701000001
Курганская область,375,88.99279999999999,9468.211453744494,375,Белозерский район,с. Белозерское,37604408101
Курганская область,375,88.99279999999999,9468.211453744494,375,Курган,г. Курган,37701000001
Курганская область,375,88.99279999999999,9468.211453744494,375,Курган,г. Курган,37701000001
Курганская область,375,88.99279999999999,9468.211453744494,375,Далматовский район,с. Першинское,37608467101
Курганская область,375,88.99279999999999,9468.211453744494,375,Далматовский район,с. Першинское,37608467101
Курганская область,375,88.99279999999999,9468.211453744494,375,Курган,г. Курган,37701000001
Курганская область,375,88.99279999999999,9468.211453744494,375,Курган,г. Курган,37701000001
Курганская область,375,88.99279999999999,9468.211453744494,375,Курган,г. Курган,37701000001
Курганская область,375,88.99279999999999,9468.211453744494,375,Далматовский район,с. Першинское,37608467101
Курганская область,375,88.99279999999999,9468.211453744494,375,Далматовский район,с. Першинское,37608467101
Курганская область,375,88.99279999999999,9468.211453744494,375,Курган,г. Курган,37701000001
Курганская область,375,88.99279999999999,9468.211453744494,375,Далматовский район,с. Першинское,37608467101
Курганская область,375,88.99279999999999,9468.211453744494,375,Белозерский район,с. Большой Камаган,37604430101
Курганская область,375,88.99279999999999,9468.211453744494,375,Курган,г. Курган,37701000001
Курганская область,375,88.99279999999999,9468.211453744494,375,Далматовский район,с. Першинское,37608467101
Курганская область,375,88.99279999999999,9468.211453744494,375,Далматовский район,с. Першинское,37608467101
Курганская область,375,88.99279999999999,9468.211453744494,375,Частоозёрский район,с. Бутырино,37636408101
Курганская область,375,88.99279999999999,9468.211453744494,375,Шадринск,г. Шадринск,37705000001
Курганская область,375,88.99279999999999,9468.211453744494,375,Шадринск,г. Шадринск,37705000001
Курганская область,375,88.99279999999999,9468.211453744494,375,Шадринск,г. Шадринск,37705000001
Курганская область,375,88.99279999999999,9468.211453744494,375,Далматовский район,с. Першинское,37608467101
Курганская область,375,88.99279999999999,9468.211453744494,375,Каргапольский район,рп. Каргаполье,37610151051
Курганская область,375,88.99279999999999,9468.211453744494,375,Шадринск,г. Шадринск,37705000001
Курганская область,375,88.99279999999999,9468.211453744494,375,Частоозёрский район,с. Бутырино,37636408101
Курганская область,375,88.99279999999999,9468.211453744494,375,Белозерский район,с. Белозерское,37604408101
Курганская область,375,88.99279999999999,9468.211453744494,375,Белозерский район,с. Белозерское,37604408101
Курганская область,375,88.99279999999999,9468.211453744494,375,Курган,г. Курган,37701000001
Курганская область,375,88.99279999999999,9468.211453744494,375,Далматовский район,с. Першинское,37608467101
Курганская область,375,88.99279999999999,9468.211453744494,375,Каргапольский район,рп. Каргаполье,37610151051
Курганская область,375,88.99279999999999,9468.211453744494,375,Шадринск,г. Шадринск,37705000001
Курганская область,375,88.99279999999999,9468.211453744494,375,Курган,г. Курган,37701000001
Курганская область,375,88.99279999999999,9468.211453744494,375,Звериноголовский район,с. Звериноголовское,37609418101
Курганская область,375,88.99279999999999,9468.211453744494,375,Белозерский район,с. Белозерское,37604408101
Курганская область,375,88.99279999999999,9468.211453744494,375,Курган,г. Курган,37701000001
Курганская область,375,88.99279999999999,9468.211453744494,375,Курган,г. Курган,37701000001
Курганская область,375,88.99279999999999,9468.211453744494,375,Курган,г. Курган,37701000001
Курганская область,375,88.99279999999999,9468.211453744494,375,Звериноголовский район,с. Звериноголовское,37609418101
Курганская область,375,88.99279999999999,9468.211453744494,375,Курган,г. Курган,37701000001
Курганская область,375,88.99279999999999,9468.211453744494,375,Курган,г. Курган,37701000001
Курганская область,375,88.99279999999999,9468.211453744494,375,Далматовский район,с. Першинское,37608467101
Курганская область,375,88.99279999999999,9468.211453744494,375,Курган,г. Курган,37701000001
Курганская область,375,88.99279999999999,9468.211453744494,375,Частоозёрский район,с. Бутырино,37636408101
Курганская область,375,88.99279999999999,9468.211453744494,375,Шатровский район,с. Мехонское,37640440101
Курганская область,375,88.99279999999999,9468.211453744494,375,Шадринск,г. Шадринск,37705000001
Курганская область,375,88.99279999999999,9468.211453744494,375,Шадринск,г. Шадринск,37705000001
Курганская область,375,88.99279999999999,9468.211453744494,375,Шадринск,г. Шадринск,37705000001
Курганская область,375,88.99279999999999,9468.211453744494,375,Шадринск,г. Шадринск,37705000001
Курганская область,375,88.99279999999999,9468.211453744494,375,Каргапольский район,рп. Каргаполье,37610151051
Курганская область,375,88.99279999999999,9468.211453744494,375,Шатровский район,с. Мехонское,37640440101
Курганская область,375,88.99279999999999,9468.211453744494,375,Шадринск,г. Шадринск,37705000001
Курганская область,375,88.99279999999999,9468.211453744494,375,Шадринск,г. Шадринск,37705000001
Курганская область,375,88.99279999999999,9468.211453744494,375,Целинный район,с. Усть-Уйское,37634448101
Курганская область,375,88.99279999999999,9468.211453744494,375,Звериноголовский район,с. Звериноголовское,37609418101
Курганская область,375,88.99279999999999,9468.211453744494,375,Звериноголовский район,с. Звериноголовское,37609418101
Курганская область,375,88.99279999999999,9468.211453744494,375,Белозерский район,с. Белозерское,37604408101
Курганская область,375,88.99279999999999,9468.211453744494,375,Курган,г. Курган,37701000001
Курганская область,375,88.99279999999999,9468.211453744494,375,Курган,г. Курган,37701000001
Курганская область,375,88.99279999999999,9468.211453744494,375,Далматовский район,с. Першинское,37608467101
Курганская область,375,88.99279999999999,9468.211453744494,375,Каргапольский район,рп. Каргаполье,37610151051
Курганская область,375,88.99279999999999,9468.211453744494,375,Шадринск,г. Шадринск,37705000001
Курганская область,375,88.99279999999999,9468.211453744494,375,Частоозёрский район,с. Бутырино,37636408101
Курганская область,375,88.99279999999999,9468.211453744494,375,Белозерский район,с. Большой Камаган,37604430101
Курганская область,375,88.99279999999999,9468.211453744494,375,Курган,г. Курган,37701000001
Курганская область,375,88.99279999999999,9468.211453744494,375,Целинный район,с. Усть-Уйское,37634448101
Курганская область,375,88.99279999999999,9468.211453744494,375,Белозерский район,с. Белозерское,37604408101
Курганская область,375,88.99279999999999,9468.211453744494,375,Курган,г. Курган,37701000001
Курганская область,375,88.99279999999999,9468.211453744494,375,Курган,г. Курган,37701000001
Курганская область,375,88.99279999999999,9468.211453744494,375,Курган,г. Курган,37701000001
Курганская область,375,88.99279999999999,9468.211453744494,375,Звериноголовский район,с. Звериноголовское,37609418101
Курганская область,375,88.99279999999999,9468.211453744494,375,Курган,г. Курган,37701000001
Курганская область,375,88.99279999999999,9468.211453744494,375,Курган,г. Курган,37701000001
Курганская область,375,88.99279999999999,9468.211453744494,375,Целинный район,с. Усть-Уйское,37634448101
Курганская область,375,88.99279999999999,9468.211453744494,375,Звериноголовский район,с. Звериноголовское,37609418101
Курганская область,375,88.99279999999999,9468.211453744494,375,Курган,г. Курган,37701000001
Курганская область,375,88.99279999999999,9468.211453744494,375,Далматовский район,с. Першинское,37608467101
Курганская область,375,88.99279999999999,9468.211453744494,375,Каргапольский район,рп. Каргаполье,37610151051
Курганская область,375,88.99279999999999,9468.211453744494,375,Частоозёрский район,с. Бутырино,37636408101
Курганская область,375,88.99279999999999,9468.211453744494,375,Шадринск,г. Шадринск,37705000001
Курганская область,375,88.99279999999999,9468.211453744494,375,Шадринск,г. Шадринск,37705000001
Курганская область,375,88.99279999999999,9468.211453744494,375,Шадринск,г. Шадринск,37705000001
Курганская область,375,88.99279999999999,9468.211453744494,375,Целинный район,с. Усть-Уйское,37634448101
Курганская область,375,88.99279999999999,9468.211453744494,375,Белозерский район,с. Белозерское,37604408101
Курганская область,375,88.99279999999999,9468.211453744494,375,Курган,г. Курган,37701000001
Курганская область,375,88.99279999999999,9468.211453744494,375,Курган,г. Курган,37701000001
Курганская область,375,88.99279999999999,9468.211453744494,375,Курган,г. Курган,37701000001
Курганская область,375,88.99279999999999,9468.211453744494,375,Целинный район,с. Усть-Уйское,37634448101
Курганская область,375,88.99279999999999,9468.211453744494,375,Звериноголовский район,с. Звериноголовское,37609418101
Курганская область,375,88.99279999999999,9468.211453744494,375,Белозерский район,с. Белозерское,37604408101
Курганская область,375,88.99279999999999,9468.211453744494,375,Курган,г. Курган,37701000001
Курганская область,375,88.99279999999999,9468.211453744494,375,Курган,г. Курган,37701000001
Курганская область,375,88.99279999999999,9468.211453744494,375,Далматовский район,с. Першинское,37608467101
Курганская область,375,88.99279999999999,9468.211453744494,375,Курган,г. Курган,37701000001
Курганская область,375,88.99279999999999,9468.211453744494,375,Целинный район,с. Усть-Уйское,37634448101
Курганская область,375,88.99279999999999,9468.211453744494,375,Звериноголовский район,с. Звериноголовское,37609418101
Курганская область,375,88.99279999999999,9468.211453744494,375,Далматовский район,с. Першинское,37608467101
Курганская область,375,88.99279999999999,9468.211453744494,375,Курган,г. Курган,37701000001
Курганская область,375,88.99279999999999,9468.211453744494,375,Целинный район,с. Усть-Уйское,37634448101
Курганская область,375,88.99279999999999,9468.211453744494,375,Звериноголовский район,с. Звериноголовское,37609418101
Курганская область,375,88.99279999999999,9468.211453744494,375,Далматовский район,с. Першинское,37608467101
Курганская область,375,88.99279999999999,9468.211453744494,375,Далматовский район,с. Першинское,37608467101
Курганская область,375,88.99279999999999,9468.211453744494,375,Курган,г. Курган,37701000001
Курганская область,375,88.99279999999999,9468.211453744494,375,Каргапольский район,рп. Каргаполье,37610151051
Курганская область,375,88.99279999999999,9468.211453744494,375,Каргапольский район,рп. Каргаполье,37610151051
Курганская область,375,88.99279999999999,9468.211453744494,375,Шадринск,г. Шадринск,37705000001
Курганская область,375,88.99279999999999,9468.211453744494,375,Частоозёрский район,с. Бутырино,37636408101
Курганская область,375,88.99279999999999,9468.211453744494,375,Целинный район,с. Усть-Уйское,37634448101
Курганская область,375,88.99279999999999,9468.211453744494,375,Звериноголовский район,с. Звериноголовское,37609418101
Курганская область,375,88.99279999999999,9468.211453744494,375,Белозерский район,с. Белозерское,37604408101
Курганская область,375,88.99279999999999,9468.211453744494,375,Курган,г. Курган,37701000001
Курганская область,375,88.99279999999999,9468.211453744494,375,Курган,г. Курган,37701000001
Курганская область,375,88.99279999999999,9468.211453744494,375,Курган,г. Курган,37701000001
Курганская область,375,88.99279999999999,9468.211453744494,375,Курган,г. Курган,37701000001
Курганская область,375,88.99279999999999,9468.211453744494,375,Каргапольский район,рп. Каргаполье,37610151051
Курганская область,375,88.99279999999999,9468.211453744494,375,Частоозёрский район,с. Бутырино,37636408101
Курганская область,375,88.99279999999999,9468.211453744494,375,Белозерский район,с. Большой Камаган,37604430101
Курганская область,375,88.99279999999999,9468.211453744494,375,Курган,г. Курган,37701000001
Курганская область,375,88.99279999999999,9468.211453744494,375,Курган,г. Курган,37701000001
Курганская область,375,88.99279999999999,9468.211453744494,375,Курган,г. Курган,37701000001
Курганская область,375,88.99279999999999,9468.211453744494,375,Далматовский район,с. Першинское,37608467101
Курганская область,375,88.99279999999999,9468.211453744494,375,Далматовский район,с. Першинское,37608467101
Курганская область,375,88.99279999999999,9468.211453744494,375,Курган,г. Курган,37701000001
Курганская область,375,88.99279999999999,9468.211453744494,375,Звериноголовский район,с. Звериноголовское,37609418101
Курганская область,375,88.99279999999999,9468.211453744494,375,Далматовский район,с. Першинское,37608467101
Курганская область,375,88.99279999999999,9468.211453744494,375,Курган,г. Курган,37701000001
Курганская область,375,88.99279999999999,9468.211453744494,375,Белозерский район,с. Белозерское,37604408101
Курганская область,375,88.99279999999999,9468.211453744494,375,Частоозёрский район,с. Бутырино,37636408101
Курганская область,375,88.99279999999999,9468.211453744494,375,Шадринск,г. Шадринск,37705000001
Курганская область,375,88.99279999999999,9468.211453744494,375,Частоозёрский район,с. Бутырино,37636408101
Курганская область,375,88.99279999999999,9468.211453744494,375,Шадринск,г. Шадринск,37705000001
Курганская область,375,88.99279999999999,9468.211453744494,375,Шатровский район,с. Мехонское,37640440101
Курганская область,375,88.99279999999999,9468.211453744494,375,Шадринск,г. Шадринск,37705000001
Курганская область,375,88.99279999999999,9468.211453744494,375,Шадринск,г. Шадринск,37705000001
Курганская область,375,88.99279999999999,9468.211453744494,375,Каргапольский район,рп. Каргаполье,37610151051
Курганская область,375,88.99279999999999,9468.211453744494,375,Шатровский район,с. Мехонское,37640440101
Курганская область,375,88.99279999999999,9468.211453744494,375,Шадринск,г. Шадринск,37705000001
Курганская область,375,88.99279999999999,9468.211453744494,375,Мишкинский район,с. Краснознаменское,37622434101
Курганская область,375,88.99279999999999,9468.211453744494,375,Мишкинский район,с. Краснознаменское,37622434101
Курганская область,375,88.99279999999999,9468.211453744494,375,Целинный район,с. Усть-Уйское,37634448101
Курганская область,375,88.99279999999999,9468.211453744494,375,Звериноголовский район,с. Звериноголовское,37609418101
Курганская область,375,88.99279999999999,9468.211453744494,375,Звериноголовский район,с. Звериноголовское,37609418101
Курганская область,375,88.99279999999999,9468.211453744494,375,Белозерский район,с. Белозерское,37604408101
Курганская область,375,88.99279999999999,9468.211453744494,375,Курган,г. Курган,37701000001
Курганская область,375,88.99279999999999,9468.211453744494,375,Курган,г. Курган,37701000001
Курганская область,375,88.99279999999999,9468.211453744494,375,Далматовский район,с. Першинское,37608467101
Курганская область,375,88.99279999999999,9468.211453744494,375,Курган,г. Курган,37701000001
Курганская область,375,88.99279999999999,9468.211453744494,375,Целинный район,с. Усть-Уйское,37634448101
Курганская область,375,88.99279999999999,9468.211453744494,375,Звериноголовский район,с. Звериноголовское,37609418101
Курганская область,375,88.99279999999999,9468.211453744494,375,Курган,г. Курган,37701000001
Курганская область,375,88.99279999999999,9468.211453744494,375,Курган,г. Курган,37701000001
Курганская область,375,88.99279999999999,9468.211453744494,375,Далматовский район,с. Першинское,37608467101
Курганская область,375,88.99279999999999,9468.211453744494,375,Курган,г. Курган,37701000001
Курганская область,375,88.99279999999999,9468.211453744494,375,Целинный район,с. Усть-Уйское,37634448101
Курганская область,375,88.99279999999999,9468.211453744494,375,Звериноголовский район,с. Звериноголовское,37609418101
Курганская область,375,88.99279999999999,9468.211453744494,375,Далматовский район,с. Першинское,37608467101
Курганская область,375,88.99279999999999,9468.211453744494,375,Курган,г. Курган,37701000001
Курганская область,375,88.99279999999999,9468.211453744494,375,Шадринск,г. Шадринск,37705000001
Курганская область,375,88.99279999999999,9468.211453744494,375,Каргапольский район,с. Житниковское,37610468108
Курганская область,375,88.99279999999999,9468.211453744494,375,Каргапольский район,рп. Каргаполье,37610151051
Курганская область,375,88.99279999999999,9468.211453744494,375,Шатровский район,с. Мехонское,37640440101
Курганская область,375,88.99279999999999,9468.211453744494,375,Шадринск,г. Шадринск,37705000001
Курганская область,375,88.99279999999999,9468.211453744494,375,Шадринск,г. Шадринск,37705000001
Курганская область,375,88.99279999999999,9468.211453744494,375,Белозерский район,с. Белозерское,37604408101
Курганская область,375,88.99279999999999,9468.211453744494,375,Курган,г. Курган,37701000001
Курганская область,375,88.99279999999999,9468.211453744494,375,Курган,г. Курган,37701000001
Курганская область,375,88.99279999999999,9468.211453744494,375,Далматовский район,с. Першинское,37608467101
Курганская область,375,88.99279999999999,9468.211453744494,375,Каргапольский район,рп. Каргаполье,37610151051
Курганская область,375,88.99279999999999,9468.211453744494,375,Шадринск,г. Шадринск,37705000001
Курганская область,375,88.99279999999999,9468.211453744494,375,Курган,г. Курган,37701000001
Курганская область,375,88.99279999999999,9468.211453744494,375,Звериноголовский район,с. Звериноголовское,37609418101
Курганская область,375,88.99279999999999,9468.211453744494,375,Белозерский район,с. Белозерское,37604408101
Курганская область,375,88.99279999999999,9468.211453744494,375,Курган,г. Курган,37701000001
Курганская область,375,88.99279999999999,9468.211453744494,375,Курган,г. Курган,37701000001
Курганская область,375,88.99279999999999,9468.211453744494,375,Шадринск,г. Шадринск,37705000001
Курганская область,375,88.99279999999999,9468.211453744494,375,Курган,г. Курган,37701000001
Курганская область,375,88.99279999999999,9468.211453744494,375,Далматовский район,с. Першинское,37608467101
Курганская область,375,88.99279999999999,9468.211453744494,375,Каргапольский район,рп. Каргаполье,37610151051
Курганская область,375,88.99279999999999,9468.211453744494,375,Шатровский район,с. Мехонское,37640440101
Курганская область,375,88.99279999999999,9468.211453744494,375,Шадринск,г. Шадринск,37705000001
Курганская область,375,88.99279999999999,9468.211453744494,375,Шадринск,г. Шадринск,37705000001
Курганская область,375,88.99279999999999,9468.211453744494,375,Далматовский район,с. Першинское,37608467101
Курганская область,375,88.99279999999999,9468.211453744494,375,Шатровский район,с. Мехонское,37640440101
Курганская область,375,88.99279999999999,9468.211453744494,375,Шадринск,г. Шадринск,37705000001
Курганская область,375,88.99279999999999,9468.211453744494,375,Шадринск,г. Шадринск,37705000001
Курганская область,375,88.99279999999999,9468.211453744494,375,Звериноголовский район,с. Звериноголовское,37609418101
Курганская область,375,88.99279999999999,9468.211453744494,375,Белозерский район,с. Белозерское,37604408101
Курганская область,375,88.99279999999999,9468.211453744494,375,Звериноголовский район,с. Звериноголовское,37609418101
Курганская область,375,88.99279999999999,9468.211453744494,375,Белозерский район,с. Белозерское,37604408101
Курганская область,375,88.99279999999999,9468.211453744494,375,Курган,г. Курган,37701000001
Курганская область,375,88.99279999999999,9468.211453744494,375,Курган,г. Курган,37701000001
Курганская область,375,88.99279999999999,9468.211453744494,375,Курган,г. Курган,37701000001
Курганская область,375,88.99279999999999,9468.211453744494,375,Звериноголовский район,с. Звериноголовское,37609418101
Курганская область,375,88.99279999999999,9468.211453744494,375,Белозерский район,с. Белозерское,37604408101
Курганская область,375,88.99279999999999,9468.211453744494,375,Курган,г. Курган,37701000001
Курганская область,375,88.99279999999999,9468.211453744494,375,Курган,г. Курган,37701000001
Курганская область,375,88.99279999999999,9468.211453744494,375,Курган,г. Курган,37701000001
Курганская область,375,88.99279999999999,9468.211453744494,375,Курган,г. Курган,37701000001
Орловская область,1,0.18,0.0,1,Кромской,пгт. Кромы,54625151051
г. Москва,8,1063.625,125153.33333333333,8,Москва,г. Москва,45000000
г. Москва,8,1063.625,125153.33333333333,8,Москва,г. Москва,45000000
г. Москва,8,1063.625,125153.33333333333,8,Москва,г. Москва,45000000
г. Москва,8,1063.625,125153.33333333333,8,Москва,г. Москва,45000000
г. Москва,8,1063.625,125153.33333333333,8,Москва,г. Москва,45000000
г. Москва,8,1063.625,125153.33333333333,8,Москва,г. Москва,45000000
г. Москва,8,1063.625,125153.33333333333,8,Москва,г. Москва,45000000
г. Москва,8,1063.625,125153.33333333333,8,Москва,г. Москва,45000000
Волгоградская область,7,5.0,0.0,7,Город Волгоград,г. Волгоград,18701000001
Волгоградская область,7,5.0,0.0,7,Город Волгоград,г. Волгоград,18701000001
Волгоградская область,7,5.0,0.0,7,Город Волгоград,г. Волгоград,18701000001
Волгоградская область,7,5.0,0.0,7,Город Волгоград,г. Волгоград,18701000001
Волгоградская область,7,5.0,0.0,7,Город Волгоград,г. Волгоград,18701000001
Волгоградская область,7,5.0,0.0,7,Город Волгоград,г. Волгоград,18701000001
Волгоградская область,7,5.0,0.0,7,Город Волгоград,г. Волгоград,18701000001
Алтайский край,36,56.347222222222236,2234.2666666666664,36,Мамонтовский,с. Мамонтово,01626449101
Алтайский край,36,56.347222222222236,2234.2666666666664,36,Мамонтовский,с. Мамонтово,01626449101
Алтайский край,36,56.347222222222236,2234.2666666666664,36,Мамонтовский,с. Мамонтово,01626449101
Алтайский край,36,56.347222222222236,2234.2666666666664,36,Мамонтовский,с. Мамонтово,01626449101
Алтайский край,36,56.347222222222236,2234.2666666666664,36,Мамонтовский,с. Мамонтово,01626449101
Алтайский край,36,56.347222222222236,2234.2666666666664,36,Мамонтовский,с. Мамонтово,01626449101
Алтайский край,36,56.347222222222236,2234.2666666666664,36,Бийский,с. Сростки,01604483101
Алтайский край,36,56.347222222222236,2234.2666666666664,36,Мамонтовский,с. Мамонтово,01626449101
Алтайский край,36,56.347222222222236,2234.2666666666664,36,Мамонтовский,с. Мамонтово,01626449101
Алтайский край,36,56.347222222222236,2234.2666666666664,36,Мамонтовский,с. Мамонтово,01626449101
Алтайский край,36,56.347222222222236,2234.2666666666664,36,Мамонтовский,с. Мамонтово,01626449101
Алтайский край,36,56.347222222222236,2234.2666666666664,36,Мамонтовский,с. Мамонтово,01626449101
Алтайский край,36,56.347222222222236,2234.2666666666664,36,Мамонтовский,с. Мамонтово,01626449101
Алтайский край,36,56.347222222222236,2234.2666666666664,36,Мамонтовский,с. Мамонтово,01626449101
Алтайский край,36,56.347222222222236,2234.2666666666664,36,Мамонтовский,с. Мамонтово,01626449101
Алтайский край,36,56.347222222222236,2234.2666666666664,36,Советский,с. Советское,01642452101
Алтайский край,36,56.347222222222236,2234.2666666666664,36,Каменский,г. Камень-на-Оби,01616101000
Алтайский край,36,56.347222222222236,2234.2666666666664,36,Барнаул,г. Барнаул,01701000001
Алтайский край,36,56.347222222222236,2234.2666666666664,36,Барнаул,г. Барнаул,01701000001
Алтайский край,36,56.347222222222236,2234.2666666666664,36,Каменский,г. Камень-на-Оби,01616101000
Алтайский край,36,56.347222222222236,2234.2666666666664,36,Барнаул,г. Барнаул,01701000001
Алтайский край,36,56.347222222222236,2234.2666666666664,36,Барнаул,г. Барнаул,01701000001
Алтайский край,36,56.347222222222236,2234.2666666666664,36,Барнаул,г. Барнаул,01701000001
Алтайский край,36,56.347222222222236,2234.2666666666664,36,Барнаул,г. Барнаул,01701000001
Алтайский край,36,56.347222222222236,2234.2666666666664,36,Барнаул,г. Барнаул,01701000001
Алтайский край,36,56.347222222222236,2234.2666666666664,36,Барнаул,г. Барнаул,01701000001
Алтайский край,36,56.347222222222236,2234.2666666666664,36,Барнаул,г. Барнаул,01701000001
Алтайский край,36,56.347222222222236,2234.2666666666664,36,Барнаул,г. Барнаул,01701000001
Алтайский край,36,56.347222222222236,2234.2666666666664,36,Барнаул,г. Барнаул,01701000001
Алтайский край,36,56.347222222222236,2234.2666666666664,36,Барнаул,г. Барнаул,01701000001
Алтайский край,36,56.347222222222236,2234.2666666666664,36,Барнаул,г. Барнаул,01701000001
Алтайский край,36,56.347222222222236,2234.2666666666664,36,Барнаул,г. Барнаул,01701000001
Алтайский край,36,56.347222222222236,2234.2666666666664,36,Барнаул,г. Барнаул,01701000001
Алтайский край,36,56.347222222222236,2234.2666666666664,36,Барнаул,г. Барнаул,01701000001
Алтайский край,36,56.347222222222236,2234.2666666666664,36,Барнаул,г. Барнаул,01701000001
Алтайский край,36,56.347222222222236,2234.2666666666664,36,Мамонтовский,с. Мамонтово,01626449101
Астраханская область,19,46.31578947368421,5000.0,19,Харабалинский район,с. Селитренное,12645424101
Астраханская область,19,46.31578947368421,5000.0,19,Юстинский район,п. Цаган Аман,85646460101
Астраханская область,19,46.31578947368421,5000.0,19,Город Астрахань,г. Астрахань,12701000001
Астраханская область,19,46.31578947368421,5000.0,19,Город Астрахань,г. Астрахань,12701000001
Астраханская область,19,46.31578947368421,5000.0,19,Город Астрахань,г. Астрахань,12701000001
Астраханская область,19,46.31578947368421,5000.0,19,Город Астрахань,г. Астрахань,12701000001
Астраханская область,19,46.31578947368421,5000.0,19,Город Астрахань,г. Астрахань,12701000001
Астраханская область,19,46.31578947368421,5000.0,19,Наримановский район,с. Верхнелебяжье,12640412106
Астраханская область,19,46.31578947368421,5000.0,19,Харабалинский район,с. Селитренное,12645424101
Астраханская область,19,46.31578947368421,5000.0,19,Город Астрахань,г. Астрахань,12701000001
Астраханская область,19,46.31578947368421,5000.0,19,Город Астрахань,г. Астрахань,12701000001
Астраханская область,19,46.31578947368421,5000.0,19,Город Астрахань,г. Астрахань,12701000001
Астраханская область,19,46.31578947368421,5000.0,19,Город Астрахань,г. Астрахань,12701000001
Астраханская область,19,46.31578947368421,5000.0,19,Город Астрахань,г. Астрахань,12701000001
Астраханская область,19,46.31578947368421,5000.0,19,Город Астрахань,г. Астрахань,12701000001
Астраханская область,19,46.31578947368421,5000.0,19,Город Астрахань,г. Астрахань,12701000001
Астраханская область,19,46.31578947368421,5000.0,19,Город Астрахань,г. Астрахань,12701000001
Астраханская область,19,46.31578947368421,5000.0,19,Город Астрахань,г. Астрахань,12701000001
Астраханская область,19,46.31578947368421,5000.0,19,Город Астрахань,г. Астрахань,12701000001
Республика Коми,69,246.29202898550727,14770.727272727272,69,ГО Ухта,п. Седъю,87725000136
Республика Коми,69,246.29202898550727,14770.727272727272,69,ГО Ухта,п. Седъю,87725000136
Республика Коми,69,246.29202898550727,14770.727272727272,69,ГО Ухта,п. Седъю,87725000136
Республика Коми,69,246.29202898550727,14770.727272727272,69,ГО Ухта,п. Седъю,87725000136
Республика Коми,69,246.29202898550727,14770.727272727272,69,ГО Ухта,п. Седъю,87725000136
Республика Коми,69,246.29202898550727,14770.727272727272,69,ГО Усинск,с. Колва,87723000131
Республика Коми,69,246.29202898550727,14770.727272727272,69,ГО Ухта,п. Седъю,87725000136
Республика Коми,69,246.29202898550727,14770.727272727272,69,ГО Усинск,с. Колва,87723000131
Республика Коми,69,246.29202898550727,14770.727272727272,69,МР Усть-Вымский,с. Межег,87644425101
Республика Коми,69,246.29202898550727,14770.727272727272,69,ГО Ухта,п. Седъю,87725000136
Республика Коми,69,246.29202898550727,14770.727272727272,69,ГО Ухта,п. Седъю,87725000136
Республика Коми,69,246.29202898550727,14770.727272727272,69,ГО Ухта,п. Седъю,87725000136
Республика Коми,69,246.29202898550727,14770.727272727272,69,ГО Ухта,г. Ухта,87725000001
Республика Коми,69,246.29202898550727,14770.727272727272,69,ГО Ухта,г. Ухта,87725000001
Республика Коми,69,246.29202898550727,14770.727272727272,69,Заполярный район,с. Оксино,11811463101
Республика Коми,69,246.29202898550727,14770.727272727272,69,ГО Усинск,с. Колва,87723000131
Республика Коми,69,246.29202898550727,14770.727272727272,69,ГО Усинск,с. Колва,87723000131
Республика Коми,69,246.29202898550727,14770.727272727272,69,ГО Ухта,г. Ухта,87725000001
Республика Коми,69,246.29202898550727,14770.727272727272,69,ГО Ухта,г. Ухта,87725000001
Республика Коми,69,246.29202898550727,14770.727272727272,69,ГО Воркута,г. Воркута,87710000001
Республика Коми,69,246.29202898550727,14770.727272727272,69,ГО Воркута,г. Воркута,87710000001
Республика Коми,69,246.29202898550727,14770.727272727272,69,ГО Воркута,г. Воркута,87710000001
Республика Коми,69,246.29202898550727,14770.727272727272,69,ГО Воркута,г. Воркута,87710000001
Республика Коми,69,246.29202898550727,14770.727272727272,69,ГО Воркута,г. Воркута,87710000001
Республика Коми,69,246.29202898550727,14770.727272727272,69,ГО Воркута,г. Воркута,87710000001
Республика Коми,69,246.29202898550727,14770.727272727272,69,ГО Воркута,г. Воркута,87710000001
Республика Коми,69,246.29202898550727,14770.727272727272,69,ГО Воркута,г. Воркута,87710000001
Республика Коми,69,246.29202898550727,14770.727272727272,69,ГО Воркута,г. Воркута,87710000001
Республика Коми,69,246.29202898550727,14770.727272727272,69,ГО Воркута,г. Воркута,87710000001
Республика Коми,69,246.29202898550727,14770.727272727272,69,ГО Воркута,г. Воркута,87710000001
Республика Коми,69,246.29202898550727,14770.727272727272,69,ГО Ухта,г. Ухта,87725000001
Республика Коми,69,246.29202898550727,14770.727272727272,69,ГО Ухта,г. Ухта,87725000001
Республика Коми,69,246.29202898550727,14770.727272727272,69,МР Сосногорск,г. Сосногорск,87626122001
Республика Коми,69,246.29202898550727,14770.727272727272,69,ГО Сыктывкар,г. Сыктывкар,87701000001
Республика Коми,69,246.29202898550727,14770.727272727272,69,ГО Сыктывкар,г. Сыктывкар,87701000001
Республика Коми,69,246.29202898550727,14770.727272727272,69,ГО Сыктывкар,г. Сыктывкар,87701000001
Республика Коми,69,246.29202898550727,14770.727272727272,69,ГО Сыктывкар,г. Сыктывкар,87701000001
Республика Коми,69,246.29202898550727,14770.727272727272,69,ГО Сыктывкар,г. Сыктывкар,87701000001
Республика Коми,69,246.29202898550727,14770.727272727272,69,ГО Сыктывкар,г. Сыктывкар,87701000001
Республика Коми,69,246.29202898550727,14770.727272727272,69,ГО Сыктывкар,г. Сыктывкар,87701000001
Республика Коми,69,246.29202898550727,14770.727272727272,69,ГО Сыктывкар,г. Сыктывкар,87701000001
Республика Коми,69,246.29202898550727,14770.727272727272,69,ГО Сыктывкар,г. Сыктывкар,87701000001
Республика Коми,69,246.29202898550727,14770.727272727272,69,ГО Сыктывкар,г. Сыктывкар,87701000001
Республика Коми,69,246.29202898550727,14770.727272727272,69,ГО Сыктывкар,г. Сыктывкар,87701000001
Республика Коми,69,246.29202898550727,14770.727272727272,69,ГО Сыктывкар,г. Сыктывкар,87701000001
Республика Коми,69,246.29202898550727,14770.727272727272,69,ГО Усинск,с. Усть-Уса,87723000146
Республика Коми,69,246.29202898550727,14770.727272727272,69,ГО Усинск,с. Усть-Уса,87723000146
Республика Коми,69,246.29202898550727,14770.727272727272,69,ГО Усинск,с. Усть-Уса,87723000146
Республика Коми,69,246.29202898550727,14770.727272727272,69,ГО Усинск,с. Усть-Уса,87723000146
Республика Коми,69,246.29202898550727,14770.727272727272,69,ГО Усинск,с. Усть-Уса,87723000146
Республика Коми,69,246.29202898550727,14770.727272727272,69,ГО Усинск,с. Усть-Уса,87723000146
Республика Коми,69,246.29202898550727,14770.727272727272,69,ГО Усинск,с. Усть-Уса,87723000146
Республика Коми,69,246.29202898550727,14770.727272727272,69,ГО Усинск,с. Усть-Уса,87723000146
Республика Коми,69,246.29202898550727,14770.727272727272,69,ГО Усинск,с. Мутный Материк,87723000136
Республика Коми,69,246.29202898550727,14770.727272727272,69,МР Троицко-Печорский,пгт. Троицко-Печорск,87636151051
Республика Коми,69,246.29202898550727,14770.727272727272,69,МР Печора,г. Печора,87620101001
Республика Коми,69,246.29202898550727,14770.727272727272,69,МР Печора,г. Печора,87620101001
Республика Коми,69,246.29202898550727,14770.727272727272,69,МР Печора,г. Печора,87620101001
Республика Коми,69,246.29202898550727,14770.727272727272,69,МР Печора,г. Печора,87620101001
Республика Коми,69,246.29202898550727,14770.727272727272,69,Котласский муниципальный район,г. Сольвычегодск,11627104001
Республика Коми,69,246.29202898550727,14770.727272727272,69,ГО Сыктывкар,г. Сыктывкар,87701000001
Республика Коми,69,246.29202898550727,14770.727272727272,69,ГО Сыктывкар,г. Сыктывкар,87701000001
Республика Коми,69,246.29202898550727,14770.727272727272,69,ГО Сыктывкар,г. Сыктывкар,87701000001
Республика Коми,69,246.29202898550727,14770.727272727272,69,ГО Сыктывкар,г. Сыктывкар,87701000001
Республика Коми,69,246.29202898550727,14770.727272727272,69,ГО Сыктывкар,г. Сыктывкар,87701000001
Республика Коми,69,246.29202898550727,14770.727272727272,69,ГО Сыктывкар,г. Сыктывкар,87701000001
Республика Коми,69,246.29202898550727,14770.727272727272,69,ГО Сыктывкар,г. Сыктывкар,87701000001
Республика Коми,69,246.29202898550727,14770.727272727272,69,ГО Усинск,с. Колва,87723000131
Республика Коми,69,246.29202898550727,14770.727272727272,69,ГО Усинск,с. Колва,87723000131
Тюменская область,317,68.87135646687696,8740.321285140562,317,Уватский район,п. Туртас,71648445101
Тюменская область,317,68.87135646687696,8740.321285140562,317,Упоровский район,с. Коркино,71650430101
Тюменская область,317,68.87135646687696,8740.321285140562,317,Ярковский район,с. Иевлево,71658420101
Тюменская область,317,68.87135646687696,8740.321285140562,317,Тобольск,г. Тобольск,71710000001
Тюменская область,317,68.87135646687696,8740.321285140562,317,Нижнетавдинский район,с. Нижняя Тавда,71632450101
Тюменская область,317,68.87135646687696,8740.321285140562,317,Нижнетавдинский район,с. Велижаны,71632420101
Тюменская область,317,68.87135646687696,8740.321285140562,317,Тобольск,г. Тобольск,71710000001
Тюменская область,317,68.87135646687696,8740.321285140562,317,Уватский район,с. Демьянское,71648415101
Тюменская область,317,68.87135646687696,8740.321285140562,317,Упоровский район,с. Коркино,71650430101
Тюменская область,317,68.87135646687696,8740.321285140562,317,Тобольск,г. Тобольск,71710000001
Тюменская область,317,68.87135646687696,8740.321285140562,317,Заводоуковский район,г. Заводоуковск,71703000001
Тюменская область,317,68.87135646687696,8740.321285140562,317,Уватский район,п. Туртас,71648445101
Тюменская область,317,68.87135646687696,8740.321285140562,317,Тюменский район,с. Салаирка,71644470101
Тюменская область,317,68.87135646687696,8740.321285140562,317,Тюменский район,с. Салаирка,71644470101
Тюменская область,317,68.87135646687696,8740.321285140562,317,Тюменский район,с. Салаирка,71644470101
Тюменская область,317,68.87135646687696,8740.321285140562,317,Ярковский район,с. Покровское,71658445101
Тюменская область,317,68.87135646687696,8740.321285140562,317,Тюмень,г. Тюмень,71701000001
Тюменская область,317,68.87135646687696,8740.321285140562,317,Тюмень,г. Тюмень,71701000001
Тюменская область,317,68.87135646687696,8740.321285140562,317,Ярковский район,с. Иевлево,71658420101
Тюменская область,317,68.87135646687696,8740.321285140562,317,Тобольск,г. Тобольск,71710000001
Тюменская область,317,68.87135646687696,8740.321285140562,317,Нижнетавдинский район,с. Нижняя Тавда,71632450101
Тюменская область,317,68.87135646687696,8740.321285140562,317,Тюменский район,с. Богандинское,71644416111
Тюменская область,317,68.87135646687696,8740.321285140562,317,Нижнетавдинский район,с. Велижаны,71632420101
Тюменская область,317,68.87135646687696,8740.321285140562,317,Уватский район,с. Демьянское,71648415101
Тюменская область,317,68.87135646687696,8740.321285140562,317,Тобольский район,д. Чукманка,71642420131
Тюменская область,317,68.87135646687696,8740.321285140562,317,Тюменский район,с. Салаирка,71644470101
Тюменская область,317,68.87135646687696,8740.321285140562,317,Заводоуковский район,г. Заводоуковск,71703000001
Тюменская область,317,68.87135646687696,8740.321285140562,317,Заводоуковский район,г. Заводоуковск,71703000001
Тюменская область,317,68.87135646687696,8740.321285140562,317,Тюменский район,с. Салаирка,71644470101
Тюменская область,317,68.87135646687696,8740.321285140562,317,Заводоуковский район,г. Заводоуковск,71703000001
Тюменская область,317,68.87135646687696,8740.321285140562,317,Уватский район,п. Туртас,71648445101
Тюменская область,317,68.87135646687696,8740.321285140562,317,Нижнетавдинский район,с. Велижаны,71632420101
Тюменская область,317,68.87135646687696,8740.321285140562,317,Уватский район,с. Демьянское,71648415101
Тюменская область,317,68.87135646687696,8740.321285140562,317,Тобольский район,д. Чукманка,71642420131
Тюменская область,317,68.87135646687696,8740.321285140562,317,Тюменский район,рп. Боровский,71644412101
Тюменская область,317,68.87135646687696,8740.321285140562,317,Заводоуковский район,г. Заводоуковск,71703000001
Тюменская область,317,68.87135646687696,8740.321285140562,317,Заводоуковский район,г. Заводоуковск,71703000001
Тюменская область,317,68.87135646687696,8740.321285140562,317,Тобольск,г. Тобольск,71710000001
Тюменская область,317,68.87135646687696,8740.321285140562,317,Тобольск,г. Тобольск,71710000001
Тюменская область,317,68.87135646687696,8740.321285140562,317,Тобольск,г. Тобольск,71710000001
Тюменская область,317,68.87135646687696,8740.321285140562,317,Уватский район,п. Туртас,71648445101
Тюменская область,317,68.87135646687696,8740.321285140562,317,Уватский район,с. Демьянское,71648415101
Тюменская область,317,68.87135646687696,8740.321285140562,317,Заводоуковский район,г. Заводоуковск,71703000001
Тюменская область,317,68.87135646687696,8740.321285140562,317,Тюменский район,с. Салаирка,71644470101
Тюменская область,317,68.87135646687696,8740.321285140562,317,Тобольск,г. Тобольск,71710000001
Тюменская область,317,68.87135646687696,8740.321285140562,317,Заводоуковский район,г. Заводоуковск,71703000001
Тюменская область,317,68.87135646687696,8740.321285140562,317,Уватский район,п. Туртас,71648445101
Тюменская область,317,68.87135646687696,8740.321285140562,317,Тюменский район,с. Салаирка,71644470101
Тюменская область,317,68.87135646687696,8740.321285140562,317,Ярковский район,с. Покровское,71658445101
Тюменская область,317,68.87135646687696,8740.321285140562,317,Тюмень,г. Тюмень,71701000001
Тюменская область,317,68.87135646687696,8740.321285140562,317,Ярковский район,с. Иевлево,71658420101
Тюменская область,317,68.87135646687696,8740.321285140562,317,Нижнетавдинский район,с. Велижаны,71632420101
Тюменская область,317,68.87135646687696,8740.321285140562,317,Уватский район,с. Демьянское,71648415101
Тюменская область,317,68.87135646687696,8740.321285140562,317,Заводоуковский район,г. Заводоуковск,71703000001
Тюменская область,317,68.87135646687696,8740.321285140562,317,Тобольск,г. Тобольск,71710000001
Тюменская область,317,68.87135646687696,8740.321285140562,317,Заводоуковский район,г. Заводоуковск,71703000001
Тюменская область,317,68.87135646687696,8740.321285140562,317,Уватский район,п. Туртас,71648445101
Тюменская область,317,68.87135646687696,8740.321285140562,317,Тюменский район,с. Салаирка,71644470101
Тюменская область,317,68.87135646687696,8740.321285140562,317,Тюмень,г. Тюмень,71701000001
Тюменская область,317,68.87135646687696,8740.321285140562,317,Тюмень,г. Тюмень,71701000001
Тюменская область,317,68.87135646687696,8740.321285140562,317,Упоровский район,с. Коркино,71650430101
Тюменская область,317,68.87135646687696,8740.321285140562,317,Ярковский район,с. Иевлево,71658420101
Тюменская область,317,68.87135646687696,8740.321285140562,317,Нижнетавдинский район,с. Нижняя Тавда,71632450101
Тюменская область,317,68.87135646687696,8740.321285140562,317,Тюменский район,с. Богандинское,71644416111
Тюменская область,317,68.87135646687696,8740.321285140562,317,Тобольск,г. Тобольск,71710000001
Тюменская область,317,68.87135646687696,8740.321285140562,317,Уватский район,с. Демьянское,71648415101
Тюменская область,317,68.87135646687696,8740.321285140562,317,Заводоуковский район,г. Заводоуковск,71703000001
Тюменская область,317,68.87135646687696,8740.321285140562,317,Тюменский район,с. Салаирка,71644470101
Тюменская область,317,68.87135646687696,8740.321285140562,317,Тюменский район,с. Салаирка,71644470101
Тюменская область,317,68.87135646687696,8740.321285140562,317,Тюменский район,с. Салаирка,71644470101
Тюменская область,317,68.87135646687696,8740.321285140562,317,Тюмень,г. Тюмень,71701000001
Тюменская область,317,68.87135646687696,8740.321285140562,317,Тюмень,г. Тюмень,71701000001
Тюменская область,317,68.87135646687696,8740.321285140562,317,Упоровский район,с. Коркино,71650430101
Тюменская область,317,68.87135646687696,8740.321285140562,317,Заводоуковский район,г. Заводоуковск,71703000001
Тюменская область,317,68.87135646687696,8740.321285140562,317,Уватский район,п. Туртас,71648445101
Тюменская область,317,68.87135646687696,8740.321285140562,317,Тюменский район,с. Салаирка,71644470101
Тюменская область,317,68.87135646687696,8740.321285140562,317,Ярковский район,с. Покровское,71658445101
Тюменская область,317,68.87135646687696,8740.321285140562,317,Ярковский район,с. Иевлево,71658420101
Тюменская область,317,68.87135646687696,8740.321285140562,317,Нижнетавдинский район,с. Велижаны,71632420101
Тюменская область,317,68.87135646687696,8740.321285140562,317,Уватский район,с. Демьянское,71648415101
Тюменская область,317,68.87135646687696,8740.321285140562,317,Заводоуковский район,г. Заводоуковск,71703000001
Тюменская область,317,68.87135646687696,8740.321285140562,317,Заводоуковский район,г. Заводоуковск,71703000001
Тюменская область,317,68.87135646687696,8740.321285140562,317,Заводоуковский район,г. Заводоуковск,71703000001
Тюменская область,317,68.87135646687696,8740.321285140562,317,Ярковский район,с. Покровское,71658445101
Тюменская область,317,68.87135646687696,8740.321285140562,317,Ярковский район,с. Иевлево,71658420101
Тюменская область,317,68.87135646687696,8740.321285140562,317,Нижнетавдинский район,с. Нижняя Тавда,71632450101
Тюменская область,317,68.87135646687696,8740.321285140562,317,Нижнетавдинский район,с. Велижаны,71632420101
Тюменская область,317,68.87135646687696,8740.321285140562,317,Заводоуковский район,г. Заводоуковск,71703000001
Тюменская область,317,68.87135646687696,8740.321285140562,317,Заводоуковский район,г. Заводоуковск,71703000001
Тюменская область,317,68.87135646687696,8740.321285140562,317,Заводоуковский район,г. Заводоуковск,71703000001
Тюменская область,317,68.87135646687696,8740.321285140562,317,Уватский район,с. Уват,71648450101
Тюменская область,317,68.87135646687696,8740.321285140562,317,Заводоуковский район,г. Заводоуковск,71703000001
Тюменская область,317,68.87135646687696,8740.321285140562,317,Нижнетавдинский район,с. Велижаны,71632420101
Тюменская область,317,68.87135646687696,8740.321285140562,317,Тобольский район,д. Чукманка,71642420131
Тюменская область,317,68.87135646687696,8740.321285140562,317,Заводоуковский район,г. Заводоуковск,71703000001
Тюменская область,317,68.87135646687696,8740.321285140562,317,Тюменский район,с. Салаирка,71644470101
Тюменская область,317,68.87135646687696,8740.321285140562,317,Уватский район,с. Демьянское,71648415101
Тюменская область,317,68.87135646687696,8740.321285140562,317,Уватский район,с. Демьянское,71648415101
Тюменская область,317,68.87135646687696,8740.321285140562,317,Тюменский район,с. Салаирка,71644470101
Тюменская область,317,68.87135646687696,8740.321285140562,317,Тюмень,г. Тюмень,71701000001
Тюменская область,317,68.87135646687696,8740.321285140562,317,Тюмень,г. Тюмень,71701000001
Тюменская область,317,68.87135646687696,8740.321285140562,317,Тобольск,г. Тобольск,71710000001
Тюменская область,317,68.87135646687696,8740.321285140562,317,Тобольский район,д. Чукманка,71642420131
Тюменская область,317,68.87135646687696,8740.321285140562,317,Заводоуковский район,г. Заводоуковск,71703000001
Тюменская область,317,68.87135646687696,8740.321285140562,317,Тюменский район,с. Салаирка,71644470101
Тюменская область,317,68.87135646687696,8740.321285140562,317,Тобольск,г. Тобольск,71710000001
Тюменская область,317,68.87135646687696,8740.321285140562,317,Заводоуковский район,г. Заводоуковск,71703000001
Тюменская область,317,68.87135646687696,8740.321285140562,317,Тюмень,г. Тюмень,71701000001
Тюменская область,317,68.87135646687696,8740.321285140562,317,Нижнетавдинский район,с. Велижаны,71632420101
Тюменская область,317,68.87135646687696,8740.321285140562,317,Тюменский район,рп. Боровский,71644412101
Тюменская область,317,68.87135646687696,8740.321285140562,317,Заводоуковский район,г. Заводоуковск,71703000001
Тюменская область,317,68.87135646687696,8740.321285140562,317,Тюмень,г. Тюмень,71701000001
Тюменская область,317,68.87135646687696,8740.321285140562,317,Заводоуковский район,г. Заводоуковск,71703000001
Тюменская область,317,68.87135646687696,8740.321285140562,317,Уватский район,с. Демьянское,71648415101
Тюменская область,317,68.87135646687696,8740.321285140562,317,Уватский район,с. Уват,71648450101
Тюменская область,317,68.87135646687696,8740.321285140562,317,Тюменский район,с. Салаирка,71644470101
Тюменская область,317,68.87135646687696,8740.321285140562,317,Тюменский район,с. Салаирка,71644470101
Тюменская область,317,68.87135646687696,8740.321285140562,317,Тюмень,г. Тюмень,71701000001
Тюменская область,317,68.87135646687696,8740.321285140562,317,Тюмень,г. Тюмень,71701000001
Тюменская область,317,68.87135646687696,8740.321285140562,317,Ярковский район,с. Иевлево,71658420101
Тюменская область,317,68.87135646687696,8740.321285140562,317,Тобольск,г. Тобольск,71710000001
Тюменская область,317,68.87135646687696,8740.321285140562,317,Нижнетавдинский район,с. Велижаны,71632420101
Тюменская область,317,68.87135646687696,8740.321285140562,317,Тобольский район,д. Чукманка,71642420131
Тюменская область,317,68.87135646687696,8740.321285140562,317,Заводоуковский район,г. Заводоуковск,71703000001
Тюменская область,317,68.87135646687696,8740.321285140562,317,Тюменский район,с. Салаирка,71644470101
Тюменская область,317,68.87135646687696,8740.321285140562,317,Тюменский район,с. Салаирка,71644470101
Тюменская область,317,68.87135646687696,8740.321285140562,317,Тюменский район,с. Салаирка,71644470101
Тюменская область,317,68.87135646687696,8740.321285140562,317,Тюмень,г. Тюмень,71701000001
Тюменская область,317,68.87135646687696,8740.321285140562,317,Тюмень,г. Тюмень,71701000001
Тюменская область,317,68.87135646687696,8740.321285140562,317,Тобольск,г. Тобольск,71710000001
Тюменская область,317,68.87135646687696,8740.321285140562,317,Уватский район,с. Демьянское,71648415101
Тюменская область,317,68.87135646687696,8740.321285140562,317,Нижнетавдинский район,с. Нижняя Тавда,71632450101
Тюменская область,317,68.87135646687696,8740.321285140562,317,Тобольский район,д. Чукманка,71642420131
Тюменская область,317,68.87135646687696,8740.321285140562,317,Заводоуковский район,г. Заводоуковск,71703000001
Тюменская область,317,68.87135646687696,8740.321285140562,317,Тобольск,г. Тобольск,71710000001
Тюменская область,317,68.87135646687696,8740.321285140562,317,Тобольск,г. Тобольск,71710000001
Тюменская область,317,68.87135646687696,8740.321285140562,317,Уватский район,с. Демьянское,71648415101
Тюменская область,317,68.87135646687696,8740.321285140562,317,Уватский район,с. Уват,71648450101
Тюменская область,317,68.87135646687696,8740.321285140562,317,Заводоуковский район,г. Заводоуковск,71703000001
Тюменская область,317,68.87135646687696,8740.321285140562,317,Тюмень,г. Тюмень,71701000001
Тюменская область,317,68.87135646687696,8740.321285140562,317,Ярковский район,с. Иевлево,71658420101
Тюменская область,317,68.87135646687696,8740.321285140562,317,Тобольск,г. Тобольск,71710000001
Тюменская область,317,68.87135646687696,8740.321285140562,317,Нижнетавдинский район,с. Велижаны,71632420101
Тюменская область,317,68.87135646687696,8740.321285140562,317,Уватский район,с. Уват,71648450101
Тюменская область,317,68.87135646687696,8740.321285140562,317,Уватский район,с. Демьянское,71648415101
Тюменская область,317,68.87135646687696,8740.321285140562,317,Заводоуковский район,г. Заводоуковск,71703000001
Тюменская область,317,68.87135646687696,8740.321285140562,317,Тюменский район,с. Салаирка,71644470101
Тюменская область,317,68.87135646687696,8740.321285140562,317,Тюменский район,с. Салаирка,71644470101
Тюменская область,317,68.87135646687696,8740.321285140562,317,Тюменский район,с. Салаирка,71644470101
Тюменская область,317,68.87135646687696,8740.321285140562,317,Тюмень,г. Тюмень,71701000001
Тюменская область,317,68.87135646687696,8740.321285140562,317,Тюмень,г. Тюмень,71701000001
Тюменская область,317,68.87135646687696,8740.321285140562,317,Тюмень,г. Тюмень,71701000001
Тюменская область,317,68.87135646687696,8740.321285140562,317,Тобольск,г. Тобольск,71710000001
Тюменская область,317,68.87135646687696,8740.321285140562,317,Тазовский муниципальный район,п. Тазовский,71923401101
Тюменская область,317,68.87135646687696,8740.321285140562,317,Тюменский район,с. Богандинское,71644416111
Тюменская область,317,68.87135646687696,8740.321285140562,317,Заводоуковский район,г. Заводоуковск,71703000001
Тюменская область,317,68.87135646687696,8740.321285140562,317,Тюменский район,с. Салаирка,71644470101
Тюменская область,317,68.87135646687696,8740.321285140562,317,Ярковский район,с. Покровское,71658445101
Тюменская область,317,68.87135646687696,8740.321285140562,317,Тюмень,г. Тюмень,71701000001
Тюменская область,317,68.87135646687696,8740.321285140562,317,Тюмень,г. Тюмень,71701000001
Тюменская область,317,68.87135646687696,8740.321285140562,317,Тюмень,г. Тюмень,71701000001
Тюменская область,317,68.87135646687696,8740.321285140562,317,Тюмень,г. Тюмень,71701000001
Тюменская область,317,68.87135646687696,8740.321285140562,317,Тюмень,г. Тюмень,71701000001
Тюменская область,317,68.87135646687696,8740.321285140562,317,Ярковский район,с. Иевлево,71658420101
Тюменская область,317,68.87135646687696,8740.321285140562,317,Тюменский район,с. Богандинское,71644416111
Тюменская область,317,68.87135646687696,8740.321285140562,317,Тюменский район,с. Богандинское,71644416111
Тюменская область,317,68.87135646687696,8740.321285140562,317,Салехард,г. Салехард,71951000001
Тюменская область,317,68.87135646687696,8740.321285140562,317,Надымский муниципальный район,г. Надым,71936000001
Тюменская область,317,68.87135646687696,8740.321285140562,317,Нижнетавдинский район,с. Велижаны,71632420101
Тюменская область,317,68.87135646687696,8740.321285140562,317,Уватский район,с. Уват,71648450101
Тюменская область,317,68.87135646687696,8740.321285140562,317,Тобольский район,д. Чукманка,71642420131
Тюменская область,317,68.87135646687696,8740.321285140562,317,Тюменский район,рп. Боровский,71644412101
Тюменская область,317,68.87135646687696,8740.321285140562,317,Уватский район,с. Демьянское,71648415101
Тюменская область,317,68.87135646687696,8740.321285140562,317,Тюмень,г. Тюмень,71701000001
Тюменская область,317,68.87135646687696,8740.321285140562,317,Тюмень,г. Тюмень,71701000001
Тюменская область,317,68.87135646687696,8740.321285140562,317,Тюмень,г. Тюмень,71701000001
Тюменская область,317,68.87135646687696,8740.321285140562,317,Тобольск,г. Тобольск,71710000001
Тюменская область,317,68.87135646687696,8740.321285140562,317,Тобольский район,д. Чукманка,71642420131
Тюменская область,317,68.87135646687696,8740.321285140562,317,Тюменский район,с. Салаирка,71644470101
Тюменская область,317,68.87135646687696,8740.321285140562,317,Тюмень,г. Тюмень,71701000001
Тюменская область,317,68.87135646687696,8740.321285140562,317,Тюмень,г. Тюмень,71701000001
Тюменская область,317,68.87135646687696,8740.321285140562,317,Тюмень,г. Тюмень,71701000001
Тюменская область,317,68.87135646687696,8740.321285140562,317,Тюмень,г. Тюмень,71701000001
Тюменская область,317,68.87135646687696,8740.321285140562,317,Уватский район,с. Уват,71648450101
Тюменская область,317,68.87135646687696,8740.321285140562,317,Тюменский район,с. Салаирка,71644470101
Тюменская область,317,68.87135646687696,8740.321285140562,317,Ярковский район,с. Покровское,71658445101
Тюменская область,317,68.87135646687696,8740.321285140562,317,Тюмень,г. Тюмень,71701000001
Тюменская область,317,68.87135646687696,8740.321285140562,317,Тюмень,г. Тюмень,71701000001
Тюменская область,317,68.87135646687696,8740.321285140562,317,Нижнетавдинский район,с. Велижаны,71632420101
Тюменская область,317,68.87135646687696,8740.321285140562,317,Тобольский район,д. Чукманка,71642420131
Тюменская область,317,68.87135646687696,8740.321285140562,317,Нижнетавдинский район,с. Нижняя Тавда,71632450101
Тюменская область,317,68.87135646687696,8740.321285140562,317,Ярковский район,с. Покровское,71658445101
Тюменская область,317,68.87135646687696,8740.321285140562,317,Тюмень,г. Тюмень,71701000001
Тюменская область,317,68.87135646687696,8740.321285140562,317,Тюмень,г. Тюмень,71701000001
Тюменская область,317,68.87135646687696,8740.321285140562,317,Тюмень,г. Тюмень,71701000001
Тюменская область,317,68.87135646687696,8740.321285140562,317,Тобольск,г. Тобольск,71710000001
Тюменская область,317,68.87135646687696,8740.321285140562,317,Пуровский муниципальный район,пгт. Уренгой,71920159051
Тюменская область,317,68.87135646687696,8740.321285140562,317,Надымский муниципальный район,г. Надым,71936000001
Тюменская область,317,68.87135646687696,8740.321285140562,317,Надымский муниципальный район,г. Надым,71936000001
Тюменская область,317,68.87135646687696,8740.321285140562,317,Нижнетавдинский район,с. Велижаны,71632420101
Тюменская область,317,68.87135646687696,8740.321285140562,317,Уватский район,с. Демьянское,71648415101
Тюменская область,317,68.87135646687696,8740.321285140562,317,Тобольский район,д. Чукманка,71642420131
Тюменская область,317,68.87135646687696,8740.321285140562,317,Пуровский муниципальный район,г. Тарко-Сале,71920105001
Тюменская область,317,68.87135646687696,8740.321285140562,317,Пуровский муниципальный район,г. Тарко-Сале,71920105001
Тюменская область,317,68.87135646687696,8740.321285140562,317,Пуровский муниципальный район,пгт. Уренгой,71920159051
Тюменская область,317,68.87135646687696,8740.321285140562,317,Пуровский муниципальный район,пгт. Уренгой,71920159051
Тюменская область,317,68.87135646687696,8740.321285140562,317,Надымский муниципальный район,пгт. Пангоды,71916156051
Тюменская область,317,68.87135646687696,8740.321285140562,317,Надымский муниципальный район,пгт. Пангоды,71916156051
Тюменская область,317,68.87135646687696,8740.321285140562,317,Заводоуковский район,г. Заводоуковск,71703000001
Тюменская область,317,68.87135646687696,8740.321285140562,317,Тюменский район,с. Салаирка,71644470101
Тюменская область,317,68.87135646687696,8740.321285140562,317,Тюмень,г. Тюмень,71701000001
Тюменская область,317,68.87135646687696,8740.321285140562,317,Тобольск,г. Тобольск,71710000001
Тюменская область,317,68.87135646687696,8740.321285140562,317,Тобольский район,д. Чукманка,71642420131
Тюменская область,317,68.87135646687696,8740.321285140562,317,Пуровский муниципальный район,г. Тарко-Сале,71920105001
Тюменская область,317,68.87135646687696,8740.321285140562,317,Надымский муниципальный район,г. Надым,71936000001
Тюменская область,317,68.87135646687696,8740.321285140562,317,Ярковский район,с. Покровское,71658445101
Тюменская область,317,68.87135646687696,8740.321285140562,317,Уватский район,с. Демьянское,71648415101
Тюменская область,317,68.87135646687696,8740.321285140562,317,Надымский муниципальный район,пгт. Пангоды,71916156051
Тюменская область,317,68.87135646687696,8740.321285140562,317,Пуровский муниципальный район,с. Самбург,71920407000
Тюменская область,317,68.87135646687696,8740.321285140562,317,Салехард,г. Салехард,71951000001
Тюменская область,317,68.87135646687696,8740.321285140562,317,Салехард,г. Салехард,71951000001
Тюменская область,317,68.87135646687696,8740.321285140562,317,Салехард,г. Салехард,71951000001
Тюменская область,317,68.87135646687696,8740.321285140562,317,Салехард,г. Салехард,71951000001
Тюменская область,317,68.87135646687696,8740.321285140562,317,Тюменский район,с. Салаирка,71644470101
Тюменская область,317,68.87135646687696,8740.321285140562,317,Тюмень,г. Тюмень,71701000001
Тюменская область,317,68.87135646687696,8740.321285140562,317,Тюмень,г. Тюмень,71701000001
Тюменская область,317,68.87135646687696,8740.321285140562,317,Тобольск,г. Тобольск,71710000001
Тюменская область,317,68.87135646687696,8740.321285140562,317,Нижнетавдинский район,с. Нижняя Тавда,71632450101
Тюменская область,317,68.87135646687696,8740.321285140562,317,Пуровский муниципальный район,г. Тарко-Сале,71920105001
Тюменская область,317,68.87135646687696,8740.321285140562,317,Пуровский муниципальный район,пгт. Уренгой,71920159051
Тюменская область,317,68.87135646687696,8740.321285140562,317,Салехард,г. Салехард,71951000001
Тюменская область,317,68.87135646687696,8740.321285140562,317,Салехард,г. Салехард,71951000001
Тюменская область,317,68.87135646687696,8740.321285140562,317,Надымский муниципальный район,г. Надым,71936000001
Тюменская область,317,68.87135646687696,8740.321285140562,317,Нижнетавдинский район,с. Велижаны,71632420101
Тюменская область,317,68.87135646687696,8740.321285140562,317,Пуровский муниципальный район,г. Тарко-Сале,71920105001
Тюменская область,317,68.87135646687696,8740.321285140562,317,Пуровский муниципальный район,с. Самбург,71920407000
Тюменская область,317,68.87135646687696,8740.321285140562,317,Пуровский муниципальный район,с. Самбург,71920407000
Тюменская область,317,68.87135646687696,8740.321285140562,317,Надымский муниципальный район,пгт. Пангоды,71916156051
Тюменская область,317,68.87135646687696,8740.321285140562,317,Надымский муниципальный район,пгт. Пангоды,71916156051
Тюменская область,317,68.87135646687696,8740.321285140562,317,Салехард,г. Салехард,71951000001
Тюменская область,317,68.87135646687696,8740.321285140562,317,Салехард,г. Салехард,71951000001
Тюменская область,317,68.87135646687696,8740.321285140562,317,Салехард,г. Салехард,71951000001
Тюменская область,317,68.87135646687696,8740.321285140562,317,Салехард,г. Салехард,71951000001
Тюменская область,317,68.87135646687696,8740.321285140562,317,Шурышкарский муниципальный район,с. Мужи,71926412101
Тюменская область,317,68.87135646687696,8740.321285140562,317,Салехард,г. Салехард,71951000001
Тюменская область,317,68.87135646687696,8740.321285140562,317,Салехард,г. Салехард,71951000001
Тюменская область,317,68.87135646687696,8740.321285140562,317,Салехард,г. Салехард,71951000001
Тюменская область,317,68.87135646687696,8740.321285140562,317,Салехард,г. Салехард,71951000001
Тюменская область,317,68.87135646687696,8740.321285140562,317,Заводоуковский район,г. Заводоуковск,71703000001
Тюменская область,317,68.87135646687696,8740.321285140562,317,Тюменский район,с. Салаирка,71644470101
Тюменская область,317,68.87135646687696,8740.321285140562,317,Тюмень,г. Тюмень,71701000001
Тюменская область,317,68.87135646687696,8740.321285140562,317,Тюмень,г. Тюмень,71701000001
Тюменская область,317,68.87135646687696,8740.321285140562,317,Тюменский район,рп. Богандинский,71644410101
Тюменская область,317,68.87135646687696,8740.321285140562,317,Тобольский район,д. Чукманка,71642420131
Тюменская область,317,68.87135646687696,8740.321285140562,317,Пуровский муниципальный район,г. Тарко-Сале,71920105001
Тюменская область,317,68.87135646687696,8740.321285140562,317,Пуровский муниципальный район,пгт. Уренгой,71920159051
Тюменская область,317,68.87135646687696,8740.321285140562,317,Пуровский муниципальный район,с. Самбург,71920407000
Тюменская область,317,68.87135646687696,8740.321285140562,317,Надымский муниципальный район,пгт. Пангоды,71916156051
Тюменская область,317,68.87135646687696,8740.321285140562,317,Салехард,г. Салехард,71951000001
Тюменская область,317,68.87135646687696,8740.321285140562,317,Надымский муниципальный район,г. Надым,71936000001
Тюменская область,317,68.87135646687696,8740.321285140562,317,Пуровский муниципальный район,г. Тарко-Сале,71920105001
Тюменская область,317,68.87135646687696,8740.321285140562,317,Пуровский муниципальный район,пгт. Уренгой,71920159051
Тюменская область,317,68.87135646687696,8740.321285140562,317,Пуровский муниципальный район,с. Самбург,71920407000
Тюменская область,317,68.87135646687696,8740.321285140562,317,Салехард,г. Салехард,71951000001
Тюменская область,317,68.87135646687696,8740.321285140562,317,Салехард,г. Салехард,71951000001
Тюменская область,317,68.87135646687696,8740.321285140562,317,Пуровский муниципальный район,г. Тарко-Сале,71920105001
Тюменская область,317,68.87135646687696,8740.321285140562,317,Пуровский муниципальный район,с. Самбург,71920407000
Тюменская область,317,68.87135646687696,8740.321285140562,317,Пуровский муниципальный район,с. Самбург,71920407000
Тюменская область,317,68.87135646687696,8740.321285140562,317,Салехард,г. Салехард,71951000001
Тюменская область,317,68.87135646687696,8740.321285140562,317,Салехард,г. Салехард,71951000001
Тюменская область,317,68.87135646687696,8740.321285140562,317,Салехард,г. Салехард,71951000001
Тюменская область,317,68.87135646687696,8740.321285140562,317,Надымский муниципальный район,г. Надым,71936000001
Тюменская область,317,68.87135646687696,8740.321285140562,317,Ярковский район,с. Покровское,71658445101
Тюменская область,317,68.87135646687696,8740.321285140562,317,Пуровский муниципальный район,г. Тарко-Сале,71920105001
Тюменская область,317,68.87135646687696,8740.321285140562,317,Пуровский муниципальный район,пгт. Уренгой,71920159051
Тюменская область,317,68.87135646687696,8740.321285140562,317,Пуровский муниципальный район,с. Самбург,71920407000
Тюменская область,317,68.87135646687696,8740.321285140562,317,Салехард,г. Салехард,71951000001
Тюменская область,317,68.87135646687696,8740.321285140562,317,Салехард,г. Салехард,71951000001
Тюменская область,317,68.87135646687696,8740.321285140562,317,Салехард,г. Салехард,71951000001
Тюменская область,317,68.87135646687696,8740.321285140562,317,Салехард,г. Салехард,71951000001
Тюменская область,317,68.87135646687696,8740.321285140562,317,Пуровский муниципальный район,г. Тарко-Сале,71920105001
Тюменская область,317,68.87135646687696,8740.321285140562,317,Пуровский муниципальный район,пгт. Уренгой,71920159051
Тюменская область,317,68.87135646687696,8740.321285140562,317,Салехард,г. Салехард,71951000001
Тюменская область,317,68.87135646687696,8740.321285140562,317,Салехард,г. Салехард,71951000001
Тюменская область,317,68.87135646687696,8740.321285140562,317,Салехард,г. Салехард,71951000001
Тюменская область,317,68.87135646687696,8740.321285140562,317,Уватский район,с. Демьянское,71648415101
Тюменская область,317,68.87135646687696,8740.321285140562,317,Салехард,г. Салехард,71951000001
Тюменская область,317,68.87135646687696,8740.321285140562,317,Салехард,г. Салехард,71951000001
Тюменская область,317,68.87135646687696,8740.321285140562,317,Надымский муниципальный район,пгт. Пангоды,71916156051
Тюменская область,317,68.87135646687696,8740.321285140562,317,Сургутский район,с. Сытомино,71826436101
Тюменская область,317,68.87135646687696,8740.321285140562,317,Берёзовский район,с. Ломбовож,71812420111
Тюменская область,317,68.87135646687696,8740.321285140562,317,Нижневартовский район,п. Ваховск,71819405101
Тюменская область,317,68.87135646687696,8740.321285140562,317,Заводоуковский район,г. Заводоуковск,71703000001
Тюменская область,317,68.87135646687696,8740.321285140562,317,Тазовский муниципальный район,п. Тазовский,71923401101
Тюменская область,317,68.87135646687696,8740.321285140562,317,Пуровский муниципальный район,пгт. Уренгой,71920159051
Тюменская область,317,68.87135646687696,8740.321285140562,317,Пуровский муниципальный район,с. Самбург,71920407000
Тюменская область,317,68.87135646687696,8740.321285140562,317,Абатский район,д. Горки,71603410116
Тюменская область,317,68.87135646687696,8740.321285140562,317,Тюменский район,с. Салаирка,71644470101
Тюменская область,317,68.87135646687696,8740.321285140562,317,Пуровский муниципальный район,г. Тарко-Сале,71920105001
Тюменская область,317,68.87135646687696,8740.321285140562,317,Пуровский муниципальный район,пгт. Уренгой,71920159051
Тюменская область,317,68.87135646687696,8740.321285140562,317,Салехард,г. Салехард,71951000001
Тюменская область,317,68.87135646687696,8740.321285140562,317,Салехард,г. Салехард,71951000001
Тюменская область,317,68.87135646687696,8740.321285140562,317,Абатский район,д. Горки,71603410116
Тюменская область,317,68.87135646687696,8740.321285140562,317,Салехард,г. Салехард,71951000001
Тюменская область,317,68.87135646687696,8740.321285140562,317,Тобольск,г. Тобольск,71710000001
Тюменская область,317,68.87135646687696,8740.321285140562,317,Тобольский район,д. Чукманка,71642420131
Тюменская область,317,68.87135646687696,8740.321285140562,317,Пуровский муниципальный район,пгт. Уренгой,71920159051
Тюменская область,317,68.87135646687696,8740.321285140562,317,Салехард,г. Салехард,71951000001
Тюменская область,317,68.87135646687696,8740.321285140562,317,Салехард,г. Салехард,71951000001
Тюменская область,317,68.87135646687696,8740.321285140562,317,Салехард,г. Салехард,71951000001
Тюменская область,317,68.87135646687696,8740.321285140562,317,Тобольск,г. Тобольск,71710000001
Тюменская область,317,68.87135646687696,8740.321285140562,317,Заводоуковский район,г. Заводоуковск,71703000001
Тюменская область,317,68.87135646687696,8740.321285140562,317,Тобольск,г. Тобольск,71710000001
Тюменская область,317,68.87135646687696,8740.321285140562,317,Пуровский муниципальный район,пгт. Уренгой,71920159051
Тюменская область,317,68.87135646687696,8740.321285140562,317,Тобольский район,д. Чукманка,71642420131
Тюменская область,317,68.87135646687696,8740.321285140562,317,Пуровский муниципальный район,пгт. Уренгой,71920159051
Тюменская область,317,68.87135646687696,8740.321285140562,317,Салехард,г. Салехард,71951000001
Республика Карелия,1,200.0,0.0,1,Калевальский национальный,пгт. Калевала,86609151051
Сахалинская область,135,101.19779851851851,76565.71628571428,135,городской округ Охинский,г. Оха,64736000001
Сахалинская область,135,101.19779851851851,76565.71628571428,135,городской округ Город Южно-Сахалинск,г. Южно-Сахалинск,64701000001
Сахалинская область,135,101.19779851851851,76565.71628571428,135,городской округ Охинский,г. Оха,64736000001
Сахалинская область,135,101.19779851851851,76565.71628571428,135,Углегорский городской округ,с. Краснополье,64752000116
Сахалинская область,135,101.19779851851851,76565.71628571428,135,городской округ Охинский,г. Оха,64736000001
Сахалинская область,135,101.19779851851851,76565.71628571428,135,городской округ Охинский,г. Оха,64736000001
Сахалинская область,135,101.19779851851851,76565.71628571428,135,городской округ Город Южно-Сахалинск,г. Южно-Сахалинск,64701000001
Сахалинская область,135,101.19779851851851,76565.71628571428,135,городской округ Город Южно-Сахалинск,г. Южно-Сахалинск,64701000001
Сахалинская область,135,101.19779851851851,76565.71628571428,135,городской округ Город Южно-Сахалинск,г. Южно-Сахалинск,64701000001
Сахалинская область,135,101.19779851851851,76565.71628571428,135,городской округ Город Южно-Сахалинск,г. Южно-Сахалинск,64701000001
Сахалинская область,135,101.19779851851851,76565.71628571428,135,городской округ Город Южно-Сахалинск,г. Южно-Сахалинск,64701000001
Сахалинская область,135,101.19779851851851,76565.71628571428,135,городской округ Охинский,г. Оха,64736000001
Сахалинская область,135,101.19779851851851,76565.71628571428,135,городской округ Охинский,г. Оха,64736000001
Сахалинская область,135,101.19779851851851,76565.71628571428,135,городской округ Охинский,г. Оха,64736000001
Сахалинская область,135,101.19779851851851,76565.71628571428,135,городской округ Охинский,г. Оха,64736000001
Сахалинская область,135,101.19779851851851,76565.71628571428,135,городской округ Охинский,г. Оха,64736000001
Сахалинская область,135,101.19779851851851,76565.71628571428,135,городской округ Охинский,г. Оха,64736000001
Сахалинская область,135,101.19779851851851,76565.71628571428,135,городской округ Охинский,г. Оха,64736000001
Сахалинская область,135,101.19779851851851,76565.71628571428,135,городской округ Охинский,г. Оха,64736000001
Сахалинская область,135,101.19779851851851,76565.71628571428,135,городской округ Охинский,г. Оха,64736000001
Сахалинская область,135,101.19779851851851,76565.71628571428,135,городской округ Охинский,г. Оха,64736000001
Сахалинская область,135,101.19779851851851,76565.71628571428,135,городской округ Охинский,г. Оха,64736000001
Сахалинская область,135,101.19779851851851,76565.71628571428,135,городской округ Охинский,г. Оха,64736000001
Сахалинская область,135,101.19779851851851,76565.71628571428,135,городской округ Охинский,г. Оха,64736000001
Сахалинская область,135,101.19779851851851,76565.71628571428,135,городской округ Охинский,г. Оха,64736000001
Сахалинская область,135,101.19779851851851,76565.71628571428,135,городской округ Охинский,г. Оха,64736000001
Сахалинская область,135,101.19779851851851,76565.71628571428,135,городской округ Охинский,г. Оха,64736000001
Сахалинская область,135,101.19779851851851,76565.71628571428,135,городской округ Охинский,г. Оха,64736000001
Сахалинская область,135,101.19779851851851,76565.71628571428,135,городской округ Охинский,г. Оха,64736000001
Сахалинская область,135,101.19779851851851,76565.71628571428,135,городской округ Охинский,г. Оха,64736000001
Сахалинская область,135,101.19779851851851,76565.71628571428,135,городской округ Охинский,г. Оха,64736000001
Сахалинская область,135,101.19779851851851,76565.71628571428,135,городской округ Охинский,г. Оха,64736000001
Сахалинская область,135,101.19779851851851,76565.71628571428,135,городской округ Охинский,г. Оха,64736000001
Сахалинская область,135,101.19779851851851,76565.71628571428,135,городской округ Охинский,г. Оха,64736000001
Сахалинская область,135,101.19779851851851,76565.71628571428,135,городской округ Охинский,г. Оха,64736000001
Сахалинская область,135,101.19779851851851,76565.71628571428,135,городской округ Охинский,г. Оха,64736000001
Сахалинская область,135,101.19779851851851,76565.71628571428,135,городской округ Охинский,г. Оха,64736000001
Сахалинская область,135,101.19779851851851,76565.71628571428,135,городской округ Охинский,г. Оха,64736000001
Сахалинская область,135,101.19779851851851,76565.71628571428,135,городской округ Охинский,г. Оха,64736000001
Сахалинская область,135,101.19779851851851,76565.71628571428,135,городской округ Охинский,г. Оха,64736000001
Сахалинская область,135,101.19779851851851,76565.71628571428,135,городской округ Охинский,г. Оха,64736000001
Сахалинская область,135,101.19779851851851,76565.71628571428,135,городской округ Охинский,г. Оха,64736000001
Сахалинская область,135,101.19779851851851,76565.71628571428,135,городской округ Охинский,г. Оха,64736000001
Сахалинская область,135,101.19779851851851,76565.71628571428,135,городской округ Охинский,г. Оха,64736000001
Сахалинская область,135,101.19779851851851,76565.71628571428,135,городской округ Охинский,г. Оха,64736000001
Сахалинская область,135,101.19779851851851,76565.71628571428,135,городской округ Охинский,г. Оха,64736000001
Сахалинская область,135,101.19779851851851,76565.71628571428,135,городской округ Охинский,г. Оха,64736000001
Сахалинская область,135,101.19779851851851,76565.71628571428,135,городской округ Охинский,г. Оха,64736000001
Сахалинская область,135,101.19779851851851,76565.71628571428,135,городской округ Охинский,г. Оха,64736000001
Сахалинская область,135,101.19779851851851,76565.71628571428,135,городской округ Охинский,г. Оха,64736000001
Сахалинская область,135,101.19779851851851,76565.71628571428,135,городской округ Охинский,г. Оха,64736000001
Сахалинская область,135,101.19779851851851,76565.71628571428,135,городской округ Охинский,г. Оха,64736000001
Сахалинская область,135,101.19779851851851,76565.71628571428,135,городской округ Охинский,г. Оха,64736000001
Сахалинская область,135,101.19779851851851,76565.71628571428,135,городской округ Охинский,г. Оха,64736000001
Сахалинская область,135,101.19779851851851,76565.71628571428,135,Поронайский городской округ,г. Поронайск,64740000001
Сахалинская область,135,101.19779851851851,76565.71628571428,135,Поронайский городской округ,г. Поронайск,64740000001
Сахалинская область,135,101.19779851851851,76565.71628571428,135,городской округ Охинский,г. Оха,64736000001
Сахалинская область,135,101.19779851851851,76565.71628571428,135,городской округ Охинский,г. Оха,64736000001
Сахалинская область,135,101.19779851851851,76565.71628571428,135,городской округ Город Южно-Сахалинск,г. Южно-Сахалинск,64701000001
Сахалинская область,135,101.19779851851851,76565.71628571428,135,городской округ Охинский,г. Оха,64736000001
Сахалинская область,135,101.19779851851851,76565.71628571428,135,городской округ Охинский,г. Оха,64736000001
Сахалинская область,135,101.19779851851851,76565.71628571428,135,городской округ Охинский,г. Оха,64736000001
Сахалинская область,135,101.19779851851851,76565.71628571428,135,городской округ Охинский,г. Оха,64736000001
Сахалинская область,135,101.19779851851851,76565.71628571428,135,городской округ Охинский,г. Оха,64736000001
Сахалинская область,135,101.19779851851851,76565.71628571428,135,городской округ Охинский,г. Оха,64736000001
Сахалинская область,135,101.19779851851851,76565.71628571428,135,Поронайский городской округ,г. Поронайск,64740000001
Сахалинская область,135,101.19779851851851,76565.71628571428,135,городской округ Охинский,г. Оха,64736000001
Сахалинская область,135,101.19779851851851,76565.71628571428,135,городской округ Город Южно-Сахалинск,г. Южно-Сахалинск,64701000001
Сахалинская область,135,101.19779851851851,76565.71628571428,135,городской округ Охинский,г. Оха,64736000001
Сахалинская область,135,101.19779851851851,76565.71628571428,135,городской округ Охинский,г. Оха,64736000001
Сахалинская область,135,101.19779851851851,76565.71628571428,135,городской округ Охинский,г. Оха,64736000001
Сахалинская область,135,101.19779851851851,76565.71628571428,135,городской округ Охинский,г. Оха,64736000001
Сахалинская область,135,101.19779851851851,76565.71628571428,135,городской округ Охинский,г. Оха,64736000001
Сахалинская область,135,101.19779851851851,76565.71628571428,135,городской округ Охинский,г. Оха,64736000001
Сахалинская область,135,101.19779851851851,76565.71628571428,135,городской округ Охинский,г. Оха,64736000001
Сахалинская область,135,101.19779851851851,76565.71628571428,135,городской округ Охинский,г. Оха,64736000001
Сахалинская область,135,101.19779851851851,76565.71628571428,135,городской округ Охинский,г. Оха,64736000001
Сахалинская область,135,101.19779851851851,76565.71628571428,135,городской округ Охинский,г. Оха,64736000001
Сахалинская область,135,101.19779851851851,76565.71628571428,135,городской округ Охинский,г. Оха,64736000001
Сахалинская область,135,101.19779851851851,76565.71628571428,135,городской округ Охинский,г. Оха,64736000001
Сахалинская область,135,101.19779851851851,76565.71628571428,135,городской округ Охинский,г. Оха,64736000001
Сахалинская область,135,101.19779851851851,76565.71628571428,135,городской округ Охинский,г. Оха,64736000001
Сахалинская область,135,101.19779851851851,76565.71628571428,135,городской округ Охинский,г. Оха,64736000001
Сахалинская область,135,101.19779851851851,76565.71628571428,135,городской округ Охинский,г. Оха,64736000001
Сахалинская область,135,101.19779851851851,76565.71628571428,135,городской округ Охинский,г. Оха,64736000001
Сахалинская область,135,101.19779851851851,76565.71628571428,135,городской округ Охинский,г. Оха,64736000001
Сахалинская область,135,101.19779851851851,76565.71628571428,135,городской округ Охинский,г. Оха,64736000001
Сахалинская область,135,101.19779851851851,76565.71628571428,135,городской округ Охинский,г. Оха,64736000001
Сахалинская область,135,101.19779851851851,76565.71628571428,135,городской округ Охинский,г. Оха,64736000001
Сахалинская область,135,101.19779851851851,76565.71628571428,135,Поронайский городской округ,г. Поронайск,64740000001
Сахалинская область,135,101.19779851851851,76565.71628571428,135,Поронайский городской округ,г. Поронайск,64740000001
Сахалинская область,135,101.19779851851851,76565.71628571428,135,городской округ Охинский,г. Оха,64736000001
Сахалинская область,135,101.19779851851851,76565.71628571428,135,городской округ Охинский,г. Оха,64736000001
Сахалинская область,135,101.19779851851851,76565.71628571428,135,городской округ Охинский,г. Оха,64736000001
Сахалинская область,135,101.19779851851851,76565.71628571428,135,Поронайский городской округ,г. Поронайск,64740000001
Сахалинская область,135,101.19779851851851,76565.71628571428,135,Поронайский городской округ,г. Поронайск,64740000001
Сахалинская область,135,101.19779851851851,76565.71628571428,135,городской округ Охинский,г. Оха,64736000001
Сахалинская область,135,101.19779851851851,76565.71628571428,135,городской округ Охинский,г. Оха,64736000001
Сахалинская область,135,101.19779851851851,76565.71628571428,135,городской округ Охинский,г. Оха,64736000001
Сахалинская область,135,101.19779851851851,76565.71628571428,135,городской округ Охинский,г. Оха,64736000001
Сахалинская область,135,101.19779851851851,76565.71628571428,135,городской округ Охинский,г. Оха,64736000001
Сахалинская область,135,101.19779851851851,76565.71628571428,135,городской округ Охинский,г. Оха,64736000001
Сахалинская область,135,101.19779851851851,76565.71628571428,135,городской округ Охинский,с. Тунгор,64736000116
Сахалинская область,135,101.19779851851851,76565.71628571428,135,городской округ Охинский,г. Оха,64736000001
Сахалинская область,135,101.19779851851851,76565.71628571428,135,городской округ Охинский,г. Оха,64736000001
Сахалинская область,135,101.19779851851851,76565.71628571428,135,городской округ Охинский,г. Оха,64736000001
Сахалинская область,135,101.19779851851851,76565.71628571428,135,городской округ Охинский,г. Оха,64736000001
Сахалинская область,135,101.19779851851851,76565.71628571428,135,городской округ Охинский,г. Оха,64736000001
Сахалинская область,135,101.19779851851851,76565.71628571428,135,городской округ Охинский,г. Оха,64736000001
Сахалинская область,135,101.19779851851851,76565.71628571428,135,городской округ Охинский,г. Оха,64736000001
Сахалинская область,135,101.19779851851851,76565.71628571428,135,городской округ Охинский,г. Оха,64736000001
Сахалинская область,135,101.19779851851851,76565.71628571428,135,городской округ Охинский,г. Оха,64736000001
Сахалинская область,135,101.19779851851851,76565.71628571428,135,городской округ Охинский,г. Оха,64736000001
Сахалинская область,135,101.19779851851851,76565.71628571428,135,городской округ Охинский,г. Оха,64736000001
Сахалинская область,135,101.19779851851851,76565.71628571428,135,городской округ Охинский,г. Оха,64736000001
Сахалинская область,135,101.19779851851851,76565.71628571428,135,городской округ Охинский,г. Оха,64736000001
Сахалинская область,135,101.19779851851851,76565.71628571428,135,городской округ Охинский,г. Оха,64736000001
Сахалинская область,135,101.19779851851851,76565.71628571428,135,городской округ Город Южно-Сахалинск,г. Южно-Сахалинск,64701000001
Сахалинская область,135,101.19779851851851,76565.71628571428,135,Анивский городской округ,г. Анива,64708000001
Сахалинская область,135,101.19779851851851,76565.71628571428,135,Анивский городской округ,г. Анива,64708000001
Сахалинская область,135,101.19779851851851,76565.71628571428,135,Невельский городской округ,с. Горнозаводск,64728000
Сахалинская область,135,101.19779851851851,76565.71628571428,135,городской округ Охинский,г. Оха,64736000001
Сахалинская область,135,101.19779851851851,76565.71628571428,135,городской округ Охинский,г. Оха,64736000001
Сахалинская область,135,101.19779851851851,76565.71628571428,135,городской округ Охинский,г. Оха,64736000001
Сахалинская область,135,101.19779851851851,76565.71628571428,135,городской округ Город Южно-Сахалинск,г. Южно-Сахалинск,64701000001
Сахалинская область,135,101.19779851851851,76565.71628571428,135,городской округ Охинский,г. Оха,64736000001
Сахалинская область,135,101.19779851851851,76565.71628571428,135,городской округ Охинский,г. Оха,64736000001
Сахалинская область,135,101.19779851851851,76565.71628571428,135,городской округ Охинский,г. Оха,64736000001
Сахалинская область,135,101.19779851851851,76565.71628571428,135,городской округ Охинский,г. Оха,64736000001
Сахалинская область,135,101.19779851851851,76565.71628571428,135,городской округ Город Южно-Сахалинск,г. Южно-Сахалинск,64701000001
Сахалинская область,135,101.19779851851851,76565.71628571428,135,городской округ Охинский,г. Оха,64736000001
Сахалинская область,135,101.19779851851851,76565.71628571428,135,городской округ Город Южно-Сахалинск,г. Южно-Сахалинск,64701000001
Сахалинская область,135,101.19779851851851,76565.71628571428,135,Поронайский городской округ,г. Поронайск,64740000001
Сахалинская область,135,101.19779851851851,76565.71628571428,135,Поронайский городской округ,г. Поронайск,64740000001
Сахалинская область,135,101.19779851851851,76565.71628571428,135,городской округ Город Южно-Сахалинск,г. Южно-Сахалинск,64701000001
Ярославская область,1,100.0,0.0,1,Тутаевский район,д. Константиново,78643450181
г. Санкт-Петербург,33,40.19454545454545,5757.954545454545,33,Санкт-Петербург,г. Санкт-Петербург,40000000
г. Санкт-Петербург,33,40.19454545454545,5757.954545454545,33,Санкт-Петербург,г. Санкт-Петербург,40000000
г. Санкт-Петербург,33,40.19454545454545,5757.954545454545,33,Санкт-Петербург,г. Санкт-Петербург,40000000
г. Санкт-Петербург,33,40.19454545454545,5757.954545454545,33,Санкт-Петербург,г. Санкт-Петербург,40000000
г. Санкт-Петербург,33,40.19454545454545,5757.954545454545,33,Санкт-Петербург,г. Санкт-Петербург,40000000
г. Санкт-Петербург,33,40.19454545454545,5757.954545454545,33,Санкт-Петербург,г. Санкт-Петербург,40000000
г. Санкт-Петербург,33,40.19454545454545,5757.954545454545,33,Санкт-Петербург,г. Санкт-Петербург,40000000
г. Санкт-Петербург,33,40.19454545454545,5757.954545454545,33,Санкт-Петербург,г. Санкт-Петербург,40000000
г. Санкт-Петербург,33,40.19454545454545,5757.954545454545,33,Санкт-Петербург,г. Санкт-Петербург,40000000
г. Санкт-Петербург,33,40.19454545454545,5757.954545454545,33,Санкт-Петербург,г. Санкт-Петербург,40000000
г. Санкт-Петербург,33,40.19454545454545,5757.954545454545,33,Санкт-Петербург,г. Санкт-Петербург,40000000
г. Санкт-Петербург,33,40.19454545454545,5757.954545454545,33,Санкт-Петербург,г. Санкт-Петербург,40000000
г. Санкт-Петербург,33,40.19454545454545,5757.954545454545,33,Санкт-Петербург,г. Санкт-Петербург,40000000
г. Санкт-Петербург,33,40.19454545454545,5757.954545454545,33,Санкт-Петербург,г. Санкт-Петербург,40000000
г. Санкт-Петербург,33,40.19454545454545,5757.954545454545,33,Санкт-Петербург,г. Санкт-Петербург,40000000
г. Санкт-Петербург,33,40.19454545454545,5757.954545454545,33,Санкт-Петербург,г. Санкт-Петербург,40000000
г. Санкт-Петербург,33,40.19454545454545,5757.954545454545,33,Санкт-Петербург,г. Санкт-Петербург,40000000
г. Санкт-Петербург,33,40.19454545454545,5757.954545454545,33,Санкт-Петербург,г. Санкт-Петербург,40000000
г. Санкт-Петербург,33,40.19454545454545,5757.954545454545,33,Санкт-Петербург,г. Санкт-Петербург,40000000
г. Санкт-Петербург,33,40.19454545454545,5757.954545454545,33,Санкт-Петербург,г. Санкт-Петербург,40000000
г. Санкт-Петербург,33,40.19454545454545,5757.954545454545,33,Санкт-Петербург,г. Санкт-Петербург,40000000
г. Санкт-Петербург,33,40.19454545454545,5757.954545454545,33,Санкт-Петербург,г. Санкт-Петербург,40000000
г. Санкт-Петербург,33,40.19454545454545,5757.954545454545,33,Санкт-Петербург,г. Санкт-Петербург,40000000
г. Санкт-Петербург,33,40.19454545454545,5757.954545454545,33,Санкт-Петербург,г. Санкт-Петербург,40000000
г. Санкт-Петербург,33,40.19454545454545,5757.954545454545,33,Санкт-Петербург,г. Санкт-Петербург,40000000
г. Санкт-Петербург,33,40.19454545454545,5757.954545454545,33,Санкт-Петербург,г. Санкт-Петербург,40000000
г. Санкт-Петербург,33,40.19454545454545,5757.954545454545,33,Санкт-Петербург,г. Санкт-Петербург,40000000
г. Санкт-Петербург,33,40.19454545454545,5757.954545454545,33,Санкт-Петербург,г. Санкт-Петербург,40000000
г. Санкт-Петербург,33,40.19454545454545,5757.954545454545,33,Санкт-Петербург,г. Санкт-Петербург,40000000
г. Санкт-Петербург,33,40.19454545454545,5757.954545454545,33,Санкт-Петербург,г. Санкт-Петербург,40000000
г. Санкт-Петербург,33,40.19454545454545,5757.954545454545,33,Санкт-Петербург,г. Санкт-Петербург,40000000
г. Санкт-Петербург,33,40.19454545454545,5757.954545454545,33,Санкт-Петербург,г. Санкт-Петербург,40000000
г. Санкт-Петербург,33,40.19454545454545,5757.954545454545,33,Санкт-Петербург,г. Санкт-Петербург,40000000
Тульская область,31,44.24193548387097,3875.0,31,Город Алексин,г. Алексин,70706000001
Тульская область,31,44.24193548387097,3875.0,31,Город Алексин,г. Алексин,70706000001
Тульская область,31,44.24193548387097,3875.0,31,Город Алексин,г. Алексин,70706000001
Тульская область,31,44.24193548387097,3875.0,31,Город Алексин,г. Алексин,70706000001
Тульская область,31,44.24193548387097,3875.0,31,Город Алексин,г. Алексин,70706000001
Тульская область,31,44.24193548387097,3875.0,31,Город Алексин,г. Алексин,70706000001
Тульская область,31,44.24193548387097,3875.0,31,Город Алексин,г. Алексин,70706000001
Тульская область,31,44.24193548387097,3875.0,31,Город Алексин,г. Алексин,70706000001
Тульская область,31,44.24193548387097,3875.0,31,Город Алексин,г. Алексин,70706000001
Тульская область,31,44.24193548387097,3875.0,31,Город Алексин,г. Алексин,70706000001
Тульская область,31,44.24193548387097,3875.0,31,Город Алексин,г. Алексин,70706000001
Тульская область,31,44.24193548387097,3875.0,31,Город Алексин,г. Алексин,70706000001
Тульская область,31,44.24193548387097,3875.0,31,Город Алексин,г. Алексин,70706000001
Тульская область,31,44.24193548387097,3875.0,31,Город Алексин,г. Алексин,70706000001
Тульская область,31,44.24193548387097,3875.0,31,Город Алексин,г. Алексин,70706000001
Тульская область,31,44.24193548387097,3875.0,31,Город Алексин,г. Алексин,70706000001
Тульская область,31,44.24193548387097,3875.0,31,Город Алексин,г. Алексин,70706000001
Тульская область,31,44.24193548387097,3875.0,31,Город Алексин,г. Алексин,70706000001
Тульская область,31,44.24193548387097,3875.0,31,Город Алексин,г. Алексин,70706000001
Тульская область,31,44.24193548387097,3875.0,31,Город Алексин,г. Алексин,70706000001
Тульская область,31,44.24193548387097,3875.0,31,Город Алексин,г. Алексин,70706000001
Тульская область,31,44.24193548387097,3875.0,31,Город Алексин,г. Алексин,70706000001
Тульская область,31,44.24193548387097,3875.0,31,Город Алексин,г. Алексин,70706000001
Тульская область,31,44.24193548387097,3875.0,31,Город Алексин,г. Алексин,70706000001
Тульская область,31,44.24193548387097,3875.0,31,Город Алексин,г. Алексин,70706000001
Тульская область,31,44.24193548387097,3875.0,31,Город Алексин,г. Алексин,70706000001
Тульская область,31,44.24193548387097,3875.0,31,Город Алексин,г. Алексин,70706000001
Тульская область,31,44.24193548387097,3875.0,31,Город Новомосковск,г. Новомосковск,70724000001
Тульская область,31,44.24193548387097,3875.0,31,Город Тула,г. Тула,70701000001
Тульская область,31,44.24193548387097,3875.0,31,Город Тула,г. Тула,70701000001
Тульская область,31,44.24193548387097,3875.0,31,Город Тула,г. Тула,70701000001
Курская область,5,57.06,41050.0,5,Обоянский,г. Обоянь,38626101001
Курская область,5,57.06,41050.0,5,Обоянский,г. Обоянь,38626101001
Курская область,5,57.06,41050.0,5,Обоянский,г. Обоянь,38626101001
Курская область,5,57.06,41050.0,5,Обоянский,г. Обоянь,38626101001
Курская область,5,57.06,41050.0,5,Город Курск,г. Курск,38701000001
Амурская область,71,76.16605633802817,6567.930107526882,71,Рабочий посёлок Прогресс,пгт. Новорайчихинск,10775000056
Амурская область,71,76.16605633802817,6567.930107526882,71,Бурейский,пгт. Бурея,10615157051
Амурская область,71,76.16605633802817,6567.930107526882,71,Рабочий посёлок Прогресс,пгт. Новорайчихинск,10775000056
Амурская область,71,76.16605633802817,6567.930107526882,71,Зея,г. Зея,10712000001
Амурская область,71,76.16605633802817,6567.930107526882,71,Белогорск,г. Белогорск,10710000001
Амурская область,71,76.16605633802817,6567.930107526882,71,Белогорск,г. Белогорск,10710000001
Амурская область,71,76.16605633802817,6567.930107526882,71,Рабочий посёлок Прогресс,пгт. Новорайчихинск,10775000056
Амурская область,71,76.16605633802817,6567.930107526882,71,Рабочий посёлок Прогресс,пгт. Новорайчихинск,10775000056
Амурская область,71,76.16605633802817,6567.930107526882,71,Рабочий посёлок Прогресс,пгт. Новорайчихинск,10775000056
Амурская область,71,76.16605633802817,6567.930107526882,71,Бурейский,пгт. Новобурейский,10615151051
Амурская область,71,76.16605633802817,6567.930107526882,71,Бурейский,пгт. Новобурейский,10615151051
Амурская область,71,76.16605633802817,6567.930107526882,71,Бурейский,пгт. Новобурейский,10615151051
Амурская область,71,76.16605633802817,6567.930107526882,71,Бурейский,пгт. Новобурейский,10615151051
Амурская область,71,76.16605633802817,6567.930107526882,71,Бурейский,пгт. Бурея,10615157051
Амурская область,71,76.16605633802817,6567.930107526882,71,Бурейский,пгт. Бурея,10615157051
Амурская область,71,76.16605633802817,6567.930107526882,71,Рабочий посёлок Прогресс,пгт. Новорайчихинск,10775000056
Амурская область,71,76.16605633802817,6567.930107526882,71,Рабочий посёлок Прогресс,пгт. Новорайчихинск,10775000056
Амурская область,71,76.16605633802817,6567.930107526882,71,Рабочий посёлок Прогресс,пгт. Новорайчихинск,10775000056
Амурская область,71,76.16605633802817,6567.930107526882,71,Рабочий посёлок Прогресс,пгт. Новорайчихинск,10775000056
Амурская область,71,76.16605633802817,6567.930107526882,71,Бурейский,пгт. Новобурейский,10615151051
Амурская область,71,76.16605633802817,6567.930107526882,71,Бурейский,пгт. Новобурейский,10615151051
Амурская область,71,76.16605633802817,6567.930107526882,71,Архаринский,с. Аркадьевка,10605404101
Амурская область,71,76.16605633802817,6567.930107526882,71,Бурейский,пгт. Бурея,10615157051
Амурская область,71,76.16605633802817,6567.930107526882,71,Бурейский,пгт. Бурея,10615157051
Амурская область,71,76.16605633802817,6567.930107526882,71,Белогорск,г. Белогорск,10710000001
Амурская область,71,76.16605633802817,6567.930107526882,71,Белогорск,г. Белогорск,10710000001
Амурская область,71,76.16605633802817,6567.930107526882,71,Рабочий посёлок Прогресс,пгт. Новорайчихинск,10775000056
Амурская область,71,76.16605633802817,6567.930107526882,71,Рабочий посёлок Прогресс,пгт. Новорайчихинск,10775000056
Амурская область,71,76.16605633802817,6567.930107526882,71,Рабочий посёлок Прогресс,пгт. Новорайчихинск,10775000056
Амурская область,71,76.16605633802817,6567.930107526882,71,Рабочий посёлок Прогресс,пгт. Новорайчихинск,10775000056
Амурская область,71,76.16605633802817,6567.930107526882,71,Рабочий посёлок Прогресс,пгт. Новорайчихинск,10775000056
Амурская область,71,76.16605633802817,6567.930107526882,71,Рабочий посёлок Прогресс,пгт. Новорайчихинск,10775000056
Амурская область,71,76.16605633802817,6567.930107526882,71,Рабочий посёлок Прогресс,пгт. Новорайчихинск,10775000056
Амурская область,71,76.16605633802817,6567.930107526882,71,Бурейский,пгт. Новобурейский,10615151051
Амурская область,71,76.16605633802817,6567.930107526882,71,Бурейский,пгт. Новобурейский,10615151051
Амурская область,71,76.16605633802817,6567.930107526882,71,Бурейский,пгт. Новобурейский,10615151051
Амурская область,71,76.16605633802817,6567.930107526882,71,Архаринский,с. Аркадьевка,10605404101
Амурская область,71,76.16605633802817,6567.930107526882,71,Верхнебуреинский,рп. Чегдомын,08614151051
Амурская область,71,76.16605633802817,6567.930107526882,71,Верхнебуреинский,рп. Чегдомын,08614151051
Амурская область,71,76.16605633802817,6567.930107526882,71,Бурейский,с. Малиновка,10615432101
Амурская область,71,76.16605633802817,6567.930107526882,71,Бурейский,с. Малиновка,10615432101
Амурская область,71,76.16605633802817,6567.930107526882,71,Бурейский,с. Малиновка,10615432101
Амурская область,71,76.16605633802817,6567.930107526882,71,Бурейский,с. Малиновка,10615432101
Амурская область,71,76.16605633802817,6567.930107526882,71,Тындинский,с. Усть-Нюкжа,10654425101
Амурская область,71,76.16605633802817,6567.930107526882,71,Шимановск,г. Шимановск,10740000001
Амурская область,71,76.16605633802817,6567.930107526882,71,Белогорск,г. Белогорск,10710000001
Амурская область,71,76.16605633802817,6567.930107526882,71,Белогорск,г. Белогорск,10710000001
Амурская область,71,76.16605633802817,6567.930107526882,71,Белогорск,г. Белогорск,10710000001
Амурская область,71,76.16605633802817,6567.930107526882,71,Рабочий посёлок Прогресс,пгт. Новорайчихинск,10775000056
Амурская область,71,76.16605633802817,6567.930107526882,71,Рабочий посёлок Прогресс,пгт. Новорайчихинск,10775000056
Амурская область,71,76.16605633802817,6567.930107526882,71,Зея,г. Зея,10712000001
Амурская область,71,76.16605633802817,6567.930107526882,71,Зея,г. Зея,10712000001
Амурская область,71,76.16605633802817,6567.930107526882,71,Сковородинский,пгт. Уруша,10649185051
Амурская область,71,76.16605633802817,6567.930107526882,71,Шимановск,г. Шимановск,10740000001
Амурская область,71,76.16605633802817,6567.930107526882,71,Белогорск,г. Белогорск,10710000001
Амурская область,71,76.16605633802817,6567.930107526882,71,Белогорск,г. Белогорск,10710000001
Амурская область,71,76.16605633802817,6567.930107526882,71,Рабочий посёлок Прогресс,пгт. Новорайчихинск,10775000056
Амурская область,71,76.16605633802817,6567.930107526882,71,Рабочий посёлок Прогресс,пгт. Новорайчихинск,10775000056
Амурская область,71,76.16605633802817,6567.930107526882,71,Рабочий посёлок Прогресс,пгт. Новорайчихинск,10775000056
Амурская область,71,76.16605633802817,6567.930107526882,71,Рабочий посёлок Прогресс,пгт. Новорайчихинск,10775000056
Амурская область,71,76.16605633802817,6567.930107526882,71,Рабочий посёлок Прогресс,пгт. Новорайчихинск,10775000056
Амурская область,71,76.16605633802817,6567.930107526882,71,Рабочий посёлок Прогресс,пгт. Новорайчихинск,10775000056
Амурская область,71,76.16605633802817,6567.930107526882,71,Рабочий посёлок Прогресс,пгт. Новорайчихинск,10775000056
Амурская область,71,76.16605633802817,6567.930107526882,71,Рабочий посёлок Прогресс,пгт. Новорайчихинск,10775000056
Амурская область,71,76.16605633802817,6567.930107526882,71,Благовещенский,с. Сергеевка,10611436101
Амурская область,71,76.16605633802817,6567.930107526882,71,Благовещенский,с. Сергеевка,10611436101
Амурская область,71,76.16605633802817,6567.930107526882,71,Благовещенский,с. Сергеевка,10611436101
Амурская область,71,76.16605633802817,6567.930107526882,71,Благовещенский,с. Сергеевка,10611436101
Амурская область,71,76.16605633802817,6567.930107526882,71,Михайловский,с. Поярково,10635442101
Амурская область,71,76.16605633802817,6567.930107526882,71,Благовещенск,г. Благовещенск,10701000001
Амурская область,71,76.16605633802817,6567.930107526882,71,Райчихинск,г. Райчихинск,10720000001
Мурманская область,657,43.537579908675795,37036.740916271716,657,Городской округ город Мурманск,г. Мурманск,47701000001
Мурманская область,657,43.537579908675795,37036.740916271716,657,Городской округ город Мурманск,г. Мурманск,47701000001
Мурманская область,657,43.537579908675795,37036.740916271716,657,Городской округ город Мончегорск с подведомственной территорией,г. Мончегорск,47715000111
Мурманская область,657,43.537579908675795,37036.740916271716,657,Городской округ город Мончегорск с подведомственной территорией,г. Мончегорск,47715000111
Мурманская область,657,43.537579908675795,37036.740916271716,657,Городской округ город Мончегорск с подведомственной территорией,г. Мончегорск,47715000111
Мурманская область,657,43.537579908675795,37036.740916271716,657,Городской округ город Мончегорск с подведомственной территорией,г. Мончегорск,47715000111
Мурманская область,657,43.537579908675795,37036.740916271716,657,Городской округ город Мурманск,г. Мурманск,47701000001
Мурманская область,657,43.537579908675795,37036.740916271716,657,Городской округ город Кировск с подведомственной территорией,г. Кировск,47712000001
Мурманская область,657,43.537579908675795,37036.740916271716,657,Городской округ город Кировск с подведомственной территорией,г. Кировск,47712000001
Мурманская область,657,43.537579908675795,37036.740916271716,657,Кандалакшский муниципальный район,г. Кандалакша,47608101001
Мурманская область,657,43.537579908675795,37036.740916271716,657,Кандалакшский муниципальный район,г. Кандалакша,47608101001
Мурманская область,657,43.537579908675795,37036.740916271716,657,Городской округ город Мурманск,г. Мурманск,47701000001
Мурманская область,657,43.537579908675795,37036.740916271716,657,Городской округ город Мончегорск с подведомственной территорией,г. Мончегорск,47715000111
Мурманская область,657,43.537579908675795,37036.740916271716,657,Печенгский муниципальный район,пгт. Никель,47515000051
Мурманская область,657,43.537579908675795,37036.740916271716,657,Городской округ город Апатиты с подведомственной территорией,г. Апатиты,47705000001
Мурманская область,657,43.537579908675795,37036.740916271716,657,Кандалакшский муниципальный район,г. Кандалакша,47608101001
Мурманская область,657,43.537579908675795,37036.740916271716,657,Кандалакшский муниципальный район,г. Кандалакша,47608101001
Мурманская область,657,43.537579908675795,37036.740916271716,657,Кандалакшский муниципальный район,г. Кандалакша,47608101001
Мурманская область,657,43.537579908675795,37036.740916271716,657,Городской округ город Мурманск,г. Мурманск,47701000001
Мурманская область,657,43.537579908675795,37036.740916271716,657,Городской округ город Мончегорск с подведомственной территорией,г. Мончегорск,47715000111
Мурманская область,657,43.537579908675795,37036.740916271716,657,Городской округ город Апатиты с подведомственной территорией,г. Апатиты,47705000001
Мурманская область,657,43.537579908675795,37036.740916271716,657,Печенгский муниципальный район,г. Заполярный,47615103001
Мурманская область,657,43.537579908675795,37036.740916271716,657,Кандалакшский муниципальный район,г. Кандалакша,47608101001
Мурманская область,657,43.537579908675795,37036.740916271716,657,Городской округ город Мончегорск с подведомственной территорией,г. Мончегорск,47715000111
Мурманская область,657,43.537579908675795,37036.740916271716,657,Городской округ город Мончегорск с подведомственной территорией,г. Мончегорск,47715000111
Мурманская область,657,43.537579908675795,37036.740916271716,657,Городской округ город Мончегорск с подведомственной территорией,г. Мончегорск,47715000111
Мурманская область,657,43.537579908675795,37036.740916271716,657,Городской округ город Мончегорск с подведомственной территорией,г. Мончегорск,47715000111
Мурманская область,657,43.537579908675795,37036.740916271716,657,Городской округ город Мончегорск с подведомственной территорией,г. Мончегорск,47715000111
Мурманская область,657,43.537579908675795,37036.740916271716,657,Печенгский муниципальный район,пгт. Никель,47515000051
Мурманская область,657,43.537579908675795,37036.740916271716,657,Кандалакшский муниципальный район,г. Кандалакша,47608101001
Мурманская область,657,43.537579908675795,37036.740916271716,657,Кандалакшский муниципальный район,г. Кандалакша,47608101001
Мурманская область,657,43.537579908675795,37036.740916271716,657,Кандалакшский муниципальный район,г. Кандалакша,47608101001
Мурманская область,657,43.537579908675795,37036.740916271716,657,Кандалакшский муниципальный район,г. Кандалакша,47608101001
Мурманская область,657,43.537579908675795,37036.740916271716,657,Городской округ город Мончегорск с подведомственной территорией,г. Мончегорск,47715000111
Мурманская область,657,43.537579908675795,37036.740916271716,657,Городской округ город Мончегорск с подведомственной территорией,г. Мончегорск,47715000111
Мурманская область,657,43.537579908675795,37036.740916271716,657,Городской округ город Мончегорск с подведомственной территорией,г. Мончегорск,47715000111
Мурманская область,657,43.537579908675795,37036.740916271716,657,Городской округ город Мончегорск с подведомственной территорией,г. Мончегорск,47715000111
Мурманская область,657,43.537579908675795,37036.740916271716,657,Городской округ город Мончегорск с подведомственной территорией,г. Мончегорск,47715000111
Мурманская область,657,43.537579908675795,37036.740916271716,657,Печенгский муниципальный район,пгт. Никель,47515000051
Мурманская область,657,43.537579908675795,37036.740916271716,657,Кандалакшский муниципальный район,г. Кандалакша,47608101001
Мурманская область,657,43.537579908675795,37036.740916271716,657,Кандалакшский муниципальный район,г. Кандалакша,47608101001
Мурманская область,657,43.537579908675795,37036.740916271716,657,Кандалакшский муниципальный район,г. Кандалакша,47608101001
Мурманская область,657,43.537579908675795,37036.740916271716,657,Городской округ город Мончегорск с подведомственной территорией,г. Мончегорск,47715000111
Мурманская область,657,43.537579908675795,37036.740916271716,657,Городской округ город Мончегорск с подведомственной территорией,г. Мончегорск,47715000111
Мурманская область,657,43.537579908675795,37036.740916271716,657,Печенгский муниципальный район,пгт. Никель,47515000051
Мурманская область,657,43.537579908675795,37036.740916271716,657,Ловозерский муниципальный район,с. Ловозеро,47610401101
Мурманская область,657,43.537579908675795,37036.740916271716,657,Кандалакшский муниципальный район,г. Кандалакша,47608101001
Мурманская область,657,43.537579908675795,37036.740916271716,657,Кандалакшский муниципальный район,г. Кандалакша,47608101001
Мурманская область,657,43.537579908675795,37036.740916271716,657,Кандалакшский муниципальный район,г. Кандалакша,47608101001
Мурманская область,657,43.537579908675795,37036.740916271716,657,Городской округ город Мурманск,г. Мурманск,47701000001
Мурманская область,657,43.537579908675795,37036.740916271716,657,Городской округ город Мурманск,г. Мурманск,47701000001
Мурманская область,657,43.537579908675795,37036.740916271716,657,Городской округ город Мурманск,г. Мурманск,47701000001
Мурманская область,657,43.537579908675795,37036.740916271716,657,Городской округ город Мончегорск с подведомственной территорией,г. Мончегорск,47715000111
Мурманская область,657,43.537579908675795,37036.740916271716,657,Городской округ город Мончегорск с подведомственной территорией,г. Мончегорск,47715000111
Мурманская область,657,43.537579908675795,37036.740916271716,657,Печенгский муниципальный район,пгт. Никель,47515000051
Мурманская область,657,43.537579908675795,37036.740916271716,657,Городской округ город Мончегорск с подведомственной территорией,г. Мончегорск,47715000111
Мурманская область,657,43.537579908675795,37036.740916271716,657,Кандалакшский муниципальный район,г. Кандалакша,47608101001
Мурманская область,657,43.537579908675795,37036.740916271716,657,Кандалакшский муниципальный район,г. Кандалакша,47608101001
Мурманская область,657,43.537579908675795,37036.740916271716,657,Городской округ город Мончегорск с подведомственной территорией,г. Мончегорск,47715000111
Мурманская область,657,43.537579908675795,37036.740916271716,657,Городской округ город Мончегорск с подведомственной территорией,г. Мончегорск,47715000111
Мурманская область,657,43.537579908675795,37036.740916271716,657,Печенгский муниципальный район,пгт. Никель,47515000051
Мурманская область,657,43.537579908675795,37036.740916271716,657,Кандалакшский муниципальный район,г. Кандалакша,47608101001
Мурманская область,657,43.537579908675795,37036.740916271716,657,Кандалакшский муниципальный район,г. Кандалакша,47608101001
Мурманская область,657,43.537579908675795,37036.740916271716,657,Городской округ город Мончегорск с подведомственной территорией,г. Мончегорск,47715000111
Мурманская область,657,43.537579908675795,37036.740916271716,657,Городской округ город Мончегорск с подведомственной территорией,г. Мончегорск,47715000111
Мурманская область,657,43.537579908675795,37036.740916271716,657,Печенгский муниципальный район,пгт. Никель,47515000051
Мурманская область,657,43.537579908675795,37036.740916271716,657,Кандалакшский муниципальный район,г. Кандалакша,47608101001
Мурманская область,657,43.537579908675795,37036.740916271716,657,Кандалакшский муниципальный район,г. Кандалакша,47608101001
Мурманская область,657,43.537579908675795,37036.740916271716,657,Кандалакшский муниципальный район,г. Кандалакша,47608101001
Мурманская область,657,43.537579908675795,37036.740916271716,657,Городской округ город Мурманск,г. Мурманск,47701000001
Мурманская область,657,43.537579908675795,37036.740916271716,657,Городской округ город Мурманск,г. Мурманск,47701000001
Мурманская область,657,43.537579908675795,37036.740916271716,657,Городской округ город Мурманск,г. Мурманск,47701000001
Мурманская область,657,43.537579908675795,37036.740916271716,657,Городской округ город Мурманск,г. Мурманск,47701000001
Мурманская область,657,43.537579908675795,37036.740916271716,657,Городской округ город Мончегорск с подведомственной территорией,г. Мончегорск,47715000111
Мурманская область,657,43.537579908675795,37036.740916271716,657,Кандалакшский муниципальный район,г. Кандалакша,47608101001
Мурманская область,657,43.537579908675795,37036.740916271716,657,Кандалакшский муниципальный район,г. Кандалакша,47608101001
Мурманская область,657,43.537579908675795,37036.740916271716,657,Кандалакшский муниципальный район,г. Кандалакша,47608101001
Мурманская область,657,43.537579908675795,37036.740916271716,657,Городской округ город Мончегорск с подведомственной территорией,г. Мончегорск,47715000111
Мурманская область,657,43.537579908675795,37036.740916271716,657,Кандалакшский муниципальный район,г. Кандалакша,47608101001
Мурманская область,657,43.537579908675795,37036.740916271716,657,Кандалакшский муниципальный район,г. Кандалакша,47608101001
Мурманская область,657,43.537579908675795,37036.740916271716,657,Кандалакшский муниципальный район,г. Кандалакша,47608101001
Мурманская область,657,43.537579908675795,37036.740916271716,657,Городской округ город Мончегорск с подведомственной территорией,г. Мончегорск,47715000111
Мурманская область,657,43.537579908675795,37036.740916271716,657,Городской округ город Мончегорск с подведомственной территорией,г. Мончегорск,47715000111
Мурманская область,657,43.537579908675795,37036.740916271716,657,Городской округ город Мончегорск с подведомственной территорией,г. Мончегорск,47715000111
Мурманская область,657,43.537579908675795,37036.740916271716,657,Городской округ город Мончегорск с подведомственной территорией,г. Мончегорск,47715000111
Мурманская область,657,43.537579908675795,37036.740916271716,657,Городской округ город Апатиты с подведомственной территорией,г. Апатиты,47705000001
Мурманская область,657,43.537579908675795,37036.740916271716,657,Кандалакшский муниципальный район,г. Кандалакша,47608101001
Мурманская область,657,43.537579908675795,37036.740916271716,657,Кандалакшский муниципальный район,г. Кандалакша,47608101001
Мурманская область,657,43.537579908675795,37036.740916271716,657,Кандалакшский муниципальный район,г. Кандалакша,47608101001
Мурманская область,657,43.537579908675795,37036.740916271716,657,Городской округ город Мурманск,г. Мурманск,47701000001
Мурманская область,657,43.537579908675795,37036.740916271716,657,Городской округ город Мурманск,г. Мурманск,47701000001
Мурманская область,657,43.537579908675795,37036.740916271716,657,Городской округ город Мурманск,г. Мурманск,47701000001
Мурманская область,657,43.537579908675795,37036.740916271716,657,Городской округ город Мончегорск с подведомственной территорией,г. Мончегорск,47715000111
Мурманская область,657,43.537579908675795,37036.740916271716,657,Городской округ город Мончегорск с подведомственной территорией,г. Мончегорск,47715000111
Мурманская область,657,43.537579908675795,37036.740916271716,657,Печенгский муниципальный район,пгт. Никель,47515000051
Мурманская область,657,43.537579908675795,37036.740916271716,657,Кандалакшский муниципальный район,г. Кандалакша,47608101001
Мурманская область,657,43.537579908675795,37036.740916271716,657,Кандалакшский муниципальный район,г. Кандалакша,47608101001
Мурманская область,657,43.537579908675795,37036.740916271716,657,Кандалакшский муниципальный район,г. Кандалакша,47608101001
Мурманская область,657,43.537579908675795,37036.740916271716,657,Городской округ город Мурманск,г. Мурманск,47701000001
Мурманская область,657,43.537579908675795,37036.740916271716,657,Городской округ город Мончегорск с подведомственной территорией,г. Мончегорск,47715000111
Мурманская область,657,43.537579908675795,37036.740916271716,657,Печенгский муниципальный район,пгт. Никель,47515000051
Мурманская область,657,43.537579908675795,37036.740916271716,657,Городской округ город Апатиты с подведомственной территорией,г. Апатиты,47705000001
Мурманская область,657,43.537579908675795,37036.740916271716,657,Городской округ город Апатиты с подведомственной территорией,г. Апатиты,47705000001
Мурманская область,657,43.537579908675795,37036.740916271716,657,Кандалакшский муниципальный район,г. Кандалакша,47608101001
Мурманская область,657,43.537579908675795,37036.740916271716,657,Кандалакшский муниципальный район,г. Кандалакша,47608101001
Мурманская область,657,43.537579908675795,37036.740916271716,657,Городской округ город Мурманск,г. Мурманск,47701000001
Мурманская область,657,43.537579908675795,37036.740916271716,657,Городской округ город Мурманск,г. Мурманск,47701000001
Мурманская область,657,43.537579908675795,37036.740916271716,657,Городской округ город Мончегорск с подведомственной территорией,г. Мончегорск,47715000111
Мурманская область,657,43.537579908675795,37036.740916271716,657,Городской округ город Мончегорск с подведомственной территорией,г. Мончегорск,47715000111
Мурманская область,657,43.537579908675795,37036.740916271716,657,Городской округ город Мончегорск с подведомственной территорией,г. Мончегорск,47715000111
Мурманская область,657,43.537579908675795,37036.740916271716,657,Городской округ город Мончегорск с подведомственной территорией,г. Мончегорск,47715000111
Мурманская область,657,43.537579908675795,37036.740916271716,657,Городской округ город Мончегорск с подведомственной территорией,г. Мончегорск,47715000111
Мурманская область,657,43.537579908675795,37036.740916271716,657,Городской округ город Мончегорск с подведомственной территорией,г. Мончегорск,47715000111
Мурманская область,657,43.537579908675795,37036.740916271716,657,Городской округ город Мончегорск с подведомственной территорией,г. Мончегорск,47715000111
Мурманская область,657,43.537579908675795,37036.740916271716,657,Печенгский муниципальный район,пгт. Никель,47515000051
Мурманская область,657,43.537579908675795,37036.740916271716,657,Печенгский муниципальный район,пгт. Никель,47515000051
Мурманская область,657,43.537579908675795,37036.740916271716,657,Кандалакшский муниципальный район,г. Кандалакша,47608101001
Мурманская область,657,43.537579908675795,37036.740916271716,657,Кандалакшский муниципальный район,г. Кандалакша,47608101001
Мурманская область,657,43.537579908675795,37036.740916271716,657,Кандалакшский муниципальный район,г. Кандалакша,47608101001
Мурманская область,657,43.537579908675795,37036.740916271716,657,Кандалакшский муниципальный район,г. Кандалакша,47608101001
Мурманская область,657,43.537579908675795,37036.740916271716,657,Кандалакшский муниципальный район,г. Кандалакша,47608101001
Мурманская область,657,43.537579908675795,37036.740916271716,657,Кандалакшский муниципальный район,г. Кандалакша,47608101001
Мурманская область,657,43.537579908675795,37036.740916271716,657,Кандалакшский муниципальный район,г. Кандалакша,47608101001
Мурманская область,657,43.537579908675795,37036.740916271716,657,Кандалакшский муниципальный район,г. Кандалакша,47608101001
Мурманская область,657,43.537579908675795,37036.740916271716,657,Кандалакшский муниципальный район,г. Кандалакша,47608101001
Мурманская область,657,43.537579908675795,37036.740916271716,657,Городской округ город Мончегорск с подведомственной территорией,г. Мончегорск,47715000111
Мурманская область,657,43.537579908675795,37036.740916271716,657,Городской округ город Мончегорск с подведомственной территорией,г. Мончегорск,47715000111
Мурманская область,657,43.537579908675795,37036.740916271716,657,Городской округ город Мончегорск с подведомственной территорией,г. Мончегорск,47715000111
Мурманская область,657,43.537579908675795,37036.740916271716,657,Городской округ город Мончегорск с подведомственной территорией,г. Мончегорск,47715000111
Мурманская область,657,43.537579908675795,37036.740916271716,657,Городской округ город Мончегорск с подведомственной территорией,г. Мончегорск,47715000111
Мурманская область,657,43.537579908675795,37036.740916271716,657,Городской округ город Мончегорск с подведомственной территорией,г. Мончегорск,47715000111
Мурманская область,657,43.537579908675795,37036.740916271716,657,Городской округ город Апатиты с подведомственной территорией,г. Апатиты,47705000001
Мурманская область,657,43.537579908675795,37036.740916271716,657,Городской округ город Апатиты с подведомственной территорией,г. Апатиты,47705000001
Мурманская область,657,43.537579908675795,37036.740916271716,657,Кандалакшский муниципальный район,г. Кандалакша,47608101001
Мурманская область,657,43.537579908675795,37036.740916271716,657,Кандалакшский муниципальный район,г. Кандалакша,47608101001
Мурманская область,657,43.537579908675795,37036.740916271716,657,Кандалакшский муниципальный район,г. Кандалакша,47608101001
Мурманская область,657,43.537579908675795,37036.740916271716,657,Городской округ город Мурманск,г. Мурманск,47701000001
Мурманская область,657,43.537579908675795,37036.740916271716,657,Городской округ город Мурманск,г. Мурманск,47701000001
Мурманская область,657,43.537579908675795,37036.740916271716,657,Городской округ город Мурманск,г. Мурманск,47701000001
Мурманская область,657,43.537579908675795,37036.740916271716,657,Городской округ город Мурманск,г. Мурманск,47701000001
Мурманская область,657,43.537579908675795,37036.740916271716,657,Городской округ город Мурманск,г. Мурманск,47701000001
Мурманская область,657,43.537579908675795,37036.740916271716,657,Городской округ город Мончегорск с подведомственной территорией,г. Мончегорск,47715000111
Мурманская область,657,43.537579908675795,37036.740916271716,657,Кандалакшский муниципальный район,г. Кандалакша,47608101001
Мурманская область,657,43.537579908675795,37036.740916271716,657,Кандалакшский муниципальный район,г. Кандалакша,47608101001
Мурманская область,657,43.537579908675795,37036.740916271716,657,Городской округ город Мончегорск с подведомственной территорией,г. Мончегорск,47715000111
Мурманская область,657,43.537579908675795,37036.740916271716,657,Печенгский муниципальный район,пгт. Никель,47515000051
Мурманская область,657,43.537579908675795,37036.740916271716,657,Кандалакшский муниципальный район,г. Кандалакша,47608101001
Мурманская область,657,43.537579908675795,37036.740916271716,657,Кандалакшский муниципальный район,г. Кандалакша,47608101001
Мурманская область,657,43.537579908675795,37036.740916271716,657,Кандалакшский муниципальный район,г. Кандалакша,47608101001
Мурманская область,657,43.537579908675795,37036.740916271716,657,Городской округ город Мончегорск с подведомственной территорией,г. Мончегорск,47715000111
Мурманская область,657,43.537579908675795,37036.740916271716,657,Печенгский муниципальный район,пгт. Никель,47515000051
Мурманская область,657,43.537579908675795,37036.740916271716,657,Кандалакшский муниципальный район,г. Кандалакша,47608101001
Мурманская область,657,43.537579908675795,37036.740916271716,657,Кандалакшский муниципальный район,г. Кандалакша,47608101001
Мурманская область,657,43.537579908675795,37036.740916271716,657,Кандалакшский муниципальный район,г. Кандалакша,47608101001
Мурманская область,657,43.537579908675795,37036.740916271716,657,Городской округ город Мурманск,г. Мурманск,47701000001
Мурманская область,657,43.537579908675795,37036.740916271716,657,Городской округ город Мончегорск с подведомственной территорией,г. Мончегорск,47715000111
Мурманская область,657,43.537579908675795,37036.740916271716,657,Кандалакшский муниципальный район,г. Кандалакша,47608101001
Мурманская область,657,43.537579908675795,37036.740916271716,657,Кандалакшский муниципальный район,г. Кандалакша,47608101001
Мурманская область,657,43.537579908675795,37036.740916271716,657,Кандалакшский муниципальный район,г. Кандалакша,47608101001
Мурманская область,657,43.537579908675795,37036.740916271716,657,Кандалакшский муниципальный район,г. Кандалакша,47608101001
Мурманская область,657,43.537579908675795,37036.740916271716,657,Городской округ город Апатиты с подведомственной территорией,г. Апатиты,47705000001
Мурманская область,657,43.537579908675795,37036.740916271716,657,Городской округ город Апатиты с подведомственной территорией,г. Апатиты,47705000001
Мурманская область,657,43.537579908675795,37036.740916271716,657,Городской округ город Кировск с подведомственной территорией,г. Кировск,47712000001
Мурманская область,657,43.537579908675795,37036.740916271716,657,Кандалакшский муниципальный район,г. Кандалакша,47608101001
Мурманская область,657,43.537579908675795,37036.740916271716,657,Кандалакшский муниципальный район,г. Кандалакша,47608101001
Мурманская область,657,43.537579908675795,37036.740916271716,657,Кандалакшский муниципальный район,г. Кандалакша,47608101001
Мурманская область,657,43.537579908675795,37036.740916271716,657,Городской округ город Мончегорск с подведомственной территорией,г. Мончегорск,47715000111
Мурманская область,657,43.537579908675795,37036.740916271716,657,Городской округ город Мончегорск с подведомственной территорией,г. Мончегорск,47715000111
Мурманская область,657,43.537579908675795,37036.740916271716,657,Городской округ город Мончегорск с подведомственной территорией,г. Мончегорск,47715000111
Мурманская область,657,43.537579908675795,37036.740916271716,657,Печенгский муниципальный район,пгт. Никель,47515000051
Мурманская область,657,43.537579908675795,37036.740916271716,657,Городской округ город Апатиты с подведомственной территорией,г. Апатиты,47705000001
Мурманская область,657,43.537579908675795,37036.740916271716,657,Городской округ город Апатиты с подведомственной территорией,г. Апатиты,47705000001
Мурманская область,657,43.537579908675795,37036.740916271716,657,Городской округ город Кировск с подведомственной территорией,г. Кировск,47712000001
Мурманская область,657,43.537579908675795,37036.740916271716,657,Кандалакшский муниципальный район,г. Кандалакша,47608101001
Мурманская область,657,43.537579908675795,37036.740916271716,657,Кандалакшский муниципальный район,г. Кандалакша,47608101001
Мурманская область,657,43.537579908675795,37036.740916271716,657,Кандалакшский муниципальный район,г. Кандалакша,47608101001
Мурманская область,657,43.537579908675795,37036.740916271716,657,Городской округ город Мончегорск с подведомственной территорией,г. Мончегорск,47715000111
Мурманская область,657,43.537579908675795,37036.740916271716,657,Городской округ город Мурманск,г. Мурманск,47701000001
Мурманская область,657,43.537579908675795,37036.740916271716,657,Городской округ город Мончегорск с подведомственной территорией,г. Мончегорск,47715000111
Мурманская область,657,43.537579908675795,37036.740916271716,657,Городской округ город Мончегорск с подведомственной территорией,г. Мончегорск,47715000111
Мурманская область,657,43.537579908675795,37036.740916271716,657,Городской округ город Мончегорск с подведомственной территорией,г. Мончегорск,47715000111
Мурманская область,657,43.537579908675795,37036.740916271716,657,Печенгский муниципальный район,пгт. Никель,47515000051
Мурманская область,657,43.537579908675795,37036.740916271716,657,Городской округ город Кировск с подведомственной территорией,г. Кировск,47712000001
Мурманская область,657,43.537579908675795,37036.740916271716,657,Городской округ город Кировск с подведомственной территорией,г. Кировск,47712000001
Мурманская область,657,43.537579908675795,37036.740916271716,657,Городской округ город Мончегорск с подведомственной территорией,г. Мончегорск,47715000111
Мурманская область,657,43.537579908675795,37036.740916271716,657,Городской округ город Мончегорск с подведомственной территорией,г. Мончегорск,47715000111
Мурманская область,657,43.537579908675795,37036.740916271716,657,Городской округ город Мончегорск с подведомственной территорией,г. Мончегорск,47715000111
Мурманская область,657,43.537579908675795,37036.740916271716,657,Печенгский муниципальный район,пгт. Никель,47515000051
Мурманская область,657,43.537579908675795,37036.740916271716,657,Городской округ город Апатиты с подведомственной территорией,г. Апатиты,47705000001
Мурманская область,657,43.537579908675795,37036.740916271716,657,Городской округ город Апатиты с подведомственной территорией,г. Апатиты,47705000001
Мурманская область,657,43.537579908675795,37036.740916271716,657,Городской округ город Кировск с подведомственной территорией,г. Кировск,47712000001
Мурманская область,657,43.537579908675795,37036.740916271716,657,Городской округ город Мончегорск с подведомственной территорией,г. Мончегорск,47715000111
Мурманская область,657,43.537579908675795,37036.740916271716,657,Городской округ город Апатиты с подведомственной территорией,г. Апатиты,47705000001
Мурманская область,657,43.537579908675795,37036.740916271716,657,Городской округ город Кировск с подведомственной территорией,г. Кировск,47712000001
Мурманская область,657,43.537579908675795,37036.740916271716,657,Городской округ город Мончегорск с подведомственной территорией,г. Мончегорск,47715000111
Мурманская область,657,43.537579908675795,37036.740916271716,657,Городской округ Ковдорский район,г. Ковдор,47703000001
Мурманская область,657,43.537579908675795,37036.740916271716,657,Городской округ город Апатиты с подведомственной территорией,г. Апатиты,47705000001
Мурманская область,657,43.537579908675795,37036.740916271716,657,Городской округ город Апатиты с подведомственной территорией,г. Апатиты,47705000001
Мурманская область,657,43.537579908675795,37036.740916271716,657,Городской округ город Кировск с подведомственной территорией,г. Кировск,47712000001
Мурманская область,657,43.537579908675795,37036.740916271716,657,Городской округ город Мончегорск с подведомственной территорией,г. Мончегорск,47715000111
Мурманская область,657,43.537579908675795,37036.740916271716,657,Печенгский муниципальный район,пгт. Никель,47515000051
Мурманская область,657,43.537579908675795,37036.740916271716,657,Городской округ город Апатиты с подведомственной территорией,г. Апатиты,47705000001
Мурманская область,657,43.537579908675795,37036.740916271716,657,Городской округ город Кировск с подведомственной территорией,г. Кировск,47712000001
Мурманская область,657,43.537579908675795,37036.740916271716,657,Городской округ город Мончегорск с подведомственной территорией,г. Мончегорск,47715000111
Мурманская область,657,43.537579908675795,37036.740916271716,657,Печенгский муниципальный район,пгт. Никель,47515000051
Мурманская область,657,43.537579908675795,37036.740916271716,657,Печенгский муниципальный район,г. Заполярный,47615103001
Мурманская область,657,43.537579908675795,37036.740916271716,657,Печенгский муниципальный район,пгт. Никель,47515000051
Мурманская область,657,43.537579908675795,37036.740916271716,657,Городской округ город Мончегорск с подведомственной территорией,г. Мончегорск,47715000111
Мурманская область,657,43.537579908675795,37036.740916271716,657,Городской округ город Мончегорск с подведомственной территорией,г. Мончегорск,47715000111
Мурманская область,657,43.537579908675795,37036.740916271716,657,Печенгский муниципальный район,пгт. Никель,47515000051
Мурманская область,657,43.537579908675795,37036.740916271716,657,Городской округ город Мончегорск с подведомственной территорией,г. Мончегорск,47715000111
Мурманская область,657,43.537579908675795,37036.740916271716,657,Городской округ город Мончегорск с подведомственной территорией,г. Мончегорск,47715000111
Мурманская область,657,43.537579908675795,37036.740916271716,657,Печенгский муниципальный район,пгт. Никель,47515000051
Мурманская область,657,43.537579908675795,37036.740916271716,657,Городской округ город Мурманск,г. Мурманск,47701000001
Мурманская область,657,43.537579908675795,37036.740916271716,657,Городской округ город Мончегорск с подведомственной территорией,г. Мончегорск,47715000111
Мурманская область,657,43.537579908675795,37036.740916271716,657,Печенгский муниципальный район,пгт. Никель,47515000051
Мурманская область,657,43.537579908675795,37036.740916271716,657,Печенгский муниципальный район,пгт. Никель,47515000051
Мурманская область,657,43.537579908675795,37036.740916271716,657,Городской округ город Апатиты с подведомственной территорией,г. Апатиты,47705000001
Мурманская область,657,43.537579908675795,37036.740916271716,657,Городской округ город Кировск с подведомственной территорией,г. Кировск,47712000001
Мурманская область,657,43.537579908675795,37036.740916271716,657,Печенгский муниципальный район,пгт. Никель,47515000051
Мурманская область,657,43.537579908675795,37036.740916271716,657,Городской округ город Апатиты с подведомственной территорией,г. Апатиты,47705000001
Мурманская область,657,43.537579908675795,37036.740916271716,657,Городской округ город Кировск с подведомственной территорией,г. Кировск,47712000001
Мурманская область,657,43.537579908675795,37036.740916271716,657,Печенгский муниципальный район,пгт. Никель,47515000051
Мурманская область,657,43.537579908675795,37036.740916271716,657,Городской округ город Мончегорск с подведомственной территорией,г. Мончегорск,47715000111
Мурманская область,657,43.537579908675795,37036.740916271716,657,Печенгский муниципальный район,пгт. Никель,47515000051
Мурманская область,657,43.537579908675795,37036.740916271716,657,Городской округ город Апатиты с подведомственной территорией,г. Апатиты,47705000001
Мурманская область,657,43.537579908675795,37036.740916271716,657,Городской округ город Апатиты с подведомственной территорией,г. Апатиты,47705000001
Мурманская область,657,43.537579908675795,37036.740916271716,657,Городской округ город Кировск с подведомственной территорией,г. Кировск,47712000001
Мурманская область,657,43.537579908675795,37036.740916271716,657,Городской округ город Апатиты с подведомственной территорией,г. Апатиты,47705000001
Мурманская область,657,43.537579908675795,37036.740916271716,657,Городской округ город Кировск с подведомственной территорией,г. Кировск,47712000001
Мурманская область,657,43.537579908675795,37036.740916271716,657,Городской округ город Апатиты с подведомственной территорией,г. Апатиты,47705000001
Мурманская область,657,43.537579908675795,37036.740916271716,657,Городской округ город Апатиты с подведомственной территорией,г. Апатиты,47705000001
Мурманская область,657,43.537579908675795,37036.740916271716,657,Городской округ город Кировск с подведомственной территорией,г. Кировск,47712000001
Мурманская область,657,43.537579908675795,37036.740916271716,657,Городской округ город Мончегорск с подведомственной территорией,г. Мончегорск,47715000111
Мурманская область,657,43.537579908675795,37036.740916271716,657,Городской округ город Мончегорск с подведомственной территорией,г. Мончегорск,47715000111
Мурманская область,657,43.537579908675795,37036.740916271716,657,Печенгский муниципальный район,пгт. Никель,47515000051
Мурманская область,657,43.537579908675795,37036.740916271716,657,Городской округ город Апатиты с подведомственной территорией,г. Апатиты,47705000001
Мурманская область,657,43.537579908675795,37036.740916271716,657,Городской округ город Апатиты с подведомственной территорией,г. Апатиты,47705000001
Мурманская область,657,43.537579908675795,37036.740916271716,657,Городской округ город Кировск с подведомственной территорией,г. Кировск,47712000001
Мурманская область,657,43.537579908675795,37036.740916271716,657,Городской округ город Мурманск,г. Мурманск,47701000001
Мурманская область,657,43.537579908675795,37036.740916271716,657,Городской округ город Мончегорск с подведомственной территорией,г. Мончегорск,47715000111
Мурманская область,657,43.537579908675795,37036.740916271716,657,Печенгский муниципальный район,пгт. Никель,47515000051
Мурманская область,657,43.537579908675795,37036.740916271716,657,Ловозерский муниципальный район,с. Ловозеро,47610401101
Мурманская область,657,43.537579908675795,37036.740916271716,657,Печенгский муниципальный район,г. Заполярный,47615103001
Мурманская область,657,43.537579908675795,37036.740916271716,657,Городской округ город Мурманск,г. Мурманск,47701000001
Мурманская область,657,43.537579908675795,37036.740916271716,657,Городской округ город Мончегорск с подведомственной территорией,г. Мончегорск,47715000111
Мурманская область,657,43.537579908675795,37036.740916271716,657,Городской округ город Мончегорск с подведомственной территорией,г. Мончегорск,47715000111
Мурманская область,657,43.537579908675795,37036.740916271716,657,Печенгский муниципальный район,пгт. Никель,47515000051
Мурманская область,657,43.537579908675795,37036.740916271716,657,Городской округ город Мончегорск с подведомственной территорией,г. Мончегорск,47715000111
Мурманская область,657,43.537579908675795,37036.740916271716,657,Печенгский муниципальный район,пгт. Никель,47515000051
Мурманская область,657,43.537579908675795,37036.740916271716,657,Городской округ город Мончегорск с подведомственной территорией,г. Мончегорск,47715000111
Мурманская область,657,43.537579908675795,37036.740916271716,657,Городской округ город Мончегорск с подведомственной территорией,г. Мончегорск,47715000111
Мурманская область,657,43.537579908675795,37036.740916271716,657,Печенгский муниципальный район,пгт. Никель,47515000051
Мурманская область,657,43.537579908675795,37036.740916271716,657,Городской округ город Мурманск,г. Мурманск,47701000001
Мурманская область,657,43.537579908675795,37036.740916271716,657,Городской округ город Мончегорск с подведомственной территорией,г. Мончегорск,47715000111
Мурманская область,657,43.537579908675795,37036.740916271716,657,Печенгский муниципальный район,пгт. Никель,47515000051
Мурманская область,657,43.537579908675795,37036.740916271716,657,Городской округ город Мончегорск с подведомственной территорией,г. Мончегорск,47715000111
Мурманская область,657,43.537579908675795,37036.740916271716,657,Печенгский муниципальный район,пгт. Никель,47515000051
Мурманская область,657,43.537579908675795,37036.740916271716,657,Городской округ город Апатиты с подведомственной территорией,г. Апатиты,47705000001
Мурманская область,657,43.537579908675795,37036.740916271716,657,Городской округ город Апатиты с подведомственной территорией,г. Апатиты,47705000001
Мурманская область,657,43.537579908675795,37036.740916271716,657,Городской округ город Кировск с подведомственной территорией,г. Кировск,47712000001
Мурманская область,657,43.537579908675795,37036.740916271716,657,Городской округ город Мончегорск с подведомственной территорией,г. Мончегорск,47715000111
Мурманская область,657,43.537579908675795,37036.740916271716,657,Печенгский муниципальный район,пгт. Никель,47515000051
Мурманская область,657,43.537579908675795,37036.740916271716,657,Городской округ город Апатиты с подведомственной территорией,г. Апатиты,47705000001
Мурманская область,657,43.537579908675795,37036.740916271716,657,Городской округ город Апатиты с подведомственной территорией,г. Апатиты,47705000001
Мурманская область,657,43.537579908675795,37036.740916271716,657,Городской округ город Кировск с подведомственной территорией,г. Кировск,47712000001
Мурманская область,657,43.537579908675795,37036.740916271716,657,Городской округ город Мурманск,г. Мурманск,47701000001
Мурманская область,657,43.537579908675795,37036.740916271716,657,Городской округ город Мурманск,г. Мурманск,47701000001
Мурманская область,657,43.537579908675795,37036.740916271716,657,Печенгский муниципальный район,пгт. Никель,47515000051
Мурманская область,657,43.537579908675795,37036.740916271716,657,Печенгский муниципальный район,пгт. Никель,47515000051
Мурманская область,657,43.537579908675795,37036.740916271716,657,Городской округ город Мурманск,г. Мурманск,47701000001
Мурманская область,657,43.537579908675795,37036.740916271716,657,Городской округ город Мончегорск с подведомственной территорией,г. Мончегорск,47715000111
Мурманская область,657,43.537579908675795,37036.740916271716,657,Печенгский муниципальный район,пгт. Никель,47515000051
Мурманская область,657,43.537579908675795,37036.740916271716,657,Городской округ город Апатиты с подведомственной территорией,г. Апатиты,47705000001
Мурманская область,657,43.537579908675795,37036.740916271716,657,Городской округ город Апатиты с подведомственной территорией,г. Апатиты,47705000001
Мурманская область,657,43.537579908675795,37036.740916271716,657,Городской округ город Апатиты с подведомственной территорией,г. Апатиты,47705000001
Мурманская область,657,43.537579908675795,37036.740916271716,657,Городской округ город Кировск с подведомственной территорией,г. Кировск,47712000001
Мурманская область,657,43.537579908675795,37036.740916271716,657,Городской округ город Мончегорск с подведомственной территорией,г. Мончегорск,47715000111
Мурманская область,657,43.537579908675795,37036.740916271716,657,Городской округ город Апатиты с подведомственной территорией,г. Апатиты,47705000001
Мурманская область,657,43.537579908675795,37036.740916271716,657,Городской округ город Апатиты с подведомственной территорией,г. Апатиты,47705000001
Мурманская область,657,43.537579908675795,37036.740916271716,657,Городской округ город Кировск с подведомственной территорией,г. Кировск,47712000001
Мурманская область,657,43.537579908675795,37036.740916271716,657,Печенгский муниципальный район,г. Заполярный,47615103001
Мурманская область,657,43.537579908675795,37036.740916271716,657,Городской округ город Мончегорск с подведомственной территорией,г. Мончегорск,47715000111
Мурманская область,657,43.537579908675795,37036.740916271716,657,Печенгский муниципальный район,пгт. Никель,47515000051
Мурманская область,657,43.537579908675795,37036.740916271716,657,Печенгский муниципальный район,пгт. Никель,47515000051
Мурманская область,657,43.537579908675795,37036.740916271716,657,Городской округ город Апатиты с подведомственной территорией,г. Апатиты,47705000001
Мурманская область,657,43.537579908675795,37036.740916271716,657,Городской округ город Апатиты с подведомственной территорией,г. Апатиты,47705000001
Мурманская область,657,43.537579908675795,37036.740916271716,657,Городской округ город Кировск с подведомственной территорией,г. Кировск,47712000001
Мурманская область,657,43.537579908675795,37036.740916271716,657,Городской округ город Мончегорск с подведомственной территорией,г. Мончегорск,47715000111
Мурманская область,657,43.537579908675795,37036.740916271716,657,Печенгский муниципальный район,пгт. Никель,47515000051
Мурманская область,657,43.537579908675795,37036.740916271716,657,Городской округ город Апатиты с подведомственной территорией,г. Апатиты,47705000001
Мурманская область,657,43.537579908675795,37036.740916271716,657,Городской округ город Мончегорск с подведомственной территорией,г. Мончегорск,47715000111
Мурманская область,657,43.537579908675795,37036.740916271716,657,Печенгский муниципальный район,пгт. Никель,47515000051
Мурманская область,657,43.537579908675795,37036.740916271716,657,Городской округ город Мурманск,г. Мурманск,47701000001
Мурманская область,657,43.537579908675795,37036.740916271716,657,Городской округ город Мурманск,г. Мурманск,47701000001
Мурманская область,657,43.537579908675795,37036.740916271716,657,Городской округ город Мончегорск с подведомственной территорией,г. Мончегорск,47715000111
Мурманская область,657,43.537579908675795,37036.740916271716,657,Городской округ город Мончегорск с подведомственной территорией,г. Мончегорск,47715000111
Мурманская область,657,43.537579908675795,37036.740916271716,657,Печенгский муниципальный район,пгт. Никель,47515000051
Мурманская область,657,43.537579908675795,37036.740916271716,657,Городской округ город Мончегорск с подведомственной территорией,г. Мончегорск,47715000111
Мурманская область,657,43.537579908675795,37036.740916271716,657,Городской округ город Мончегорск с подведомственной территорией,г. Мончегорск,47715000111
Мурманская область,657,43.537579908675795,37036.740916271716,657,Городской округ город Мончегорск с подведомственной территорией,г. Мончегорск,47715000111
Мурманская область,657,43.537579908675795,37036.740916271716,657,Печенгский муниципальный район,пгт. Никель,47515000051
Мурманская область,657,43.537579908675795,37036.740916271716,657,Городской округ город Мончегорск с подведомственной территорией,г. Мончегорск,47715000111
Мурманская область,657,43.537579908675795,37036.740916271716,657,Печенгский муниципальный район,пгт. Никель,47515000051
Мурманская область,657,43.537579908675795,37036.740916271716,657,Городской округ город Мурманск,г. Мурманск,47701000001
Мурманская область,657,43.537579908675795,37036.740916271716,657,Городской округ город Мурманск,г. Мурманск,47701000001
Мурманская область,657,43.537579908675795,37036.740916271716,657,Городской округ город Мончегорск с подведомственной территорией,г. Мончегорск,47715000111
Мурманская область,657,43.537579908675795,37036.740916271716,657,Печенгский муниципальный район,пгт. Никель,47515000051
Мурманская область,657,43.537579908675795,37036.740916271716,657,Городской округ город Мончегорск с подведомственной территорией,г. Мончегорск,47715000111
Мурманская область,657,43.537579908675795,37036.740916271716,657,Печенгский муниципальный район,пгт. Никель,47515000051
Мурманская область,657,43.537579908675795,37036.740916271716,657,Городской округ город Апатиты с подведомственной территорией,г. Апатиты,47705000001
Мурманская область,657,43.537579908675795,37036.740916271716,657,Городской округ город Апатиты с подведомственной территорией,г. Апатиты,47705000001
Мурманская область,657,43.537579908675795,37036.740916271716,657,Городской округ город Кировск с подведомственной территорией,г. Кировск,47712000001
Мурманская область,657,43.537579908675795,37036.740916271716,657,Городской округ город Мончегорск с подведомственной территорией,г. Мончегорск,47715000111
Мурманская область,657,43.537579908675795,37036.740916271716,657,Печенгский муниципальный район,пгт. Никель,47515000051
Мурманская область,657,43.537579908675795,37036.740916271716,657,Городской округ город Апатиты с подведомственной территорией,г. Апатиты,47705000001
Мурманская область,657,43.537579908675795,37036.740916271716,657,Городской округ город Апатиты с подведомственной территорией,г. Апатиты,47705000001
Мурманская область,657,43.537579908675795,37036.740916271716,657,Городской округ город Кировск с подведомственной территорией,г. Кировск,47712000001
Мурманская область,657,43.537579908675795,37036.740916271716,657,Городской округ город Мурманск,г. Мурманск,47701000001
Мурманская область,657,43.537579908675795,37036.740916271716,657,Городской округ город Мурманск,г. Мурманск,47701000001
Мурманская область,657,43.537579908675795,37036.740916271716,657,Городской округ город Мончегорск с подведомственной территорией,г. Мончегорск,47715000111
Мурманская область,657,43.537579908675795,37036.740916271716,657,Печенгский муниципальный район,пгт. Никель,47515000051
Мурманская область,657,43.537579908675795,37036.740916271716,657,Печенгский муниципальный район,пгт. Никель,47515000051
Мурманская область,657,43.537579908675795,37036.740916271716,657,Городской округ город Мурманск,г. Мурманск,47701000001
Мурманская область,657,43.537579908675795,37036.740916271716,657,Городской округ город Мурманск,г. Мурманск,47701000001
Мурманская область,657,43.537579908675795,37036.740916271716,657,Городской округ город Мончегорск с подведомственной территорией,г. Мончегорск,47715000111
Мурманская область,657,43.537579908675795,37036.740916271716,657,Городской округ город Мончегорск с подведомственной территорией,г. Мончегорск,47715000111
Мурманская область,657,43.537579908675795,37036.740916271716,657,Печенгский муниципальный район,пгт. Никель,47515000051
Мурманская область,657,43.537579908675795,37036.740916271716,657,Печенгский муниципальный район,пгт. Никель,47515000051
Мурманская область,657,43.537579908675795,37036.740916271716,657,Городской округ город Апатиты с подведомственной территорией,г. Апатиты,47705000001
Мурманская область,657,43.537579908675795,37036.740916271716,657,Городской округ город Апатиты с подведомственной территорией,г. Апатиты,47705000001
Мурманская область,657,43.537579908675795,37036.740916271716,657,Городской округ город Кировск с подведомственной территорией,г. Кировск,47712000001
Мурманская область,657,43.537579908675795,37036.740916271716,657,Городской округ город Мончегорск с подведомственной территорией,г. Мончегорск,47715000111
Мурманская область,657,43.537579908675795,37036.740916271716,657,Городской округ город Апатиты с подведомственной территорией,г. Апатиты,47705000001
Мурманская область,657,43.537579908675795,37036.740916271716,657,Городской округ город Кировск с подведомственной территорией,г. Кировск,47712000001
Мурманская область,657,43.537579908675795,37036.740916271716,657,Городской округ город Мончегорск с подведомственной территорией,г. Мончегорск,47715000111
Мурманская область,657,43.537579908675795,37036.740916271716,657,Городской округ город Апатиты с подведомственной территорией,г. Апатиты,47705000001
Мурманская область,657,43.537579908675795,37036.740916271716,657,Городской округ город Апатиты с подведомственной территорией,г. Апатиты,47705000001
Мурманская область,657,43.537579908675795,37036.740916271716,657,Городской округ город Кировск с подведомственной территорией,г. Кировск,47712000001
Мурманская область,657,43.537579908675795,37036.740916271716,657,Печенгский муниципальный район,г. Заполярный,47615103001
Мурманская область,657,43.537579908675795,37036.740916271716,657,Городской округ город Мончегорск с подведомственной территорией,г. Мончегорск,47715000111
Мурманская область,657,43.537579908675795,37036.740916271716,657,Городской округ город Мончегорск с подведомственной территорией,г. Мончегорск,47715000111
Мурманская область,657,43.537579908675795,37036.740916271716,657,Печенгский муниципальный район,пгт. Никель,47515000051
Мурманская область,657,43.537579908675795,37036.740916271716,657,Печенгский муниципальный район,пгт. Никель,47515000051
Мурманская область,657,43.537579908675795,37036.740916271716,657,Печенгский муниципальный район,пгт. Никель,47515000051
Мурманская область,657,43.537579908675795,37036.740916271716,657,Городской округ город Апатиты с подведомственной территорией,г. Апатиты,47705000001
Мурманская область,657,43.537579908675795,37036.740916271716,657,Городской округ город Кировск с подведомственной территорией,г. Кировск,47712000001
Мурманская область,657,43.537579908675795,37036.740916271716,657,Городской округ город Мурманск,г. Мурманск,47701000001
Мурманская область,657,43.537579908675795,37036.740916271716,657,Городской округ город Мурманск,г. Мурманск,47701000001
Мурманская область,657,43.537579908675795,37036.740916271716,657,Городской округ город Мурманск,г. Мурманск,47701000001
Мурманская область,657,43.537579908675795,37036.740916271716,657,Городской округ город Мончегорск с подведомственной территорией,г. Мончегорск,47715000111
Мурманская область,657,43.537579908675795,37036.740916271716,657,Городской округ город Мончегорск с подведомственной территорией,г. Мончегорск,47715000111
Мурманская область,657,43.537579908675795,37036.740916271716,657,Городской округ город Мончегорск с подведомственной территорией,г. Мончегорск,47715000111
Мурманская область,657,43.537579908675795,37036.740916271716,657,Городской округ город Мончегорск с подведомственной территорией,г. Мончегорск,47715000111
Мурманская область,657,43.537579908675795,37036.740916271716,657,Печенгский муниципальный район,г. Заполярный,47615103001
Мурманская область,657,43.537579908675795,37036.740916271716,657,Печенгский муниципальный район,пгт. Никель,47515000051
Мурманская область,657,43.537579908675795,37036.740916271716,657,Печенгский муниципальный район,пгт. Никель,47515000051
Мурманская область,657,43.537579908675795,37036.740916271716,657,Городской округ город Мончегорск с подведомственной территорией,г. Мончегорск,47715000111
Мурманская область,657,43.537579908675795,37036.740916271716,657,Печенгский муниципальный район,пгт. Никель,47515000051
Мурманская область,657,43.537579908675795,37036.740916271716,657,Городской округ город Мончегорск с подведомственной территорией,г. Мончегорск,47715000111
Мурманская область,657,43.537579908675795,37036.740916271716,657,Печенгский муниципальный район,г. Заполярный,47615103001
Мурманская область,657,43.537579908675795,37036.740916271716,657,Городской округ город Мурманск,г. Мурманск,47701000001
Мурманская область,657,43.537579908675795,37036.740916271716,657,Городской округ город Мурманск,г. Мурманск,47701000001
Мурманская область,657,43.537579908675795,37036.740916271716,657,Городской округ город Мурманск,г. Мурманск,47701000001
Мурманская область,657,43.537579908675795,37036.740916271716,657,Городской округ город Апатиты с подведомственной территорией,г. Апатиты,47705000001
Мурманская область,657,43.537579908675795,37036.740916271716,657,Городской округ город Апатиты с подведомственной территорией,г. Апатиты,47705000001
Мурманская область,657,43.537579908675795,37036.740916271716,657,Городской округ город Кировск с подведомственной территорией,г. Кировск,47712000001
Мурманская область,657,43.537579908675795,37036.740916271716,657,Городской округ город Мурманск,г. Мурманск,47701000001
Мурманская область,657,43.537579908675795,37036.740916271716,657,Городской округ город Апатиты с подведомственной территорией,г. Апатиты,47705000001
Мурманская область,657,43.537579908675795,37036.740916271716,657,Городской округ город Апатиты с подведомственной территорией,г. Апатиты,47705000001
Мурманская область,657,43.537579908675795,37036.740916271716,657,Городской округ город Кировск с подведомственной территорией,г. Кировск,47712000001
Мурманская область,657,43.537579908675795,37036.740916271716,657,Городской округ город Мончегорск с подведомственной территорией,г. Мончегорск,47715000111
Мурманская область,657,43.537579908675795,37036.740916271716,657,Городской округ город Апатиты с подведомственной территорией,г. Апатиты,47705000001
Мурманская область,657,43.537579908675795,37036.740916271716,657,Городской округ город Мурманск,г. Мурманск,47701000001
Мурманская область,657,43.537579908675795,37036.740916271716,657,Городской округ город Апатиты с подведомственной территорией,г. Апатиты,47705000001
Мурманская область,657,43.537579908675795,37036.740916271716,657,Городской округ город Апатиты с подведомственной территорией,г. Апатиты,47705000001
Мурманская область,657,43.537579908675795,37036.740916271716,657,Городской округ город Кировск с подведомственной территорией,г. Кировск,47712000001
Мурманская область,657,43.537579908675795,37036.740916271716,657,Печенгский муниципальный район,г. Заполярный,47615103001
Мурманская область,657,43.537579908675795,37036.740916271716,657,Городской округ город Мончегорск с подведомственной территорией,г. Мончегорск,47715000111
Мурманская область,657,43.537579908675795,37036.740916271716,657,Городской округ город Мончегорск с подведомственной территорией,г. Мончегорск,47715000111
Мурманская область,657,43.537579908675795,37036.740916271716,657,Городской округ Ковдорский район,г. Ковдор,47703000001
Мурманская область,657,43.537579908675795,37036.740916271716,657,Городской округ город Апатиты с подведомственной территорией,г. Апатиты,47705000001
Мурманская область,657,43.537579908675795,37036.740916271716,657,Городской округ город Мончегорск с подведомственной территорией,г. Мончегорск,47715000111
Мурманская область,657,43.537579908675795,37036.740916271716,657,Городской округ город Кировск с подведомственной территорией,г. Кировск,47712000001
Мурманская область,657,43.537579908675795,37036.740916271716,657,Городской округ город Мончегорск с подведомственной территорией,г. Мончегорск,47715000111
Мурманская область,657,43.537579908675795,37036.740916271716,657,Городской округ город Мончегорск с подведомственной территорией,г. Мончегорск,47715000111
Мурманская область,657,43.537579908675795,37036.740916271716,657,Городской округ город Мончегорск с подведомственной территорией,г. Мончегорск,47715000111
Мурманская область,657,43.537579908675795,37036.740916271716,657,Городской округ Ковдорский район,г. Ковдор,47703000001
Мурманская область,657,43.537579908675795,37036.740916271716,657,Городской округ город Апатиты с подведомственной территорией,г. Апатиты,47705000001
Мурманская область,657,43.537579908675795,37036.740916271716,657,Городской округ город Апатиты с подведомственной территорией,г. Апатиты,47705000001
Мурманская область,657,43.537579908675795,37036.740916271716,657,Городской округ город Кировск с подведомственной территорией,г. Кировск,47712000001
Мурманская область,657,43.537579908675795,37036.740916271716,657,Печенгский муниципальный район,г. Заполярный,47615103001
Мурманская область,657,43.537579908675795,37036.740916271716,657,Городской округ город Мончегорск с подведомственной территорией,г. Мончегорск,47715000111
Мурманская область,657,43.537579908675795,37036.740916271716,657,Городской округ город Мончегорск с подведомственной территорией,г. Мончегорск,47715000111
Мурманская область,657,43.537579908675795,37036.740916271716,657,Печенгский муниципальный район,пгт. Никель,47515000051
Мурманская область,657,43.537579908675795,37036.740916271716,657,Городской округ город Апатиты с подведомственной территорией,г. Апатиты,47705000001
Мурманская область,657,43.537579908675795,37036.740916271716,657,Городской округ город Кировск с подведомственной территорией,г. Кировск,47712000001
Мурманская область,657,43.537579908675795,37036.740916271716,657,Городской округ город Мончегорск с подведомственной территорией,г. Мончегорск,47715000111
Мурманская область,657,43.537579908675795,37036.740916271716,657,Печенгский муниципальный район,пгт. Никель,47515000051
Мурманская область,657,43.537579908675795,37036.740916271716,657,Печенгский муниципальный район,г. Заполярный,47615103001
Мурманская область,657,43.537579908675795,37036.740916271716,657,Городской округ город Мурманск,г. Мурманск,47701000001
Мурманская область,657,43.537579908675795,37036.740916271716,657,Городской округ город Мурманск,г. Мурманск,47701000001
Мурманская область,657,43.537579908675795,37036.740916271716,657,Городской округ город Мончегорск с подведомственной территорией,г. Мончегорск,47715000111
Мурманская область,657,43.537579908675795,37036.740916271716,657,Печенгский муниципальный район,пгт. Никель,47515000051
Мурманская область,657,43.537579908675795,37036.740916271716,657,Печенгский муниципальный район,г. Заполярный,47615103001
Мурманская область,657,43.537579908675795,37036.740916271716,657,Городской округ город Мончегорск с подведомственной территорией,г. Мончегорск,47715000111
Мурманская область,657,43.537579908675795,37036.740916271716,657,Городской округ город Мончегорск с подведомственной территорией,г. Мончегорск,47715000111
Мурманская область,657,43.537579908675795,37036.740916271716,657,Печенгский муниципальный район,пгт. Никель,47515000051
Мурманская область,657,43.537579908675795,37036.740916271716,657,Городской округ город Мончегорск с подведомственной территорией,г. Мончегорск,47715000111
Мурманская область,657,43.537579908675795,37036.740916271716,657,Городской округ город Мурманск,г. Мурманск,47701000001
Мурманская область,657,43.537579908675795,37036.740916271716,657,Городской округ город Мончегорск с подведомственной территорией,г. Мончегорск,47715000111
Мурманская область,657,43.537579908675795,37036.740916271716,657,Городской округ город Апатиты с подведомственной территорией,г. Апатиты,47705000001
Мурманская область,657,43.537579908675795,37036.740916271716,657,Городской округ город Апатиты с подведомственной территорией,г. Апатиты,47705000001
Мурманская область,657,43.537579908675795,37036.740916271716,657,Городской округ город Кировск с подведомственной территорией,г. Кировск,47712000001
Мурманская область,657,43.537579908675795,37036.740916271716,657,Городской округ город Апатиты с подведомственной территорией,г. Апатиты,47705000001
Мурманская область,657,43.537579908675795,37036.740916271716,657,Городской округ город Апатиты с подведомственной территорией,г. Апатиты,47705000001
Мурманская область,657,43.537579908675795,37036.740916271716,657,Городской округ город Кировск с подведомственной территорией,г. Кировск,47712000001
Мурманская область,657,43.537579908675795,37036.740916271716,657,Печенгский муниципальный район,пгт. Никель,47515000051
Мурманская область,657,43.537579908675795,37036.740916271716,657,Городской округ город Апатиты с подведомственной территорией,г. Апатиты,47705000001
Мурманская область,657,43.537579908675795,37036.740916271716,657,Городской округ город Апатиты с подведомственной территорией,г. Апатиты,47705000001
Мурманская область,657,43.537579908675795,37036.740916271716,657,Городской округ город Кировск с подведомственной территорией,г. Кировск,47712000001
Мурманская область,657,43.537579908675795,37036.740916271716,657,Печенгский муниципальный район,г. Заполярный,47615103001
Мурманская область,657,43.537579908675795,37036.740916271716,657,Городской округ город Мончегорск с подведомственной территорией,г. Мончегорск,47715000111
Мурманская область,657,43.537579908675795,37036.740916271716,657,Городской округ город Мончегорск с подведомственной территорией,г. Мончегорск,47715000111
Мурманская область,657,43.537579908675795,37036.740916271716,657,Городской округ город Апатиты с подведомственной территорией,г. Апатиты,47705000001
Мурманская область,657,43.537579908675795,37036.740916271716,657,Городской округ город Кировск с подведомственной территорией,г. Кировск,47712000001
Мурманская область,657,43.537579908675795,37036.740916271716,657,Городской округ город Мончегорск с подведомственной территорией,г. Мончегорск,47715000111
Мурманская область,657,43.537579908675795,37036.740916271716,657,Городской округ Ковдорский район,г. Ковдор,47703000001
Мурманская область,657,43.537579908675795,37036.740916271716,657,Городской округ город Апатиты с подведомственной территорией,г. Апатиты,47705000001
Мурманская область,657,43.537579908675795,37036.740916271716,657,Печенгский муниципальный район,пгт. Никель,47515000051
Мурманская область,657,43.537579908675795,37036.740916271716,657,Городской округ город Апатиты с подведомственной территорией,г. Апатиты,47705000001
Мурманская область,657,43.537579908675795,37036.740916271716,657,Печенгский муниципальный район,г. Заполярный,47615103001
Мурманская область,657,43.537579908675795,37036.740916271716,657,Городской округ город Мончегорск с подведомственной территорией,г. Мончегорск,47715000111
Мурманская область,657,43.537579908675795,37036.740916271716,657,Городской округ город Мончегорск с подведомственной территорией,г. Мончегорск,47715000111
Мурманская область,657,43.537579908675795,37036.740916271716,657,Городской округ город Апатиты с подведомственной территорией,г. Апатиты,47705000001
Мурманская область,657,43.537579908675795,37036.740916271716,657,Городской округ город Кировск с подведомственной территорией,г. Кировск,47712000001
Мурманская область,657,43.537579908675795,37036.740916271716,657,Печенгский муниципальный район,г. Заполярный,47615103001
Мурманская область,657,43.537579908675795,37036.740916271716,657,Городской округ город Мончегорск с подведомственной территорией,г. Мончегорск,47715000111
Мурманская область,657,43.537579908675795,37036.740916271716,657,Городской округ город Мончегорск с подведомственной территорией,г. Мончегорск,47715000111
Мурманская область,657,43.537579908675795,37036.740916271716,657,Городской округ город Кировск с подведомственной территорией,г. Кировск,47712000001
Мурманская область,657,43.537579908675795,37036.740916271716,657,Печенгский муниципальный район,г. Заполярный,47615103001
Мурманская область,657,43.537579908675795,37036.740916271716,657,Городской округ город Мурманск,г. Мурманск,47701000001
Мурманская область,657,43.537579908675795,37036.740916271716,657,Городской округ город Мончегорск с подведомственной территорией,г. Мончегорск,47715000111
Мурманская область,657,43.537579908675795,37036.740916271716,657,Городской округ город Мончегорск с подведомственной территорией,г. Мончегорск,47715000111
Мурманская область,657,43.537579908675795,37036.740916271716,657,Городской округ город Мончегорск с подведомственной территорией,г. Мончегорск,47715000111
Мурманская область,657,43.537579908675795,37036.740916271716,657,Городской округ город Мончегорск с подведомственной территорией,г. Мончегорск,47715000111
Мурманская область,657,43.537579908675795,37036.740916271716,657,Городской округ город Мончегорск с подведомственной территорией,г. Мончегорск,47715000111
Мурманская область,657,43.537579908675795,37036.740916271716,657,Печенгский муниципальный район,г. Заполярный,47615103001
Мурманская область,657,43.537579908675795,37036.740916271716,657,Городской округ город Мончегорск с подведомственной территорией,г. Мончегорск,47715000111
Мурманская область,657,43.537579908675795,37036.740916271716,657,Городской округ город Мончегорск с подведомственной территорией,г. Мончегорск,47715000111
Мурманская область,657,43.537579908675795,37036.740916271716,657,Городской округ город Мончегорск с подведомственной территорией,г. Мончегорск,47715000111
Мурманская область,657,43.537579908675795,37036.740916271716,657,Городской округ город Апатиты с подведомственной территорией,г. Апатиты,47705000001
Мурманская область,657,43.537579908675795,37036.740916271716,657,Городской округ город Кировск с подведомственной территорией,г. Кировск,47712000001
Мурманская область,657,43.537579908675795,37036.740916271716,657,Городской округ город Апатиты с подведомственной территорией,г. Апатиты,47705000001
Мурманская область,657,43.537579908675795,37036.740916271716,657,Ловозерский муниципальный район,с. Ловозеро,47610401101
Мурманская область,657,43.537579908675795,37036.740916271716,657,Городской округ город Апатиты с подведомственной территорией,г. Апатиты,47705000001
Мурманская область,657,43.537579908675795,37036.740916271716,657,Городской округ город Кировск с подведомственной территорией,г. Кировск,47712000001
Мурманская область,657,43.537579908675795,37036.740916271716,657,Городской округ город Мурманск,г. Мурманск,47701000001
Мурманская область,657,43.537579908675795,37036.740916271716,657,Городской округ город Апатиты с подведомственной территорией,г. Апатиты,47705000001
Мурманская область,657,43.537579908675795,37036.740916271716,657,Городской округ город Кировск с подведомственной территорией,г. Кировск,47712000001
Мурманская область,657,43.537579908675795,37036.740916271716,657,Городской округ город Апатиты с подведомственной территорией,г. Апатиты,47705000001
Мурманская область,657,43.537579908675795,37036.740916271716,657,Городской округ город Апатиты с подведомственной территорией,г. Апатиты,47705000001
Мурманская область,657,43.537579908675795,37036.740916271716,657,Городской округ город Кировск с подведомственной территорией,г. Кировск,47712000001
Мурманская область,657,43.537579908675795,37036.740916271716,657,Городской округ город Мончегорск с подведомственной территорией,г. Мончегорск,47715000111
Мурманская область,657,43.537579908675795,37036.740916271716,657,Городской округ город Апатиты с подведомственной территорией,г. Апатиты,47705000001
Мурманская область,657,43.537579908675795,37036.740916271716,657,Городской округ город Кировск с подведомственной территорией,г. Кировск,47712000001
Мурманская область,657,43.537579908675795,37036.740916271716,657,Городской округ город Мончегорск с подведомственной территорией,г. Мончегорск,47715000111
Мурманская область,657,43.537579908675795,37036.740916271716,657,Печенгский муниципальный район,пгт. Никель,47515000051
Мурманская область,657,43.537579908675795,37036.740916271716,657,Городской округ город Кировск с подведомственной территорией,г. Кировск,47712000001
Мурманская область,657,43.537579908675795,37036.740916271716,657,Городской округ город Мурманск,г. Мурманск,47701000001
Мурманская область,657,43.537579908675795,37036.740916271716,657,Городской округ город Мурманск,г. Мурманск,47701000001
Мурманская область,657,43.537579908675795,37036.740916271716,657,Городской округ город Мончегорск с подведомственной территорией,г. Мончегорск,47715000111
Мурманская область,657,43.537579908675795,37036.740916271716,657,Печенгский муниципальный район,пгт. Никель,47515000051
Мурманская область,657,43.537579908675795,37036.740916271716,657,Печенгский муниципальный район,пгт. Никель,47515000051
Мурманская область,657,43.537579908675795,37036.740916271716,657,Печенгский муниципальный район,г. Заполярный,47615103001
Мурманская область,657,43.537579908675795,37036.740916271716,657,Городской округ город Мончегорск с подведомственной территорией,г. Мончегорск,47715000111
Мурманская область,657,43.537579908675795,37036.740916271716,657,Печенгский муниципальный район,пгт. Никель,47515000051
Мурманская область,657,43.537579908675795,37036.740916271716,657,Печенгский муниципальный район,г. Заполярный,47615103001
Мурманская область,657,43.537579908675795,37036.740916271716,657,Печенгский муниципальный район,пгт. Никель,47515000051
Мурманская область,657,43.537579908675795,37036.740916271716,657,Печенгский муниципальный район,пгт. Никель,47515000051
Мурманская область,657,43.537579908675795,37036.740916271716,657,Печенгский муниципальный район,пгт. Никель,47515000051
Мурманская область,657,43.537579908675795,37036.740916271716,657,Печенгский муниципальный район,г. Заполярный,47615103001
Мурманская область,657,43.537579908675795,37036.740916271716,657,Городской округ город Мурманск,г. Мурманск,47701000001
Мурманская область,657,43.537579908675795,37036.740916271716,657,Печенгский муниципальный район,пгт. Никель,47515000051
Мурманская область,657,43.537579908675795,37036.740916271716,657,Городской округ город Мончегорск с подведомственной территорией,г. Мончегорск,47715000111
Мурманская область,657,43.537579908675795,37036.740916271716,657,Печенгский муниципальный район,пгт. Никель,47515000051
Мурманская область,657,43.537579908675795,37036.740916271716,657,Городской округ город Апатиты с подведомственной территорией,г. Апатиты,47705000001
Мурманская область,657,43.537579908675795,37036.740916271716,657,Городской округ город Кировск с подведомственной территорией,г. Кировск,47712000001
Мурманская область,657,43.537579908675795,37036.740916271716,657,Городской округ город Апатиты с подведомственной территорией,г. Апатиты,47705000001
Мурманская область,657,43.537579908675795,37036.740916271716,657,Городской округ город Кировск с подведомственной территорией,г. Кировск,47712000001
Мурманская область,657,43.537579908675795,37036.740916271716,657,Городской округ город Мурманск,г. Мурманск,47701000001
Мурманская область,657,43.537579908675795,37036.740916271716,657,Городской округ город Апатиты с подведомственной территорией,г. Апатиты,47705000001
Мурманская область,657,43.537579908675795,37036.740916271716,657,Городской округ город Мончегорск с подведомственной территорией,г. Мончегорск,47715000111
Мурманская область,657,43.537579908675795,37036.740916271716,657,Городской округ город Апатиты с подведомственной территорией,г. Апатиты,47705000001
Мурманская область,657,43.537579908675795,37036.740916271716,657,Городской округ город Кировск с подведомственной территорией,г. Кировск,47712000001
Мурманская область,657,43.537579908675795,37036.740916271716,657,Печенгский муниципальный район,г. Заполярный,47615103001
Мурманская область,657,43.537579908675795,37036.740916271716,657,Городской округ город Апатиты с подведомственной территорией,г. Апатиты,47705000001
Мурманская область,657,43.537579908675795,37036.740916271716,657,Городской округ город Мончегорск с подведомственной территорией,г. Мончегорск,47715000111
Мурманская область,657,43.537579908675795,37036.740916271716,657,Городской округ город Апатиты с подведомственной территорией,г. Апатиты,47705000001
Мурманская область,657,43.537579908675795,37036.740916271716,657,Городской округ город Кировск с подведомственной территорией,г. Кировск,47712000001
Мурманская область,657,43.537579908675795,37036.740916271716,657,Печенгский муниципальный район,г. Заполярный,47615103001
Мурманская область,657,43.537579908675795,37036.740916271716,657,Городской округ город Мончегорск с подведомственной территорией,г. Мончегорск,47715000111
Мурманская область,657,43.537579908675795,37036.740916271716,657,Городской округ город Апатиты с подведомственной территорией,г. Апатиты,47705000001
Мурманская область,657,43.537579908675795,37036.740916271716,657,Городской округ город Кировск с подведомственной территорией,г. Кировск,47712000001
Мурманская область,657,43.537579908675795,37036.740916271716,657,Городской округ Ковдорский район,г. Ковдор,47703000001
Мурманская область,657,43.537579908675795,37036.740916271716,657,Ловозерский муниципальный район,с. Ловозеро,47610401101
Мурманская область,657,43.537579908675795,37036.740916271716,657,Ловозерский муниципальный район,с. Ловозеро,47610401101
Мурманская область,657,43.537579908675795,37036.740916271716,657,Печенгский муниципальный район,г. Заполярный,47615103001
Мурманская область,657,43.537579908675795,37036.740916271716,657,Городской округ город Мурманск,г. Мурманск,47701000001
Мурманская область,657,43.537579908675795,37036.740916271716,657,Городской округ город Мурманск,г. Мурманск,47701000001
Мурманская область,657,43.537579908675795,37036.740916271716,657,Городской округ город Мончегорск с подведомственной территорией,г. Мончегорск,47715000111
Мурманская область,657,43.537579908675795,37036.740916271716,657,Печенгский муниципальный район,г. Заполярный,47615103001
Мурманская область,657,43.537579908675795,37036.740916271716,657,Городской округ город Мончегорск с подведомственной территорией,г. Мончегорск,47715000111
Мурманская область,657,43.537579908675795,37036.740916271716,657,Печенгский муниципальный район,г. Заполярный,47615103001
Мурманская область,657,43.537579908675795,37036.740916271716,657,Печенгский муниципальный район,г. Заполярный,47615103001
Мурманская область,657,43.537579908675795,37036.740916271716,657,Городской округ город Мурманск,г. Мурманск,47701000001
Мурманская область,657,43.537579908675795,37036.740916271716,657,Городской округ город Апатиты с подведомственной территорией,г. Апатиты,47705000001
Мурманская область,657,43.537579908675795,37036.740916271716,657,Городской округ город Кировск с подведомственной территорией,г. Кировск,47712000001
Мурманская область,657,43.537579908675795,37036.740916271716,657,Городской округ город Апатиты с подведомственной территорией,г. Апатиты,47705000001
Мурманская область,657,43.537579908675795,37036.740916271716,657,Городской округ город Кировск с подведомственной территорией,г. Кировск,47712000001
Мурманская область,657,43.537579908675795,37036.740916271716,657,Городской округ город Мурманск,г. Мурманск,47701000001
Мурманская область,657,43.537579908675795,37036.740916271716,657,Городской округ город Мурманск,г. Мурманск,47701000001
Мурманская область,657,43.537579908675795,37036.740916271716,657,Городской округ город Апатиты с подведомственной территорией,г. Апатиты,47705000001
Мурманская область,657,43.537579908675795,37036.740916271716,657,Городской округ город Апатиты с подведомственной территорией,г. Апатиты,47705000001
Мурманская область,657,43.537579908675795,37036.740916271716,657,Городской округ город Кировск с подведомственной территорией,г. Кировск,47712000001
Мурманская область,657,43.537579908675795,37036.740916271716,657,Городской округ город Мурманск,г. Мурманск,47701000001
Мурманская область,657,43.537579908675795,37036.740916271716,657,Городской округ город Апатиты с подведомственной территорией,г. Апатиты,47705000001
Мурманская область,657,43.537579908675795,37036.740916271716,657,Городской округ город Мончегорск с подведомственной территорией,г. Мончегорск,47715000111
Мурманская область,657,43.537579908675795,37036.740916271716,657,Городской округ город Мончегорск с подведомственной территорией,г. Мончегорск,47715000111
Мурманская область,657,43.537579908675795,37036.740916271716,657,Печенгский муниципальный район,пгт. Никель,47515000051
Мурманская область,657,43.537579908675795,37036.740916271716,657,Печенгский муниципальный район,г. Заполярный,47615103001
Мурманская область,657,43.537579908675795,37036.740916271716,657,Печенгский муниципальный район,нп. Корзуново,47615406101
Мурманская область,657,43.537579908675795,37036.740916271716,657,Городской округ город Мончегорск с подведомственной территорией,г. Мончегорск,47715000111
Мурманская область,657,43.537579908675795,37036.740916271716,657,Городской округ город Кировск с подведомственной территорией,г. Кировск,47712000001
Мурманская область,657,43.537579908675795,37036.740916271716,657,Печенгский муниципальный район,г. Заполярный,47615103001
Мурманская область,657,43.537579908675795,37036.740916271716,657,Печенгский муниципальный район,г. Заполярный,47615103001
Мурманская область,657,43.537579908675795,37036.740916271716,657,Городской округ город Мурманск,г. Мурманск,47701000001
Мурманская область,657,43.537579908675795,37036.740916271716,657,Городской округ город Мончегорск с подведомственной территорией,г. Мончегорск,47715000111
Мурманская область,657,43.537579908675795,37036.740916271716,657,Печенгский муниципальный район,г. Заполярный,47615103001
Мурманская область,657,43.537579908675795,37036.740916271716,657,Печенгский муниципальный район,пгт. Никель,47515000051
Мурманская область,657,43.537579908675795,37036.740916271716,657,Печенгский муниципальный район,пгт. Никель,47515000051
Мурманская область,657,43.537579908675795,37036.740916271716,657,Городской округ город Мончегорск с подведомственной территорией,г. Мончегорск,47715000111
Мурманская область,657,43.537579908675795,37036.740916271716,657,Печенгский муниципальный район,пгт. Никель,47515000051
Мурманская область,657,43.537579908675795,37036.740916271716,657,Печенгский муниципальный район,г. Заполярный,47615103001
Мурманская область,657,43.537579908675795,37036.740916271716,657,Городской округ город Мурманск,г. Мурманск,47701000001
Мурманская область,657,43.537579908675795,37036.740916271716,657,Городской округ город Мончегорск с подведомственной территорией,г. Мончегорск,47715000111
Мурманская область,657,43.537579908675795,37036.740916271716,657,Городской округ город Мончегорск с подведомственной территорией,г. Мончегорск,47715000111
Мурманская область,657,43.537579908675795,37036.740916271716,657,Печенгский муниципальный район,пгт. Никель,47515000051
Мурманская область,657,43.537579908675795,37036.740916271716,657,Городской округ город Мончегорск с подведомственной территорией,г. Мончегорск,47715000111
Мурманская область,657,43.537579908675795,37036.740916271716,657,Городской округ город Мончегорск с подведомственной территорией,г. Мончегорск,47715000111
Мурманская область,657,43.537579908675795,37036.740916271716,657,Городской округ город Апатиты с подведомственной территорией,г. Апатиты,47705000001
Мурманская область,657,43.537579908675795,37036.740916271716,657,Городской округ город Кировск с подведомственной территорией,г. Кировск,47712000001
Мурманская область,657,43.537579908675795,37036.740916271716,657,Печенгский муниципальный район,пгт. Никель,47515000051
Мурманская область,657,43.537579908675795,37036.740916271716,657,Городской округ город Апатиты с подведомственной территорией,г. Апатиты,47705000001
Мурманская область,657,43.537579908675795,37036.740916271716,657,Городской округ город Кировск с подведомственной территорией,г. Кировск,47712000001
Мурманская область,657,43.537579908675795,37036.740916271716,657,Печенгский муниципальный район,г. Заполярный,47615103001
Мурманская область,657,43.537579908675795,37036.740916271716,657,Городской округ город Мурманск,г. Мурманск,47701000001
Мурманская область,657,43.537579908675795,37036.740916271716,657,Городской округ город Мончегорск с подведомственной территорией,г. Мончегорск,47715000111
Мурманская область,657,43.537579908675795,37036.740916271716,657,Печенгский муниципальный район,г. Заполярный,47615103001
Мурманская область,657,43.537579908675795,37036.740916271716,657,Городской округ город Мончегорск с подведомственной территорией,г. Мончегорск,47715000111
Мурманская область,657,43.537579908675795,37036.740916271716,657,Кандалакшский муниципальный район,г. Кандалакша,47608101001
Мурманская область,657,43.537579908675795,37036.740916271716,657,Городской округ город Апатиты с подведомственной территорией,г. Апатиты,47705000001
Мурманская область,657,43.537579908675795,37036.740916271716,657,Городской округ город Кировск с подведомственной территорией,г. Кировск,47712000001
Мурманская область,657,43.537579908675795,37036.740916271716,657,Печенгский муниципальный район,пгт. Никель,47515000051
Мурманская область,657,43.537579908675795,37036.740916271716,657,Городской округ город Апатиты с подведомственной территорией,г. Апатиты,47705000001
Мурманская область,657,43.537579908675795,37036.740916271716,657,Печенгский муниципальный район,г. Заполярный,47615103001
Мурманская область,657,43.537579908675795,37036.740916271716,657,Городской округ город Мурманск,г. Мурманск,47701000001
Мурманская область,657,43.537579908675795,37036.740916271716,657,Городской округ город Мончегорск с подведомственной территорией,г. Мончегорск,47715000111
Мурманская область,657,43.537579908675795,37036.740916271716,657,Печенгский муниципальный район,пгт. Никель,47515000051
Мурманская область,657,43.537579908675795,37036.740916271716,657,Городской округ город Апатиты с подведомственной территорией,г. Апатиты,47705000001
Мурманская область,657,43.537579908675795,37036.740916271716,657,Печенгский муниципальный район,г. Заполярный,47615103001
Мурманская область,657,43.537579908675795,37036.740916271716,657,Печенгский муниципальный район,г. Заполярный,47615103001
Мурманская область,657,43.537579908675795,37036.740916271716,657,Печенгский муниципальный район,г. Заполярный,47615103001
Мурманская область,657,43.537579908675795,37036.740916271716,657,Печенгский муниципальный район,нп. Корзуново,47615406101
Мурманская область,657,43.537579908675795,37036.740916271716,657,Городской округ город Мончегорск с подведомственной территорией,г. Мончегорск,47715000111
Мурманская область,657,43.537579908675795,37036.740916271716,657,Городской округ город Мончегорск с подведомственной территорией,г. Мончегорск,47715000111
Мурманская область,657,43.537579908675795,37036.740916271716,657,Печенгский муниципальный район,пгт. Никель,47515000051
Мурманская область,657,43.537579908675795,37036.740916271716,657,Печенгский муниципальный район,пгт. Никель,47515000051
Мурманская область,657,43.537579908675795,37036.740916271716,657,Городской округ город Апатиты с подведомственной территорией,г. Апатиты,47705000001
Мурманская область,657,43.537579908675795,37036.740916271716,657,Городской округ город Кировск с подведомственной территорией,г. Кировск,47712000001
Мурманская область,657,43.537579908675795,37036.740916271716,657,Печенгский муниципальный район,нп. Корзуново,47615406101
Мурманская область,657,43.537579908675795,37036.740916271716,657,Городской округ город Мончегорск с подведомственной территорией,г. Мончегорск,47715000111
Мурманская область,657,43.537579908675795,37036.740916271716,657,Городской округ Ковдорский район,г. Ковдор,47703000001
Мурманская область,657,43.537579908675795,37036.740916271716,657,Городской округ город Кировск с подведомственной территорией,г. Кировск,47712000001
Мурманская область,657,43.537579908675795,37036.740916271716,657,Городской округ город Мурманск,г. Мурманск,47701000001
Мурманская область,657,43.537579908675795,37036.740916271716,657,Городской округ город Мончегорск с подведомственной территорией,г. Мончегорск,47715000111
Мурманская область,657,43.537579908675795,37036.740916271716,657,Печенгский муниципальный район,пгт. Никель,47515000051
Мурманская область,657,43.537579908675795,37036.740916271716,657,Городской округ город Мончегорск с подведомственной территорией,г. Мончегорск,47715000111
Мурманская область,657,43.537579908675795,37036.740916271716,657,Печенгский муниципальный район,пгт. Никель,47515000051
Мурманская область,657,43.537579908675795,37036.740916271716,657,Печенгский муниципальный район,г. Заполярный,47615103001
Мурманская область,657,43.537579908675795,37036.740916271716,657,Печенгский муниципальный район,пгт. Никель,47515000051
Мурманская область,657,43.537579908675795,37036.740916271716,657,Городской округ город Мурманск,г. Мурманск,47701000001
Мурманская область,657,43.537579908675795,37036.740916271716,657,Городской округ город Мурманск,г. Мурманск,47701000001
Мурманская область,657,43.537579908675795,37036.740916271716,657,Печенгский муниципальный район,пгт. Никель,47515000051
Мурманская область,657,43.537579908675795,37036.740916271716,657,Городской округ город Апатиты с подведомственной территорией,г. Апатиты,47705000001
Мурманская область,657,43.537579908675795,37036.740916271716,657,Городской округ город Апатиты с подведомственной территорией,г. Апатиты,47705000001
Мурманская область,657,43.537579908675795,37036.740916271716,657,Городской округ город Кировск с подведомственной территорией,г. Кировск,47712000001
Мурманская область,657,43.537579908675795,37036.740916271716,657,Городской округ город Мончегорск с подведомственной территорией,г. Мончегорск,47715000111
Мурманская область,657,43.537579908675795,37036.740916271716,657,Городской округ город Апатиты с подведомственной территорией,г. Апатиты,47705000001
Мурманская область,657,43.537579908675795,37036.740916271716,657,Городской округ город Кировск с подведомственной территорией,г. Кировск,47712000001
Мурманская область,657,43.537579908675795,37036.740916271716,657,Городской округ город Мурманск,г. Мурманск,47701000001
Мурманская область,657,43.537579908675795,37036.740916271716,657,Городской округ город Апатиты с подведомственной территорией,г. Апатиты,47705000001
Мурманская область,657,43.537579908675795,37036.740916271716,657,Городской округ город Кировск с подведомственной территорией,г. Кировск,47712000001
Мурманская область,657,43.537579908675795,37036.740916271716,657,Печенгский муниципальный район,г. Заполярный,47615103001
Мурманская область,657,43.537579908675795,37036.740916271716,657,Городской округ город Мурманск,г. Мурманск,47701000001
Мурманская область,657,43.537579908675795,37036.740916271716,657,Городской округ город Мончегорск с подведомственной территорией,г. Мончегорск,47715000111
Мурманская область,657,43.537579908675795,37036.740916271716,657,Городской округ город Апатиты с подведомственной территорией,г. Апатиты,47705000001
Мурманская область,657,43.537579908675795,37036.740916271716,657,Печенгский муниципальный район,г. Заполярный,47615103001
Мурманская область,657,43.537579908675795,37036.740916271716,657,Городской округ город Апатиты с подведомственной территорией,г. Апатиты,47705000001
Мурманская область,657,43.537579908675795,37036.740916271716,657,Городской округ город Кировск с подведомственной территорией,г. Кировск,47712000001
Мурманская область,657,43.537579908675795,37036.740916271716,657,Печенгский муниципальный район,пгт. Никель,47515000051
Мурманская область,657,43.537579908675795,37036.740916271716,657,Городской округ город Апатиты с подведомственной территорией,г. Апатиты,47705000001
Мурманская область,657,43.537579908675795,37036.740916271716,657,Городской округ город Кировск с подведомственной территорией,г. Кировск,47712000001
Мурманская область,657,43.537579908675795,37036.740916271716,657,Городской округ Ковдорский район,г. Ковдор,47703000001
Мурманская область,657,43.537579908675795,37036.740916271716,657,Городской округ город Кировск с подведомственной территорией,г. Кировск,47712000001
Мурманская область,657,43.537579908675795,37036.740916271716,657,Печенгский муниципальный район,г. Заполярный,47615103001
Мурманская область,657,43.537579908675795,37036.740916271716,657,Печенгский муниципальный район,г. Заполярный,47615103001
Мурманская область,657,43.537579908675795,37036.740916271716,657,Печенгский муниципальный район,нп. Корзуново,47615406101
Мурманская область,657,43.537579908675795,37036.740916271716,657,Городской округ город Мончегорск с подведомственной территорией,г. Мончегорск,47715000111
Мурманская область,657,43.537579908675795,37036.740916271716,657,Городской округ город Мончегорск с подведомственной территорией,г. Мончегорск,47715000111
Мурманская область,657,43.537579908675795,37036.740916271716,657,Печенгский муниципальный район,нп. Луостари,47615406116
Мурманская область,657,43.537579908675795,37036.740916271716,657,Печенгский муниципальный район,пгт. Никель,47515000051
Мурманская область,657,43.537579908675795,37036.740916271716,657,Печенгский муниципальный район,г. Заполярный,47615103001
Мурманская область,657,43.537579908675795,37036.740916271716,657,Городской округ город Мончегорск с подведомственной территорией,г. Мончегорск,47715000111
Мурманская область,657,43.537579908675795,37036.740916271716,657,Печенгский муниципальный район,пгт. Никель,47515000051
Мурманская область,657,43.537579908675795,37036.740916271716,657,Печенгский муниципальный район,г. Заполярный,47615103001
Мурманская область,657,43.537579908675795,37036.740916271716,657,Городской округ город Мончегорск с подведомственной территорией,г. Мончегорск,47715000111
Мурманская область,657,43.537579908675795,37036.740916271716,657,Городской округ город Мончегорск с подведомственной территорией,г. Мончегорск,47715000111
Мурманская область,657,43.537579908675795,37036.740916271716,657,Печенгский муниципальный район,пгт. Никель,47515000051
Мурманская область,657,43.537579908675795,37036.740916271716,657,Городской округ город Мончегорск с подведомственной территорией,г. Мончегорск,47715000111
Мурманская область,657,43.537579908675795,37036.740916271716,657,Городской округ город Мончегорск с подведомственной территорией,г. Мончегорск,47715000111
Мурманская область,657,43.537579908675795,37036.740916271716,657,Печенгский муниципальный район,нп. Луостари,47615406116
Мурманская область,657,43.537579908675795,37036.740916271716,657,Городской округ город Апатиты с подведомственной территорией,г. Апатиты,47705000001
Мурманская область,657,43.537579908675795,37036.740916271716,657,Городской округ город Кировск с подведомственной территорией,г. Кировск,47712000001
Мурманская область,657,43.537579908675795,37036.740916271716,657,Городской округ город Апатиты с подведомственной территорией,г. Апатиты,47705000001
Мурманская область,657,43.537579908675795,37036.740916271716,657,Городской округ город Кировск с подведомственной территорией,г. Кировск,47712000001
Мурманская область,657,43.537579908675795,37036.740916271716,657,Печенгский муниципальный район,г. Заполярный,47615103001
Мурманская область,657,43.537579908675795,37036.740916271716,657,Городской округ город Мончегорск с подведомственной территорией,г. Мончегорск,47715000111
Мурманская область,657,43.537579908675795,37036.740916271716,657,Городской округ город Мончегорск с подведомственной территорией,г. Мончегорск,47715000111
Мурманская область,657,43.537579908675795,37036.740916271716,657,Городской округ город Апатиты с подведомственной территорией,г. Апатиты,47705000001
Мурманская область,657,43.537579908675795,37036.740916271716,657,Городской округ город Мончегорск с подведомственной территорией,г. Мончегорск,47715000111
Мурманская область,657,43.537579908675795,37036.740916271716,657,Городской округ город Апатиты с подведомственной территорией,г. Апатиты,47705000001
Мурманская область,657,43.537579908675795,37036.740916271716,657,Городской округ город Мончегорск с подведомственной территорией,г. Мончегорск,47715000111
Мурманская область,657,43.537579908675795,37036.740916271716,657,Городской округ город Апатиты с подведомственной территорией,г. Апатиты,47705000001
Мурманская область,657,43.537579908675795,37036.740916271716,657,Городской округ город Кировск с подведомственной территорией,г. Кировск,47712000001
Мурманская область,657,43.537579908675795,37036.740916271716,657,Городской округ город Мурманск,г. Мурманск,47701000001
Мурманская область,657,43.537579908675795,37036.740916271716,657,Печенгский муниципальный район,нп. Корзуново,47615406101
Мурманская область,657,43.537579908675795,37036.740916271716,657,Городской округ город Мончегорск с подведомственной территорией,г. Мончегорск,47715000111
Мурманская область,657,43.537579908675795,37036.740916271716,657,Печенгский муниципальный район,нп. Луостари,47615406116
Мурманская область,657,43.537579908675795,37036.740916271716,657,Печенгский муниципальный район,пгт. Никель,47515000051
Мурманская область,657,43.537579908675795,37036.740916271716,657,Городской округ город Апатиты с подведомственной территорией,г. Апатиты,47705000001
Мурманская область,657,43.537579908675795,37036.740916271716,657,Городской округ город Кировск с подведомственной территорией,г. Кировск,47712000001
Мурманская область,657,43.537579908675795,37036.740916271716,657,Печенгский муниципальный район,пгт. Никель,47515000051
Мурманская область,657,43.537579908675795,37036.740916271716,657,Городской округ город Кировск с подведомственной территорией,г. Кировск,47712000001
Мурманская область,657,43.537579908675795,37036.740916271716,657,Печенгский муниципальный район,пгт. Никель,47515000051
Мурманская область,657,43.537579908675795,37036.740916271716,657,Городской округ город Мончегорск с подведомственной территорией,г. Мончегорск,47715000111
Мурманская область,657,43.537579908675795,37036.740916271716,657,Печенгский муниципальный район,пгт. Никель,47515000051
Ульяновская область,21,71.71428571428571,59.33333333333333,21,Мелекесский район,рп. Мулловка,73622153051
Ульяновская область,21,71.71428571428571,59.33333333333333,21,Мелекесский район,рп. Мулловка,73622153051
Ульяновская область,21,71.71428571428571,59.33333333333333,21,Мелекесский район,рп. Мулловка,73622153051
Ульяновская область,21,71.71428571428571,59.33333333333333,21,Мелекесский район,рп. Мулловка,73622153051
Ульяновская область,21,71.71428571428571,59.33333333333333,21,Мелекесский район,рп. Мулловка,73622153051
Ульяновская область,21,71.71428571428571,59.33333333333333,21,Мелекесский район,рп. Мулловка,73622153051
Ульяновская область,21,71.71428571428571,59.33333333333333,21,Мелекесский район,рп. Мулловка,73622153051
Ульяновская область,21,71.71428571428571,59.33333333333333,21,Мелекесский район,рп. Мулловка,73622153051
Ульяновская область,21,71.71428571428571,59.33333333333333,21,Мелекесский район,рп. Мулловка,73622153051
Ульяновская область,21,71.71428571428571,59.33333333333333,21,Мелекесский район,рп. Мулловка,73622153051
Ульяновская область,21,71.71428571428571,59.33333333333333,21,Мелекесский район,рп. Мулловка,73622153051
Ульяновская область,21,71.71428571428571,59.33333333333333,21,Мелекесский район,рп. Мулловка,73622153051
Ульяновская область,21,71.71428571428571,59.33333333333333,21,Мелекесский район,рп. Мулловка,73622153051
Ульяновская область,21,71.71428571428571,59.33333333333333,21,Мелекесский район,рп. Мулловка,73622153051
Ульяновская область,21,71.71428571428571,59.33333333333333,21,Мелекесский район,рп. Мулловка,73622153051
Ульяновская область,21,71.71428571428571,59.33333333333333,21,Мелекесский район,рп. Мулловка,73622153051
Ульяновская область,21,71.71428571428571,59.33333333333333,21,Мелекесский район,рп. Мулловка,73622153051
Ульяновская область,21,71.71428571428571,59.33333333333333,21,Мелекесский район,рп. Мулловка,73622153051
Ульяновская область,21,71.71428571428571,59.33333333333333,21,Мелекесский район,рп. Мулловка,73622153051
Ульяновская область,21,71.71428571428571,59.33333333333333,21,Мелекесский район,рп. Мулловка,73622153051
Ульяновская область,21,71.71428571428571,59.33333333333333,21,Мелекесский район,рп. Мулловка,73622153051
Липецкая область,1,0.5,0.0,1,Усманский район,с. Новоуглянка,42648424106
Чувашская Республика - Чувашия,2,87.335,0.0,2,Алатырь,г. Алатырь,97704000001
Чувашская Республика - Чувашия,2,87.335,0.0,2,Алатырь,г. Алатырь,97704000001
